[25/03/2026  6:29:02,82] Iniciando... 
Traceback (most recent call last):
  File "g:\Meu Drive\offtrade\main.py", line 17, in main
    step("1/4 · Carregando metas e vendas (Oracle + Excel)")
  File "g:\Meu Drive\offtrade\main.py", line 6, in step
    print(f"\n{'\u2500' * 50}")
  File "C:\Users\LeonardoCampos\AppData\Local\Programs\Python\Python311\Lib\encodings\cp1252.py", line 19, in encode
    return codecs.charmap_encode(input,self.errors,encoding_table)[0]
           ^^^^^^^^^^^^^^^^^^^^^^^^^^^^^^^^^^^^^^^^^^^^^^^^^^^^^^^
UnicodeEncodeError: 'charmap' codec can't encode characters in position 2-51: character maps to <undefined>

==================================================
  OFFTRADE - 25/03/2026 06:29
==================================================

[ERRO] Falha na execução:
[25/03/2026  6:29:03,40] ERRO (codigo 1
---------------------------------------- 
[25/03/2026  6:31:16,48] Iniciando... 
Traceback (most recent call last):
  File "g:\Meu Drive\offtrade\.venv\Lib\site-packages\sqlalchemy\engine\base.py", line 1967, in _exec_single_context
    self.dialect.do_execute(
  File "g:\Meu Drive\offtrade\.venv\Lib\site-packages\sqlalchemy\engine\default.py", line 952, in do_execute
    cursor.execute(statement, parameters)
  File "g:\Meu Drive\offtrade\.venv\Lib\site-packages\oracledb\cursor.py", line 844, in execute
    impl.execute(self)
  File "src/oracledb/impl/thick/cursor.pyx", line 320, in oracledb.thick_impl.ThickCursorImpl.execute
  File "src/oracledb/impl/thick/utils.pyx", line 484, in oracledb.thick_impl._raise_from_odpi
  File "src/oracledb/impl/thick/utils.pyx", line 474, in oracledb.thick_impl._raise_from_info
oracledb.exceptions.DatabaseError: ORA-00923: FROM keyword not found where expected
Help: https://docs.oracle.com/error-help/db/ora-00923/

The above exception was the direct cause of the following exception:

Traceback (most recent call last):
  File "g:\Meu Drive\offtrade\.venv\Lib\site-packages\pandas\io\sql.py", line 1679, in execute
    return execute_function(sql, *args)
           ^^^^^^^^^^^^^^^^^^^^^^^^^^^^
  File "g:\Meu Drive\offtrade\.venv\Lib\site-packages\sqlalchemy\engine\base.py", line 1779, in exec_driver_sql
    ret = self._execute_context(
          ^^^^^^^^^^^^^^^^^^^^^^
  File "g:\Meu Drive\offtrade\.venv\Lib\site-packages\sqlalchemy\engine\base.py", line 1846, in _execute_context
    return self._exec_single_context(
           ^^^^^^^^^^^^^^^^^^^^^^^^^^
  File "g:\Meu Drive\offtrade\.venv\Lib\site-packages\sqlalchemy\engine\base.py", line 1986, in _exec_single_context
    self._handle_dbapi_exception(
  File "g:\Meu Drive\offtrade\.venv\Lib\site-packages\sqlalchemy\engine\base.py", line 2363, in _handle_dbapi_exception
    raise sqlalchemy_exception.with_traceback(exc_info[2]) from e
  File "g:\Meu Drive\offtrade\.venv\Lib\site-packages\sqlalchemy\engine\base.py", line 1967, in _exec_single_context
    self.dialect.do_execute(
  File "g:\Meu Drive\offtrade\.venv\Lib\site-packages\sqlalchemy\engine\default.py", line 952, in do_execute
    cursor.execute(statement, parameters)
  File "g:\Meu Drive\offtrade\.venv\Lib\site-packages\oracledb\cursor.py", line 844, in execute
    impl.execute(self)
  File "src/oracledb/impl/thick/cursor.pyx", line 320, in oracledb.thick_impl.ThickCursorImpl.execute
  File "src/oracledb/impl/thick/utils.pyx", line 484, in oracledb.thick_impl._raise_from_odpi
  File "src/oracledb/impl/thick/utils.pyx", line 474, in oracledb.thick_impl._raise_from_info
sqlalchemy.exc.DatabaseError: (oracledb.exceptions.DatabaseError) ORA-00923: FROM keyword not found where expected
Help: https://docs.oracle.com/error-help/db/ora-00923/
[SQL: 
        SELECT
            C.CODCLI,
            C.CLIENTE,
            C.BAIRROENT
            C.FANTASIA
            C.RCA,
            C.RCA2,
            C.DTULTCOMP,
            C.NOTA_ULT_VENDA,
            M.CODPROD,
            M.CODUSUR,
            (M.PUNIT * M.QT) AS FATURAMENTO,
            P.DESCRICAO,
            P.CODFORNEC,
            F.FORNECEDOR,
            F.FANTASIA,
            U1.NOME AS NOME_RCA,
            U2.NOME AS NOME_RCA2
        FROM CRC.PBI_PCCLIENT C
        LEFT JOIN CRC.PCMOV M ON (C.CODCLI = M.CODCLI AND C.NOTA_ULT_VENDA = M.NUMNOTA)
        LEFT JOIN CRC.PCPRODUT P ON (M.CODPROD = P.CODPROD)
        LEFT JOIN CRC.PCFORNEC F ON (P.CODFORNEC = F.CODFORNEC)
        LEFT JOIN CRC.PCUSUARI U1 ON (C.RCA = U1.CODUSUR)
        LEFT JOIN CRC.PCUSUARI U2 ON (C.RCA2 = U2.CODUSUR)
        WHERE C.DTULTCOMP IS NOT NULL
        AND (U1.NOME LIKE '%OFF TRADE%' OR U2.NOME LIKE '%OFF TRADE%')
        ORDER BY C.DTULTCOMP DESC
]
(Background on this error at: https://sqlalche.me/e/20/4xp6)

The above exception was the direct cause of the following exception:

Traceback (most recent call last):
  File "g:\Meu Drive\offtrade\main.py", line 21, in main
    import exportacao_meta
  File "g:\Meu Drive\offtrade\exportacao_meta.py", line 7, in <module>
    import nao_positivados as _np_mod
  File "g:\Meu Drive\offtrade\nao_positivados.py", line 40, in <module>
    pd.read_sql(_query_clientes("CRC"),      con=engine,         dtype=str),
    ^^^^^^^^^^^^^^^^^^^^^^^^^^^^^^^^^^^^^^^^^^^^^^^^^^^^^^^^^^^^^^^^^^^^^^^
  File "g:\Meu Drive\offtrade\.venv\Lib\site-packages\pandas\io\sql.py", line 730, in read_sql
    return pandas_sql.read_query(
           ^^^^^^^^^^^^^^^^^^^^^^
  File "g:\Meu Drive\offtrade\.venv\Lib\site-packages\pandas\io\sql.py", line 1856, in read_query
    result = self.execute(sql, params)
             ^^^^^^^^^^^^^^^^^^^^^^^^^
  File "g:\Meu Drive\offtrade\.venv\Lib\site-packages\pandas\io\sql.py", line 1681, in execute
    raise DatabaseError(f"Execution failed on sql '{sql}': {exc}") from exc
pandas.errors.DatabaseError: Execution failed on sql '
        SELECT
            C.CODCLI,
            C.CLIENTE,
            C.BAIRROENT
            C.FANTASIA
            C.RCA,
            C.RCA2,
            C.DTULTCOMP,
            C.NOTA_ULT_VENDA,
            M.CODPROD,
            M.CODUSUR,
            (M.PUNIT * M.QT) AS FATURAMENTO,
            P.DESCRICAO,
            P.CODFORNEC,
            F.FORNECEDOR,
            F.FANTASIA,
            U1.NOME AS NOME_RCA,
            U2.NOME AS NOME_RCA2
        FROM CRC.PBI_PCCLIENT C
        LEFT JOIN CRC.PCMOV M ON (C.CODCLI = M.CODCLI AND C.NOTA_ULT_VENDA = M.NUMNOTA)
        LEFT JOIN CRC.PCPRODUT P ON (M.CODPROD = P.CODPROD)
        LEFT JOIN CRC.PCFORNEC F ON (P.CODFORNEC = F.CODFORNEC)
        LEFT JOIN CRC.PCUSUARI U1 ON (C.RCA = U1.CODUSUR)
        LEFT JOIN CRC.PCUSUARI U2 ON (C.RCA2 = U2.CODUSUR)
        WHERE C.DTULTCOMP IS NOT NULL
        AND (U1.NOME LIKE '%OFF TRADE%' OR U2.NOME LIKE '%OFF TRADE%')
        ORDER BY C.DTULTCOMP DESC
': (oracledb.exceptions.DatabaseError) ORA-00923: FROM keyword not found where expected
Help: https://docs.oracle.com/error-help/db/ora-00923/
[SQL: 
        SELECT
            C.CODCLI,
            C.CLIENTE,
            C.BAIRROENT
            C.FANTASIA
            C.RCA,
            C.RCA2,
            C.DTULTCOMP,
            C.NOTA_ULT_VENDA,
            M.CODPROD,
            M.CODUSUR,
            (M.PUNIT * M.QT) AS FATURAMENTO,
            P.DESCRICAO,
            P.CODFORNEC,
            F.FORNECEDOR,
            F.FANTASIA,
            U1.NOME AS NOME_RCA,
            U2.NOME AS NOME_RCA2
        FROM CRC.PBI_PCCLIENT C
        LEFT JOIN CRC.PCMOV M ON (C.CODCLI = M.CODCLI AND C.NOTA_ULT_VENDA = M.NUMNOTA)
        LEFT JOIN CRC.PCPRODUT P ON (M.CODPROD = P.CODPROD)
        LEFT JOIN CRC.PCFORNEC F ON (P.CODFORNEC = F.CODFORNEC)
        LEFT JOIN CRC.PCUSUARI U1 ON (C.RCA = U1.CODUSUR)
        LEFT JOIN CRC.PCUSUARI U2 ON (C.RCA2 = U2.CODUSUR)
        WHERE C.DTULTCOMP IS NOT NULL
        AND (U1.NOME LIKE '%OFF TRADE%' OR U2.NOME LIKE '%OFF TRADE%')
        ORDER BY C.DTULTCOMP DESC
]
(Background on this error at: https://sqlalche.me/e/20/4xp6)

==================================================
  OFFTRADE - 25/03/2026 06:31
==================================================

--------------------------------------------------
  1/4 - Carregando metas e vendas (Oracle + Excel)
--------------------------------------------------

--------------------------------------------------
  2/4 - Exportando dashboard HTML (metas_data.js)
--------------------------------------------------

[ERRO] Falha na execução:
[25/03/2026  6:31:33,23] ERRO (codigo 1
---------------------------------------- 
[25/03/2026  6:32:56,88] Iniciando... 
g:\Meu Drive\offtrade\exportacao_meta.py:53: UserWarning: DataFrame columns are not unique, some columns will be omitted.
  prods = grp[grp['DTULTCOMP'] == dt][['FANTASIA', 'DESCRICAO']].drop_duplicates().to_dict('records')
g:\Meu Drive\offtrade\exportacao_meta.py:53: UserWarning: DataFrame columns are not unique, some columns will be omitted.
  prods = grp[grp['DTULTCOMP'] == dt][['FANTASIA', 'DESCRICAO']].drop_duplicates().to_dict('records')
g:\Meu Drive\offtrade\exportacao_meta.py:53: UserWarning: DataFrame columns are not unique, some columns will be omitted.
  prods = grp[grp['DTULTCOMP'] == dt][['FANTASIA', 'DESCRICAO']].drop_duplicates().to_dict('records')
g:\Meu Drive\offtrade\exportacao_meta.py:53: UserWarning: DataFrame columns are not unique, some columns will be omitted.
  prods = grp[grp['DTULTCOMP'] == dt][['FANTASIA', 'DESCRICAO']].drop_duplicates().to_dict('records')
g:\Meu Drive\offtrade\exportacao_meta.py:53: UserWarning: DataFrame columns are not unique, some columns will be omitted.
  prods = grp[grp['DTULTCOMP'] == dt][['FANTASIA', 'DESCRICAO']].drop_duplicates().to_dict('records')
g:\Meu Drive\offtrade\exportacao_meta.py:53: UserWarning: DataFrame columns are not unique, some columns will be omitted.
  prods = grp[grp['DTULTCOMP'] == dt][['FANTASIA', 'DESCRICAO']].drop_duplicates().to_dict('records')
g:\Meu Drive\offtrade\exportacao_meta.py:53: UserWarning: DataFrame columns are not unique, some columns will be omitted.
  prods = grp[grp['DTULTCOMP'] == dt][['FANTASIA', 'DESCRICAO']].drop_duplicates().to_dict('records')
g:\Meu Drive\offtrade\exportacao_meta.py:53: UserWarning: DataFrame columns are not unique, some columns will be omitted.
  prods = grp[grp['DTULTCOMP'] == dt][['FANTASIA', 'DESCRICAO']].drop_duplicates().to_dict('records')
g:\Meu Drive\offtrade\exportacao_meta.py:53: UserWarning: DataFrame columns are not unique, some columns will be omitted.
  prods = grp[grp['DTULTCOMP'] == dt][['FANTASIA', 'DESCRICAO']].drop_duplicates().to_dict('records')
g:\Meu Drive\offtrade\exportacao_meta.py:53: UserWarning: DataFrame columns are not unique, some columns will be omitted.
  prods = grp[grp['DTULTCOMP'] == dt][['FANTASIA', 'DESCRICAO']].drop_duplicates().to_dict('records')
g:\Meu Drive\offtrade\exportacao_meta.py:53: UserWarning: DataFrame columns are not unique, some columns will be omitted.
  prods = grp[grp['DTULTCOMP'] == dt][['FANTASIA', 'DESCRICAO']].drop_duplicates().to_dict('records')
g:\Meu Drive\offtrade\exportacao_meta.py:53: UserWarning: DataFrame columns are not unique, some columns will be omitted.
  prods = grp[grp['DTULTCOMP'] == dt][['FANTASIA', 'DESCRICAO']].drop_duplicates().to_dict('records')
g:\Meu Drive\offtrade\exportacao_meta.py:53: UserWarning: DataFrame columns are not unique, some columns will be omitted.
  prods = grp[grp['DTULTCOMP'] == dt][['FANTASIA', 'DESCRICAO']].drop_duplicates().to_dict('records')
g:\Meu Drive\offtrade\exportacao_meta.py:53: UserWarning: DataFrame columns are not unique, some columns will be omitted.
  prods = grp[grp['DTULTCOMP'] == dt][['FANTASIA', 'DESCRICAO']].drop_duplicates().to_dict('records')
g:\Meu Drive\offtrade\exportacao_meta.py:53: UserWarning: DataFrame columns are not unique, some columns will be omitted.
  prods = grp[grp['DTULTCOMP'] == dt][['FANTASIA', 'DESCRICAO']].drop_duplicates().to_dict('records')
g:\Meu Drive\offtrade\exportacao_meta.py:53: UserWarning: DataFrame columns are not unique, some columns will be omitted.
  prods = grp[grp['DTULTCOMP'] == dt][['FANTASIA', 'DESCRICAO']].drop_duplicates().to_dict('records')
g:\Meu Drive\offtrade\exportacao_meta.py:53: UserWarning: DataFrame columns are not unique, some columns will be omitted.
  prods = grp[grp['DTULTCOMP'] == dt][['FANTASIA', 'DESCRICAO']].drop_duplicates().to_dict('records')
g:\Meu Drive\offtrade\exportacao_meta.py:53: UserWarning: DataFrame columns are not unique, some columns will be omitted.
  prods = grp[grp['DTULTCOMP'] == dt][['FANTASIA', 'DESCRICAO']].drop_duplicates().to_dict('records')
g:\Meu Drive\offtrade\exportacao_meta.py:53: UserWarning: DataFrame columns are not unique, some columns will be omitted.
  prods = grp[grp['DTULTCOMP'] == dt][['FANTASIA', 'DESCRICAO']].drop_duplicates().to_dict('records')
g:\Meu Drive\offtrade\exportacao_meta.py:53: UserWarning: DataFrame columns are not unique, some columns will be omitted.
  prods = grp[grp['DTULTCOMP'] == dt][['FANTASIA', 'DESCRICAO']].drop_duplicates().to_dict('records')
g:\Meu Drive\offtrade\exportacao_meta.py:53: UserWarning: DataFrame columns are not unique, some columns will be omitted.
  prods = grp[grp['DTULTCOMP'] == dt][['FANTASIA', 'DESCRICAO']].drop_duplicates().to_dict('records')
g:\Meu Drive\offtrade\exportacao_meta.py:53: UserWarning: DataFrame columns are not unique, some columns will be omitted.
  prods = grp[grp['DTULTCOMP'] == dt][['FANTASIA', 'DESCRICAO']].drop_duplicates().to_dict('records')
g:\Meu Drive\offtrade\exportacao_meta.py:53: UserWarning: DataFrame columns are not unique, some columns will be omitted.
  prods = grp[grp['DTULTCOMP'] == dt][['FANTASIA', 'DESCRICAO']].drop_duplicates().to_dict('records')
g:\Meu Drive\offtrade\exportacao_meta.py:53: UserWarning: DataFrame columns are not unique, some columns will be omitted.
  prods = grp[grp['DTULTCOMP'] == dt][['FANTASIA', 'DESCRICAO']].drop_duplicates().to_dict('records')
g:\Meu Drive\offtrade\exportacao_meta.py:53: UserWarning: DataFrame columns are not unique, some columns will be omitted.
  prods = grp[grp['DTULTCOMP'] == dt][['FANTASIA', 'DESCRICAO']].drop_duplicates().to_dict('records')
g:\Meu Drive\offtrade\exportacao_meta.py:53: UserWarning: DataFrame columns are not unique, some columns will be omitted.
  prods = grp[grp['DTULTCOMP'] == dt][['FANTASIA', 'DESCRICAO']].drop_duplicates().to_dict('records')
g:\Meu Drive\offtrade\exportacao_meta.py:53: UserWarning: DataFrame columns are not unique, some columns will be omitted.
  prods = grp[grp['DTULTCOMP'] == dt][['FANTASIA', 'DESCRICAO']].drop_duplicates().to_dict('records')
g:\Meu Drive\offtrade\exportacao_meta.py:53: UserWarning: DataFrame columns are not unique, some columns will be omitted.
  prods = grp[grp['DTULTCOMP'] == dt][['FANTASIA', 'DESCRICAO']].drop_duplicates().to_dict('records')
g:\Meu Drive\offtrade\exportacao_meta.py:53: UserWarning: DataFrame columns are not unique, some columns will be omitted.
  prods = grp[grp['DTULTCOMP'] == dt][['FANTASIA', 'DESCRICAO']].drop_duplicates().to_dict('records')
g:\Meu Drive\offtrade\exportacao_meta.py:53: UserWarning: DataFrame columns are not unique, some columns will be omitted.
  prods = grp[grp['DTULTCOMP'] == dt][['FANTASIA', 'DESCRICAO']].drop_duplicates().to_dict('records')
g:\Meu Drive\offtrade\exportacao_meta.py:53: UserWarning: DataFrame columns are not unique, some columns will be omitted.
  prods = grp[grp['DTULTCOMP'] == dt][['FANTASIA', 'DESCRICAO']].drop_duplicates().to_dict('records')
g:\Meu Drive\offtrade\exportacao_meta.py:53: UserWarning: DataFrame columns are not unique, some columns will be omitted.
  prods = grp[grp['DTULTCOMP'] == dt][['FANTASIA', 'DESCRICAO']].drop_duplicates().to_dict('records')
g:\Meu Drive\offtrade\exportacao_meta.py:53: UserWarning: DataFrame columns are not unique, some columns will be omitted.
  prods = grp[grp['DTULTCOMP'] == dt][['FANTASIA', 'DESCRICAO']].drop_duplicates().to_dict('records')
g:\Meu Drive\offtrade\exportacao_meta.py:53: UserWarning: DataFrame columns are not unique, some columns will be omitted.
  prods = grp[grp['DTULTCOMP'] == dt][['FANTASIA', 'DESCRICAO']].drop_duplicates().to_dict('records')
g:\Meu Drive\offtrade\exportacao_meta.py:53: UserWarning: DataFrame columns are not unique, some columns will be omitted.
  prods = grp[grp['DTULTCOMP'] == dt][['FANTASIA', 'DESCRICAO']].drop_duplicates().to_dict('records')
g:\Meu Drive\offtrade\exportacao_meta.py:53: UserWarning: DataFrame columns are not unique, some columns will be omitted.
  prods = grp[grp['DTULTCOMP'] == dt][['FANTASIA', 'DESCRICAO']].drop_duplicates().to_dict('records')
g:\Meu Drive\offtrade\exportacao_meta.py:53: UserWarning: DataFrame columns are not unique, some columns will be omitted.
  prods = grp[grp['DTULTCOMP'] == dt][['FANTASIA', 'DESCRICAO']].drop_duplicates().to_dict('records')
g:\Meu Drive\offtrade\exportacao_meta.py:53: UserWarning: DataFrame columns are not unique, some columns will be omitted.
  prods = grp[grp['DTULTCOMP'] == dt][['FANTASIA', 'DESCRICAO']].drop_duplicates().to_dict('records')
g:\Meu Drive\offtrade\exportacao_meta.py:53: UserWarning: DataFrame columns are not unique, some columns will be omitted.
  prods = grp[grp['DTULTCOMP'] == dt][['FANTASIA', 'DESCRICAO']].drop_duplicates().to_dict('records')
g:\Meu Drive\offtrade\exportacao_meta.py:53: UserWarning: DataFrame columns are not unique, some columns will be omitted.
  prods = grp[grp['DTULTCOMP'] == dt][['FANTASIA', 'DESCRICAO']].drop_duplicates().to_dict('records')
g:\Meu Drive\offtrade\exportacao_meta.py:53: UserWarning: DataFrame columns are not unique, some columns will be omitted.
  prods = grp[grp['DTULTCOMP'] == dt][['FANTASIA', 'DESCRICAO']].drop_duplicates().to_dict('records')
g:\Meu Drive\offtrade\exportacao_meta.py:53: UserWarning: DataFrame columns are not unique, some columns will be omitted.
  prods = grp[grp['DTULTCOMP'] == dt][['FANTASIA', 'DESCRICAO']].drop_duplicates().to_dict('records')
g:\Meu Drive\offtrade\exportacao_meta.py:53: UserWarning: DataFrame columns are not unique, some columns will be omitted.
  prods = grp[grp['DTULTCOMP'] == dt][['FANTASIA', 'DESCRICAO']].drop_duplicates().to_dict('records')
g:\Meu Drive\offtrade\exportacao_meta.py:53: UserWarning: DataFrame columns are not unique, some columns will be omitted.
  prods = grp[grp['DTULTCOMP'] == dt][['FANTASIA', 'DESCRICAO']].drop_duplicates().to_dict('records')
g:\Meu Drive\offtrade\exportacao_meta.py:53: UserWarning: DataFrame columns are not unique, some columns will be omitted.
  prods = grp[grp['DTULTCOMP'] == dt][['FANTASIA', 'DESCRICAO']].drop_duplicates().to_dict('records')
g:\Meu Drive\offtrade\exportacao_meta.py:53: UserWarning: DataFrame columns are not unique, some columns will be omitted.
  prods = grp[grp['DTULTCOMP'] == dt][['FANTASIA', 'DESCRICAO']].drop_duplicates().to_dict('records')
g:\Meu Drive\offtrade\exportacao_meta.py:53: UserWarning: DataFrame columns are not unique, some columns will be omitted.
  prods = grp[grp['DTULTCOMP'] == dt][['FANTASIA', 'DESCRICAO']].drop_duplicates().to_dict('records')
g:\Meu Drive\offtrade\exportacao_meta.py:53: UserWarning: DataFrame columns are not unique, some columns will be omitted.
  prods = grp[grp['DTULTCOMP'] == dt][['FANTASIA', 'DESCRICAO']].drop_duplicates().to_dict('records')
g:\Meu Drive\offtrade\exportacao_meta.py:53: UserWarning: DataFrame columns are not unique, some columns will be omitted.
  prods = grp[grp['DTULTCOMP'] == dt][['FANTASIA', 'DESCRICAO']].drop_duplicates().to_dict('records')
g:\Meu Drive\offtrade\exportacao_meta.py:53: UserWarning: DataFrame columns are not unique, some columns will be omitted.
  prods = grp[grp['DTULTCOMP'] == dt][['FANTASIA', 'DESCRICAO']].drop_duplicates().to_dict('records')
g:\Meu Drive\offtrade\exportacao_meta.py:53: UserWarning: DataFrame columns are not unique, some columns will be omitted.
  prods = grp[grp['DTULTCOMP'] == dt][['FANTASIA', 'DESCRICAO']].drop_duplicates().to_dict('records')
g:\Meu Drive\offtrade\exportacao_meta.py:53: UserWarning: DataFrame columns are not unique, some columns will be omitted.
  prods = grp[grp['DTULTCOMP'] == dt][['FANTASIA', 'DESCRICAO']].drop_duplicates().to_dict('records')
g:\Meu Drive\offtrade\exportacao_meta.py:53: UserWarning: DataFrame columns are not unique, some columns will be omitted.
  prods = grp[grp['DTULTCOMP'] == dt][['FANTASIA', 'DESCRICAO']].drop_duplicates().to_dict('records')
g:\Meu Drive\offtrade\exportacao_meta.py:53: UserWarning: DataFrame columns are not unique, some columns will be omitted.
  prods = grp[grp['DTULTCOMP'] == dt][['FANTASIA', 'DESCRICAO']].drop_duplicates().to_dict('records')
g:\Meu Drive\offtrade\exportacao_meta.py:53: UserWarning: DataFrame columns are not unique, some columns will be omitted.
  prods = grp[grp['DTULTCOMP'] == dt][['FANTASIA', 'DESCRICAO']].drop_duplicates().to_dict('records')
g:\Meu Drive\offtrade\exportacao_meta.py:53: UserWarning: DataFrame columns are not unique, some columns will be omitted.
  prods = grp[grp['DTULTCOMP'] == dt][['FANTASIA', 'DESCRICAO']].drop_duplicates().to_dict('records')
g:\Meu Drive\offtrade\exportacao_meta.py:53: UserWarning: DataFrame columns are not unique, some columns will be omitted.
  prods = grp[grp['DTULTCOMP'] == dt][['FANTASIA', 'DESCRICAO']].drop_duplicates().to_dict('records')
g:\Meu Drive\offtrade\exportacao_meta.py:53: UserWarning: DataFrame columns are not unique, some columns will be omitted.
  prods = grp[grp['DTULTCOMP'] == dt][['FANTASIA', 'DESCRICAO']].drop_duplicates().to_dict('records')
g:\Meu Drive\offtrade\exportacao_meta.py:53: UserWarning: DataFrame columns are not unique, some columns will be omitted.
  prods = grp[grp['DTULTCOMP'] == dt][['FANTASIA', 'DESCRICAO']].drop_duplicates().to_dict('records')
g:\Meu Drive\offtrade\exportacao_meta.py:53: UserWarning: DataFrame columns are not unique, some columns will be omitted.
  prods = grp[grp['DTULTCOMP'] == dt][['FANTASIA', 'DESCRICAO']].drop_duplicates().to_dict('records')
g:\Meu Drive\offtrade\exportacao_meta.py:53: UserWarning: DataFrame columns are not unique, some columns will be omitted.
  prods = grp[grp['DTULTCOMP'] == dt][['FANTASIA', 'DESCRICAO']].drop_duplicates().to_dict('records')
g:\Meu Drive\offtrade\exportacao_meta.py:53: UserWarning: DataFrame columns are not unique, some columns will be omitted.
  prods = grp[grp['DTULTCOMP'] == dt][['FANTASIA', 'DESCRICAO']].drop_duplicates().to_dict('records')
g:\Meu Drive\offtrade\exportacao_meta.py:53: UserWarning: DataFrame columns are not unique, some columns will be omitted.
  prods = grp[grp['DTULTCOMP'] == dt][['FANTASIA', 'DESCRICAO']].drop_duplicates().to_dict('records')
g:\Meu Drive\offtrade\exportacao_meta.py:53: UserWarning: DataFrame columns are not unique, some columns will be omitted.
  prods = grp[grp['DTULTCOMP'] == dt][['FANTASIA', 'DESCRICAO']].drop_duplicates().to_dict('records')
g:\Meu Drive\offtrade\exportacao_meta.py:53: UserWarning: DataFrame columns are not unique, some columns will be omitted.
  prods = grp[grp['DTULTCOMP'] == dt][['FANTASIA', 'DESCRICAO']].drop_duplicates().to_dict('records')
g:\Meu Drive\offtrade\exportacao_meta.py:53: UserWarning: DataFrame columns are not unique, some columns will be omitted.
  prods = grp[grp['DTULTCOMP'] == dt][['FANTASIA', 'DESCRICAO']].drop_duplicates().to_dict('records')
g:\Meu Drive\offtrade\exportacao_meta.py:53: UserWarning: DataFrame columns are not unique, some columns will be omitted.
  prods = grp[grp['DTULTCOMP'] == dt][['FANTASIA', 'DESCRICAO']].drop_duplicates().to_dict('records')
g:\Meu Drive\offtrade\exportacao_meta.py:53: UserWarning: DataFrame columns are not unique, some columns will be omitted.
  prods = grp[grp['DTULTCOMP'] == dt][['FANTASIA', 'DESCRICAO']].drop_duplicates().to_dict('records')
g:\Meu Drive\offtrade\exportacao_meta.py:53: UserWarning: DataFrame columns are not unique, some columns will be omitted.
  prods = grp[grp['DTULTCOMP'] == dt][['FANTASIA', 'DESCRICAO']].drop_duplicates().to_dict('records')
g:\Meu Drive\offtrade\exportacao_meta.py:53: UserWarning: DataFrame columns are not unique, some columns will be omitted.
  prods = grp[grp['DTULTCOMP'] == dt][['FANTASIA', 'DESCRICAO']].drop_duplicates().to_dict('records')
g:\Meu Drive\offtrade\exportacao_meta.py:53: UserWarning: DataFrame columns are not unique, some columns will be omitted.
  prods = grp[grp['DTULTCOMP'] == dt][['FANTASIA', 'DESCRICAO']].drop_duplicates().to_dict('records')
g:\Meu Drive\offtrade\exportacao_meta.py:53: UserWarning: DataFrame columns are not unique, some columns will be omitted.
  prods = grp[grp['DTULTCOMP'] == dt][['FANTASIA', 'DESCRICAO']].drop_duplicates().to_dict('records')
g:\Meu Drive\offtrade\exportacao_meta.py:53: UserWarning: DataFrame columns are not unique, some columns will be omitted.
  prods = grp[grp['DTULTCOMP'] == dt][['FANTASIA', 'DESCRICAO']].drop_duplicates().to_dict('records')
g:\Meu Drive\offtrade\exportacao_meta.py:53: UserWarning: DataFrame columns are not unique, some columns will be omitted.
  prods = grp[grp['DTULTCOMP'] == dt][['FANTASIA', 'DESCRICAO']].drop_duplicates().to_dict('records')
g:\Meu Drive\offtrade\exportacao_meta.py:53: UserWarning: DataFrame columns are not unique, some columns will be omitted.
  prods = grp[grp['DTULTCOMP'] == dt][['FANTASIA', 'DESCRICAO']].drop_duplicates().to_dict('records')
g:\Meu Drive\offtrade\exportacao_meta.py:53: UserWarning: DataFrame columns are not unique, some columns will be omitted.
  prods = grp[grp['DTULTCOMP'] == dt][['FANTASIA', 'DESCRICAO']].drop_duplicates().to_dict('records')
g:\Meu Drive\offtrade\exportacao_meta.py:53: UserWarning: DataFrame columns are not unique, some columns will be omitted.
  prods = grp[grp['DTULTCOMP'] == dt][['FANTASIA', 'DESCRICAO']].drop_duplicates().to_dict('records')
g:\Meu Drive\offtrade\exportacao_meta.py:53: UserWarning: DataFrame columns are not unique, some columns will be omitted.
  prods = grp[grp['DTULTCOMP'] == dt][['FANTASIA', 'DESCRICAO']].drop_duplicates().to_dict('records')
g:\Meu Drive\offtrade\exportacao_meta.py:53: UserWarning: DataFrame columns are not unique, some columns will be omitted.
  prods = grp[grp['DTULTCOMP'] == dt][['FANTASIA', 'DESCRICAO']].drop_duplicates().to_dict('records')
g:\Meu Drive\offtrade\exportacao_meta.py:53: UserWarning: DataFrame columns are not unique, some columns will be omitted.
  prods = grp[grp['DTULTCOMP'] == dt][['FANTASIA', 'DESCRICAO']].drop_duplicates().to_dict('records')
g:\Meu Drive\offtrade\exportacao_meta.py:53: UserWarning: DataFrame columns are not unique, some columns will be omitted.
  prods = grp[grp['DTULTCOMP'] == dt][['FANTASIA', 'DESCRICAO']].drop_duplicates().to_dict('records')
g:\Meu Drive\offtrade\exportacao_meta.py:53: UserWarning: DataFrame columns are not unique, some columns will be omitted.
  prods = grp[grp['DTULTCOMP'] == dt][['FANTASIA', 'DESCRICAO']].drop_duplicates().to_dict('records')
g:\Meu Drive\offtrade\exportacao_meta.py:53: UserWarning: DataFrame columns are not unique, some columns will be omitted.
  prods = grp[grp['DTULTCOMP'] == dt][['FANTASIA', 'DESCRICAO']].drop_duplicates().to_dict('records')
g:\Meu Drive\offtrade\exportacao_meta.py:53: UserWarning: DataFrame columns are not unique, some columns will be omitted.
  prods = grp[grp['DTULTCOMP'] == dt][['FANTASIA', 'DESCRICAO']].drop_duplicates().to_dict('records')
g:\Meu Drive\offtrade\exportacao_meta.py:53: UserWarning: DataFrame columns are not unique, some columns will be omitted.
  prods = grp[grp['DTULTCOMP'] == dt][['FANTASIA', 'DESCRICAO']].drop_duplicates().to_dict('records')
g:\Meu Drive\offtrade\exportacao_meta.py:53: UserWarning: DataFrame columns are not unique, some columns will be omitted.
  prods = grp[grp['DTULTCOMP'] == dt][['FANTASIA', 'DESCRICAO']].drop_duplicates().to_dict('records')
g:\Meu Drive\offtrade\exportacao_meta.py:53: UserWarning: DataFrame columns are not unique, some columns will be omitted.
  prods = grp[grp['DTULTCOMP'] == dt][['FANTASIA', 'DESCRICAO']].drop_duplicates().to_dict('records')
g:\Meu Drive\offtrade\exportacao_meta.py:53: UserWarning: DataFrame columns are not unique, some columns will be omitted.
  prods = grp[grp['DTULTCOMP'] == dt][['FANTASIA', 'DESCRICAO']].drop_duplicates().to_dict('records')
g:\Meu Drive\offtrade\exportacao_meta.py:53: UserWarning: DataFrame columns are not unique, some columns will be omitted.
  prods = grp[grp['DTULTCOMP'] == dt][['FANTASIA', 'DESCRICAO']].drop_duplicates().to_dict('records')
g:\Meu Drive\offtrade\exportacao_meta.py:53: UserWarning: DataFrame columns are not unique, some columns will be omitted.
  prods = grp[grp['DTULTCOMP'] == dt][['FANTASIA', 'DESCRICAO']].drop_duplicates().to_dict('records')
g:\Meu Drive\offtrade\exportacao_meta.py:53: UserWarning: DataFrame columns are not unique, some columns will be omitted.
  prods = grp[grp['DTULTCOMP'] == dt][['FANTASIA', 'DESCRICAO']].drop_duplicates().to_dict('records')
g:\Meu Drive\offtrade\exportacao_meta.py:53: UserWarning: DataFrame columns are not unique, some columns will be omitted.
  prods = grp[grp['DTULTCOMP'] == dt][['FANTASIA', 'DESCRICAO']].drop_duplicates().to_dict('records')
g:\Meu Drive\offtrade\exportacao_meta.py:53: UserWarning: DataFrame columns are not unique, some columns will be omitted.
  prods = grp[grp['DTULTCOMP'] == dt][['FANTASIA', 'DESCRICAO']].drop_duplicates().to_dict('records')
g:\Meu Drive\offtrade\exportacao_meta.py:53: UserWarning: DataFrame columns are not unique, some columns will be omitted.
  prods = grp[grp['DTULTCOMP'] == dt][['FANTASIA', 'DESCRICAO']].drop_duplicates().to_dict('records')
g:\Meu Drive\offtrade\exportacao_meta.py:53: UserWarning: DataFrame columns are not unique, some columns will be omitted.
  prods = grp[grp['DTULTCOMP'] == dt][['FANTASIA', 'DESCRICAO']].drop_duplicates().to_dict('records')
g:\Meu Drive\offtrade\exportacao_meta.py:53: UserWarning: DataFrame columns are not unique, some columns will be omitted.
  prods = grp[grp['DTULTCOMP'] == dt][['FANTASIA', 'DESCRICAO']].drop_duplicates().to_dict('records')
g:\Meu Drive\offtrade\exportacao_meta.py:53: UserWarning: DataFrame columns are not unique, some columns will be omitted.
  prods = grp[grp['DTULTCOMP'] == dt][['FANTASIA', 'DESCRICAO']].drop_duplicates().to_dict('records')
g:\Meu Drive\offtrade\exportacao_meta.py:53: UserWarning: DataFrame columns are not unique, some columns will be omitted.
  prods = grp[grp['DTULTCOMP'] == dt][['FANTASIA', 'DESCRICAO']].drop_duplicates().to_dict('records')
g:\Meu Drive\offtrade\exportacao_meta.py:53: UserWarning: DataFrame columns are not unique, some columns will be omitted.
  prods = grp[grp['DTULTCOMP'] == dt][['FANTASIA', 'DESCRICAO']].drop_duplicates().to_dict('records')
g:\Meu Drive\offtrade\exportacao_meta.py:53: UserWarning: DataFrame columns are not unique, some columns will be omitted.
  prods = grp[grp['DTULTCOMP'] == dt][['FANTASIA', 'DESCRICAO']].drop_duplicates().to_dict('records')
g:\Meu Drive\offtrade\exportacao_meta.py:53: UserWarning: DataFrame columns are not unique, some columns will be omitted.
  prods = grp[grp['DTULTCOMP'] == dt][['FANTASIA', 'DESCRICAO']].drop_duplicates().to_dict('records')
g:\Meu Drive\offtrade\exportacao_meta.py:53: UserWarning: DataFrame columns are not unique, some columns will be omitted.
  prods = grp[grp['DTULTCOMP'] == dt][['FANTASIA', 'DESCRICAO']].drop_duplicates().to_dict('records')
g:\Meu Drive\offtrade\exportacao_meta.py:53: UserWarning: DataFrame columns are not unique, some columns will be omitted.
  prods = grp[grp['DTULTCOMP'] == dt][['FANTASIA', 'DESCRICAO']].drop_duplicates().to_dict('records')
g:\Meu Drive\offtrade\exportacao_meta.py:53: UserWarning: DataFrame columns are not unique, some columns will be omitted.
  prods = grp[grp['DTULTCOMP'] == dt][['FANTASIA', 'DESCRICAO']].drop_duplicates().to_dict('records')
g:\Meu Drive\offtrade\exportacao_meta.py:53: UserWarning: DataFrame columns are not unique, some columns will be omitted.
  prods = grp[grp['DTULTCOMP'] == dt][['FANTASIA', 'DESCRICAO']].drop_duplicates().to_dict('records')
g:\Meu Drive\offtrade\exportacao_meta.py:53: UserWarning: DataFrame columns are not unique, some columns will be omitted.
  prods = grp[grp['DTULTCOMP'] == dt][['FANTASIA', 'DESCRICAO']].drop_duplicates().to_dict('records')
g:\Meu Drive\offtrade\exportacao_meta.py:53: UserWarning: DataFrame columns are not unique, some columns will be omitted.
  prods = grp[grp['DTULTCOMP'] == dt][['FANTASIA', 'DESCRICAO']].drop_duplicates().to_dict('records')
g:\Meu Drive\offtrade\exportacao_meta.py:53: UserWarning: DataFrame columns are not unique, some columns will be omitted.
  prods = grp[grp['DTULTCOMP'] == dt][['FANTASIA', 'DESCRICAO']].drop_duplicates().to_dict('records')
g:\Meu Drive\offtrade\exportacao_meta.py:53: UserWarning: DataFrame columns are not unique, some columns will be omitted.
  prods = grp[grp['DTULTCOMP'] == dt][['FANTASIA', 'DESCRICAO']].drop_duplicates().to_dict('records')
g:\Meu Drive\offtrade\exportacao_meta.py:53: UserWarning: DataFrame columns are not unique, some columns will be omitted.
  prods = grp[grp['DTULTCOMP'] == dt][['FANTASIA', 'DESCRICAO']].drop_duplicates().to_dict('records')
g:\Meu Drive\offtrade\exportacao_meta.py:53: UserWarning: DataFrame columns are not unique, some columns will be omitted.
  prods = grp[grp['DTULTCOMP'] == dt][['FANTASIA', 'DESCRICAO']].drop_duplicates().to_dict('records')
g:\Meu Drive\offtrade\exportacao_meta.py:53: UserWarning: DataFrame columns are not unique, some columns will be omitted.
  prods = grp[grp['DTULTCOMP'] == dt][['FANTASIA', 'DESCRICAO']].drop_duplicates().to_dict('records')
g:\Meu Drive\offtrade\exportacao_meta.py:53: UserWarning: DataFrame columns are not unique, some columns will be omitted.
  prods = grp[grp['DTULTCOMP'] == dt][['FANTASIA', 'DESCRICAO']].drop_duplicates().to_dict('records')
g:\Meu Drive\offtrade\exportacao_meta.py:53: UserWarning: DataFrame columns are not unique, some columns will be omitted.
  prods = grp[grp['DTULTCOMP'] == dt][['FANTASIA', 'DESCRICAO']].drop_duplicates().to_dict('records')
g:\Meu Drive\offtrade\exportacao_meta.py:53: UserWarning: DataFrame columns are not unique, some columns will be omitted.
  prods = grp[grp['DTULTCOMP'] == dt][['FANTASIA', 'DESCRICAO']].drop_duplicates().to_dict('records')
g:\Meu Drive\offtrade\exportacao_meta.py:53: UserWarning: DataFrame columns are not unique, some columns will be omitted.
  prods = grp[grp['DTULTCOMP'] == dt][['FANTASIA', 'DESCRICAO']].drop_duplicates().to_dict('records')
g:\Meu Drive\offtrade\exportacao_meta.py:53: UserWarning: DataFrame columns are not unique, some columns will be omitted.
  prods = grp[grp['DTULTCOMP'] == dt][['FANTASIA', 'DESCRICAO']].drop_duplicates().to_dict('records')
g:\Meu Drive\offtrade\exportacao_meta.py:53: UserWarning: DataFrame columns are not unique, some columns will be omitted.
  prods = grp[grp['DTULTCOMP'] == dt][['FANTASIA', 'DESCRICAO']].drop_duplicates().to_dict('records')
g:\Meu Drive\offtrade\exportacao_meta.py:53: UserWarning: DataFrame columns are not unique, some columns will be omitted.
  prods = grp[grp['DTULTCOMP'] == dt][['FANTASIA', 'DESCRICAO']].drop_duplicates().to_dict('records')
g:\Meu Drive\offtrade\exportacao_meta.py:53: UserWarning: DataFrame columns are not unique, some columns will be omitted.
  prods = grp[grp['DTULTCOMP'] == dt][['FANTASIA', 'DESCRICAO']].drop_duplicates().to_dict('records')
g:\Meu Drive\offtrade\exportacao_meta.py:53: UserWarning: DataFrame columns are not unique, some columns will be omitted.
  prods = grp[grp['DTULTCOMP'] == dt][['FANTASIA', 'DESCRICAO']].drop_duplicates().to_dict('records')
g:\Meu Drive\offtrade\exportacao_meta.py:53: UserWarning: DataFrame columns are not unique, some columns will be omitted.
  prods = grp[grp['DTULTCOMP'] == dt][['FANTASIA', 'DESCRICAO']].drop_duplicates().to_dict('records')
g:\Meu Drive\offtrade\exportacao_meta.py:53: UserWarning: DataFrame columns are not unique, some columns will be omitted.
  prods = grp[grp['DTULTCOMP'] == dt][['FANTASIA', 'DESCRICAO']].drop_duplicates().to_dict('records')
g:\Meu Drive\offtrade\exportacao_meta.py:53: UserWarning: DataFrame columns are not unique, some columns will be omitted.
  prods = grp[grp['DTULTCOMP'] == dt][['FANTASIA', 'DESCRICAO']].drop_duplicates().to_dict('records')
g:\Meu Drive\offtrade\exportacao_meta.py:53: UserWarning: DataFrame columns are not unique, some columns will be omitted.
  prods = grp[grp['DTULTCOMP'] == dt][['FANTASIA', 'DESCRICAO']].drop_duplicates().to_dict('records')
g:\Meu Drive\offtrade\exportacao_meta.py:53: UserWarning: DataFrame columns are not unique, some columns will be omitted.
  prods = grp[grp['DTULTCOMP'] == dt][['FANTASIA', 'DESCRICAO']].drop_duplicates().to_dict('records')
g:\Meu Drive\offtrade\exportacao_meta.py:53: UserWarning: DataFrame columns are not unique, some columns will be omitted.
  prods = grp[grp['DTULTCOMP'] == dt][['FANTASIA', 'DESCRICAO']].drop_duplicates().to_dict('records')
g:\Meu Drive\offtrade\exportacao_meta.py:53: UserWarning: DataFrame columns are not unique, some columns will be omitted.
  prods = grp[grp['DTULTCOMP'] == dt][['FANTASIA', 'DESCRICAO']].drop_duplicates().to_dict('records')
g:\Meu Drive\offtrade\exportacao_meta.py:53: UserWarning: DataFrame columns are not unique, some columns will be omitted.
  prods = grp[grp['DTULTCOMP'] == dt][['FANTASIA', 'DESCRICAO']].drop_duplicates().to_dict('records')
g:\Meu Drive\offtrade\exportacao_meta.py:53: UserWarning: DataFrame columns are not unique, some columns will be omitted.
  prods = grp[grp['DTULTCOMP'] == dt][['FANTASIA', 'DESCRICAO']].drop_duplicates().to_dict('records')
g:\Meu Drive\offtrade\exportacao_meta.py:53: UserWarning: DataFrame columns are not unique, some columns will be omitted.
  prods = grp[grp['DTULTCOMP'] == dt][['FANTASIA', 'DESCRICAO']].drop_duplicates().to_dict('records')
g:\Meu Drive\offtrade\exportacao_meta.py:53: UserWarning: DataFrame columns are not unique, some columns will be omitted.
  prods = grp[grp['DTULTCOMP'] == dt][['FANTASIA', 'DESCRICAO']].drop_duplicates().to_dict('records')
g:\Meu Drive\offtrade\exportacao_meta.py:53: UserWarning: DataFrame columns are not unique, some columns will be omitted.
  prods = grp[grp['DTULTCOMP'] == dt][['FANTASIA', 'DESCRICAO']].drop_duplicates().to_dict('records')
g:\Meu Drive\offtrade\exportacao_meta.py:53: UserWarning: DataFrame columns are not unique, some columns will be omitted.
  prods = grp[grp['DTULTCOMP'] == dt][['FANTASIA', 'DESCRICAO']].drop_duplicates().to_dict('records')
g:\Meu Drive\offtrade\exportacao_meta.py:53: UserWarning: DataFrame columns are not unique, some columns will be omitted.
  prods = grp[grp['DTULTCOMP'] == dt][['FANTASIA', 'DESCRICAO']].drop_duplicates().to_dict('records')
g:\Meu Drive\offtrade\exportacao_meta.py:53: UserWarning: DataFrame columns are not unique, some columns will be omitted.
  prods = grp[grp['DTULTCOMP'] == dt][['FANTASIA', 'DESCRICAO']].drop_duplicates().to_dict('records')
g:\Meu Drive\offtrade\exportacao_meta.py:53: UserWarning: DataFrame columns are not unique, some columns will be omitted.
  prods = grp[grp['DTULTCOMP'] == dt][['FANTASIA', 'DESCRICAO']].drop_duplicates().to_dict('records')
g:\Meu Drive\offtrade\exportacao_meta.py:53: UserWarning: DataFrame columns are not unique, some columns will be omitted.
  prods = grp[grp['DTULTCOMP'] == dt][['FANTASIA', 'DESCRICAO']].drop_duplicates().to_dict('records')
g:\Meu Drive\offtrade\exportacao_meta.py:53: UserWarning: DataFrame columns are not unique, some columns will be omitted.
  prods = grp[grp['DTULTCOMP'] == dt][['FANTASIA', 'DESCRICAO']].drop_duplicates().to_dict('records')
g:\Meu Drive\offtrade\exportacao_meta.py:53: UserWarning: DataFrame columns are not unique, some columns will be omitted.
  prods = grp[grp['DTULTCOMP'] == dt][['FANTASIA', 'DESCRICAO']].drop_duplicates().to_dict('records')
g:\Meu Drive\offtrade\exportacao_meta.py:53: UserWarning: DataFrame columns are not unique, some columns will be omitted.
  prods = grp[grp['DTULTCOMP'] == dt][['FANTASIA', 'DESCRICAO']].drop_duplicates().to_dict('records')
g:\Meu Drive\offtrade\exportacao_meta.py:53: UserWarning: DataFrame columns are not unique, some columns will be omitted.
  prods = grp[grp['DTULTCOMP'] == dt][['FANTASIA', 'DESCRICAO']].drop_duplicates().to_dict('records')
g:\Meu Drive\offtrade\exportacao_meta.py:53: UserWarning: DataFrame columns are not unique, some columns will be omitted.
  prods = grp[grp['DTULTCOMP'] == dt][['FANTASIA', 'DESCRICAO']].drop_duplicates().to_dict('records')
g:\Meu Drive\offtrade\exportacao_meta.py:53: UserWarning: DataFrame columns are not unique, some columns will be omitted.
  prods = grp[grp['DTULTCOMP'] == dt][['FANTASIA', 'DESCRICAO']].drop_duplicates().to_dict('records')
g:\Meu Drive\offtrade\exportacao_meta.py:53: UserWarning: DataFrame columns are not unique, some columns will be omitted.
  prods = grp[grp['DTULTCOMP'] == dt][['FANTASIA', 'DESCRICAO']].drop_duplicates().to_dict('records')
g:\Meu Drive\offtrade\exportacao_meta.py:53: UserWarning: DataFrame columns are not unique, some columns will be omitted.
  prods = grp[grp['DTULTCOMP'] == dt][['FANTASIA', 'DESCRICAO']].drop_duplicates().to_dict('records')
g:\Meu Drive\offtrade\exportacao_meta.py:53: UserWarning: DataFrame columns are not unique, some columns will be omitted.
  prods = grp[grp['DTULTCOMP'] == dt][['FANTASIA', 'DESCRICAO']].drop_duplicates().to_dict('records')
g:\Meu Drive\offtrade\exportacao_meta.py:53: UserWarning: DataFrame columns are not unique, some columns will be omitted.
  prods = grp[grp['DTULTCOMP'] == dt][['FANTASIA', 'DESCRICAO']].drop_duplicates().to_dict('records')
g:\Meu Drive\offtrade\exportacao_meta.py:53: UserWarning: DataFrame columns are not unique, some columns will be omitted.
  prods = grp[grp['DTULTCOMP'] == dt][['FANTASIA', 'DESCRICAO']].drop_duplicates().to_dict('records')
g:\Meu Drive\offtrade\exportacao_meta.py:53: UserWarning: DataFrame columns are not unique, some columns will be omitted.
  prods = grp[grp['DTULTCOMP'] == dt][['FANTASIA', 'DESCRICAO']].drop_duplicates().to_dict('records')
g:\Meu Drive\offtrade\exportacao_meta.py:53: UserWarning: DataFrame columns are not unique, some columns will be omitted.
  prods = grp[grp['DTULTCOMP'] == dt][['FANTASIA', 'DESCRICAO']].drop_duplicates().to_dict('records')
g:\Meu Drive\offtrade\exportacao_meta.py:53: UserWarning: DataFrame columns are not unique, some columns will be omitted.
  prods = grp[grp['DTULTCOMP'] == dt][['FANTASIA', 'DESCRICAO']].drop_duplicates().to_dict('records')
g:\Meu Drive\offtrade\exportacao_meta.py:53: UserWarning: DataFrame columns are not unique, some columns will be omitted.
  prods = grp[grp['DTULTCOMP'] == dt][['FANTASIA', 'DESCRICAO']].drop_duplicates().to_dict('records')
g:\Meu Drive\offtrade\exportacao_meta.py:53: UserWarning: DataFrame columns are not unique, some columns will be omitted.
  prods = grp[grp['DTULTCOMP'] == dt][['FANTASIA', 'DESCRICAO']].drop_duplicates().to_dict('records')
g:\Meu Drive\offtrade\exportacao_meta.py:53: UserWarning: DataFrame columns are not unique, some columns will be omitted.
  prods = grp[grp['DTULTCOMP'] == dt][['FANTASIA', 'DESCRICAO']].drop_duplicates().to_dict('records')
g:\Meu Drive\offtrade\exportacao_meta.py:53: UserWarning: DataFrame columns are not unique, some columns will be omitted.
  prods = grp[grp['DTULTCOMP'] == dt][['FANTASIA', 'DESCRICAO']].drop_duplicates().to_dict('records')
g:\Meu Drive\offtrade\exportacao_meta.py:53: UserWarning: DataFrame columns are not unique, some columns will be omitted.
  prods = grp[grp['DTULTCOMP'] == dt][['FANTASIA', 'DESCRICAO']].drop_duplicates().to_dict('records')
g:\Meu Drive\offtrade\exportacao_meta.py:53: UserWarning: DataFrame columns are not unique, some columns will be omitted.
  prods = grp[grp['DTULTCOMP'] == dt][['FANTASIA', 'DESCRICAO']].drop_duplicates().to_dict('records')
g:\Meu Drive\offtrade\exportacao_meta.py:53: UserWarning: DataFrame columns are not unique, some columns will be omitted.
  prods = grp[grp['DTULTCOMP'] == dt][['FANTASIA', 'DESCRICAO']].drop_duplicates().to_dict('records')
g:\Meu Drive\offtrade\exportacao_meta.py:53: UserWarning: DataFrame columns are not unique, some columns will be omitted.
  prods = grp[grp['DTULTCOMP'] == dt][['FANTASIA', 'DESCRICAO']].drop_duplicates().to_dict('records')
g:\Meu Drive\offtrade\exportacao_meta.py:53: UserWarning: DataFrame columns are not unique, some columns will be omitted.
  prods = grp[grp['DTULTCOMP'] == dt][['FANTASIA', 'DESCRICAO']].drop_duplicates().to_dict('records')
g:\Meu Drive\offtrade\exportacao_meta.py:53: UserWarning: DataFrame columns are not unique, some columns will be omitted.
  prods = grp[grp['DTULTCOMP'] == dt][['FANTASIA', 'DESCRICAO']].drop_duplicates().to_dict('records')
g:\Meu Drive\offtrade\exportacao_meta.py:53: UserWarning: DataFrame columns are not unique, some columns will be omitted.
  prods = grp[grp['DTULTCOMP'] == dt][['FANTASIA', 'DESCRICAO']].drop_duplicates().to_dict('records')
g:\Meu Drive\offtrade\exportacao_meta.py:53: UserWarning: DataFrame columns are not unique, some columns will be omitted.
  prods = grp[grp['DTULTCOMP'] == dt][['FANTASIA', 'DESCRICAO']].drop_duplicates().to_dict('records')
g:\Meu Drive\offtrade\exportacao_meta.py:53: UserWarning: DataFrame columns are not unique, some columns will be omitted.
  prods = grp[grp['DTULTCOMP'] == dt][['FANTASIA', 'DESCRICAO']].drop_duplicates().to_dict('records')
g:\Meu Drive\offtrade\exportacao_meta.py:53: UserWarning: DataFrame columns are not unique, some columns will be omitted.
  prods = grp[grp['DTULTCOMP'] == dt][['FANTASIA', 'DESCRICAO']].drop_duplicates().to_dict('records')
g:\Meu Drive\offtrade\exportacao_meta.py:53: UserWarning: DataFrame columns are not unique, some columns will be omitted.
  prods = grp[grp['DTULTCOMP'] == dt][['FANTASIA', 'DESCRICAO']].drop_duplicates().to_dict('records')
g:\Meu Drive\offtrade\exportacao_meta.py:53: UserWarning: DataFrame columns are not unique, some columns will be omitted.
  prods = grp[grp['DTULTCOMP'] == dt][['FANTASIA', 'DESCRICAO']].drop_duplicates().to_dict('records')
g:\Meu Drive\offtrade\exportacao_meta.py:53: UserWarning: DataFrame columns are not unique, some columns will be omitted.
  prods = grp[grp['DTULTCOMP'] == dt][['FANTASIA', 'DESCRICAO']].drop_duplicates().to_dict('records')
g:\Meu Drive\offtrade\exportacao_meta.py:53: UserWarning: DataFrame columns are not unique, some columns will be omitted.
  prods = grp[grp['DTULTCOMP'] == dt][['FANTASIA', 'DESCRICAO']].drop_duplicates().to_dict('records')
g:\Meu Drive\offtrade\exportacao_meta.py:53: UserWarning: DataFrame columns are not unique, some columns will be omitted.
  prods = grp[grp['DTULTCOMP'] == dt][['FANTASIA', 'DESCRICAO']].drop_duplicates().to_dict('records')
g:\Meu Drive\offtrade\exportacao_meta.py:53: UserWarning: DataFrame columns are not unique, some columns will be omitted.
  prods = grp[grp['DTULTCOMP'] == dt][['FANTASIA', 'DESCRICAO']].drop_duplicates().to_dict('records')
g:\Meu Drive\offtrade\exportacao_meta.py:53: UserWarning: DataFrame columns are not unique, some columns will be omitted.
  prods = grp[grp['DTULTCOMP'] == dt][['FANTASIA', 'DESCRICAO']].drop_duplicates().to_dict('records')
g:\Meu Drive\offtrade\exportacao_meta.py:53: UserWarning: DataFrame columns are not unique, some columns will be omitted.
  prods = grp[grp['DTULTCOMP'] == dt][['FANTASIA', 'DESCRICAO']].drop_duplicates().to_dict('records')
g:\Meu Drive\offtrade\exportacao_meta.py:53: UserWarning: DataFrame columns are not unique, some columns will be omitted.
  prods = grp[grp['DTULTCOMP'] == dt][['FANTASIA', 'DESCRICAO']].drop_duplicates().to_dict('records')
g:\Meu Drive\offtrade\exportacao_meta.py:53: UserWarning: DataFrame columns are not unique, some columns will be omitted.
  prods = grp[grp['DTULTCOMP'] == dt][['FANTASIA', 'DESCRICAO']].drop_duplicates().to_dict('records')
g:\Meu Drive\offtrade\exportacao_meta.py:53: UserWarning: DataFrame columns are not unique, some columns will be omitted.
  prods = grp[grp['DTULTCOMP'] == dt][['FANTASIA', 'DESCRICAO']].drop_duplicates().to_dict('records')
g:\Meu Drive\offtrade\exportacao_meta.py:53: UserWarning: DataFrame columns are not unique, some columns will be omitted.
  prods = grp[grp['DTULTCOMP'] == dt][['FANTASIA', 'DESCRICAO']].drop_duplicates().to_dict('records')
g:\Meu Drive\offtrade\exportacao_meta.py:53: UserWarning: DataFrame columns are not unique, some columns will be omitted.
  prods = grp[grp['DTULTCOMP'] == dt][['FANTASIA', 'DESCRICAO']].drop_duplicates().to_dict('records')
g:\Meu Drive\offtrade\exportacao_meta.py:53: UserWarning: DataFrame columns are not unique, some columns will be omitted.
  prods = grp[grp['DTULTCOMP'] == dt][['FANTASIA', 'DESCRICAO']].drop_duplicates().to_dict('records')
g:\Meu Drive\offtrade\exportacao_meta.py:53: UserWarning: DataFrame columns are not unique, some columns will be omitted.
  prods = grp[grp['DTULTCOMP'] == dt][['FANTASIA', 'DESCRICAO']].drop_duplicates().to_dict('records')
g:\Meu Drive\offtrade\exportacao_meta.py:53: UserWarning: DataFrame columns are not unique, some columns will be omitted.
  prods = grp[grp['DTULTCOMP'] == dt][['FANTASIA', 'DESCRICAO']].drop_duplicates().to_dict('records')
g:\Meu Drive\offtrade\exportacao_meta.py:53: UserWarning: DataFrame columns are not unique, some columns will be omitted.
  prods = grp[grp['DTULTCOMP'] == dt][['FANTASIA', 'DESCRICAO']].drop_duplicates().to_dict('records')
g:\Meu Drive\offtrade\exportacao_meta.py:53: UserWarning: DataFrame columns are not unique, some columns will be omitted.
  prods = grp[grp['DTULTCOMP'] == dt][['FANTASIA', 'DESCRICAO']].drop_duplicates().to_dict('records')
g:\Meu Drive\offtrade\exportacao_meta.py:53: UserWarning: DataFrame columns are not unique, some columns will be omitted.
  prods = grp[grp['DTULTCOMP'] == dt][['FANTASIA', 'DESCRICAO']].drop_duplicates().to_dict('records')
g:\Meu Drive\offtrade\exportacao_meta.py:53: UserWarning: DataFrame columns are not unique, some columns will be omitted.
  prods = grp[grp['DTULTCOMP'] == dt][['FANTASIA', 'DESCRICAO']].drop_duplicates().to_dict('records')
g:\Meu Drive\offtrade\exportacao_meta.py:53: UserWarning: DataFrame columns are not unique, some columns will be omitted.
  prods = grp[grp['DTULTCOMP'] == dt][['FANTASIA', 'DESCRICAO']].drop_duplicates().to_dict('records')
g:\Meu Drive\offtrade\exportacao_meta.py:53: UserWarning: DataFrame columns are not unique, some columns will be omitted.
  prods = grp[grp['DTULTCOMP'] == dt][['FANTASIA', 'DESCRICAO']].drop_duplicates().to_dict('records')
g:\Meu Drive\offtrade\exportacao_meta.py:53: UserWarning: DataFrame columns are not unique, some columns will be omitted.
  prods = grp[grp['DTULTCOMP'] == dt][['FANTASIA', 'DESCRICAO']].drop_duplicates().to_dict('records')
g:\Meu Drive\offtrade\exportacao_meta.py:53: UserWarning: DataFrame columns are not unique, some columns will be omitted.
  prods = grp[grp['DTULTCOMP'] == dt][['FANTASIA', 'DESCRICAO']].drop_duplicates().to_dict('records')
g:\Meu Drive\offtrade\exportacao_meta.py:53: UserWarning: DataFrame columns are not unique, some columns will be omitted.
  prods = grp[grp['DTULTCOMP'] == dt][['FANTASIA', 'DESCRICAO']].drop_duplicates().to_dict('records')
g:\Meu Drive\offtrade\exportacao_meta.py:53: UserWarning: DataFrame columns are not unique, some columns will be omitted.
  prods = grp[grp['DTULTCOMP'] == dt][['FANTASIA', 'DESCRICAO']].drop_duplicates().to_dict('records')
g:\Meu Drive\offtrade\exportacao_meta.py:53: UserWarning: DataFrame columns are not unique, some columns will be omitted.
  prods = grp[grp['DTULTCOMP'] == dt][['FANTASIA', 'DESCRICAO']].drop_duplicates().to_dict('records')
g:\Meu Drive\offtrade\exportacao_meta.py:53: UserWarning: DataFrame columns are not unique, some columns will be omitted.
  prods = grp[grp['DTULTCOMP'] == dt][['FANTASIA', 'DESCRICAO']].drop_duplicates().to_dict('records')
g:\Meu Drive\offtrade\exportacao_meta.py:53: UserWarning: DataFrame columns are not unique, some columns will be omitted.
  prods = grp[grp['DTULTCOMP'] == dt][['FANTASIA', 'DESCRICAO']].drop_duplicates().to_dict('records')
g:\Meu Drive\offtrade\exportacao_meta.py:53: UserWarning: DataFrame columns are not unique, some columns will be omitted.
  prods = grp[grp['DTULTCOMP'] == dt][['FANTASIA', 'DESCRICAO']].drop_duplicates().to_dict('records')
g:\Meu Drive\offtrade\exportacao_meta.py:53: UserWarning: DataFrame columns are not unique, some columns will be omitted.
  prods = grp[grp['DTULTCOMP'] == dt][['FANTASIA', 'DESCRICAO']].drop_duplicates().to_dict('records')
g:\Meu Drive\offtrade\exportacao_meta.py:53: UserWarning: DataFrame columns are not unique, some columns will be omitted.
  prods = grp[grp['DTULTCOMP'] == dt][['FANTASIA', 'DESCRICAO']].drop_duplicates().to_dict('records')
g:\Meu Drive\offtrade\exportacao_meta.py:53: UserWarning: DataFrame columns are not unique, some columns will be omitted.
  prods = grp[grp['DTULTCOMP'] == dt][['FANTASIA', 'DESCRICAO']].drop_duplicates().to_dict('records')
g:\Meu Drive\offtrade\exportacao_meta.py:53: UserWarning: DataFrame columns are not unique, some columns will be omitted.
  prods = grp[grp['DTULTCOMP'] == dt][['FANTASIA', 'DESCRICAO']].drop_duplicates().to_dict('records')
g:\Meu Drive\offtrade\exportacao_meta.py:53: UserWarning: DataFrame columns are not unique, some columns will be omitted.
  prods = grp[grp['DTULTCOMP'] == dt][['FANTASIA', 'DESCRICAO']].drop_duplicates().to_dict('records')
g:\Meu Drive\offtrade\exportacao_meta.py:53: UserWarning: DataFrame columns are not unique, some columns will be omitted.
  prods = grp[grp['DTULTCOMP'] == dt][['FANTASIA', 'DESCRICAO']].drop_duplicates().to_dict('records')
g:\Meu Drive\offtrade\exportacao_meta.py:53: UserWarning: DataFrame columns are not unique, some columns will be omitted.
  prods = grp[grp['DTULTCOMP'] == dt][['FANTASIA', 'DESCRICAO']].drop_duplicates().to_dict('records')
g:\Meu Drive\offtrade\exportacao_meta.py:53: UserWarning: DataFrame columns are not unique, some columns will be omitted.
  prods = grp[grp['DTULTCOMP'] == dt][['FANTASIA', 'DESCRICAO']].drop_duplicates().to_dict('records')
g:\Meu Drive\offtrade\exportacao_meta.py:53: UserWarning: DataFrame columns are not unique, some columns will be omitted.
  prods = grp[grp['DTULTCOMP'] == dt][['FANTASIA', 'DESCRICAO']].drop_duplicates().to_dict('records')
g:\Meu Drive\offtrade\exportacao_meta.py:53: UserWarning: DataFrame columns are not unique, some columns will be omitted.
  prods = grp[grp['DTULTCOMP'] == dt][['FANTASIA', 'DESCRICAO']].drop_duplicates().to_dict('records')
g:\Meu Drive\offtrade\exportacao_meta.py:53: UserWarning: DataFrame columns are not unique, some columns will be omitted.
  prods = grp[grp['DTULTCOMP'] == dt][['FANTASIA', 'DESCRICAO']].drop_duplicates().to_dict('records')
g:\Meu Drive\offtrade\exportacao_meta.py:53: UserWarning: DataFrame columns are not unique, some columns will be omitted.
  prods = grp[grp['DTULTCOMP'] == dt][['FANTASIA', 'DESCRICAO']].drop_duplicates().to_dict('records')
g:\Meu Drive\offtrade\exportacao_meta.py:53: UserWarning: DataFrame columns are not unique, some columns will be omitted.
  prods = grp[grp['DTULTCOMP'] == dt][['FANTASIA', 'DESCRICAO']].drop_duplicates().to_dict('records')
g:\Meu Drive\offtrade\exportacao_meta.py:53: UserWarning: DataFrame columns are not unique, some columns will be omitted.
  prods = grp[grp['DTULTCOMP'] == dt][['FANTASIA', 'DESCRICAO']].drop_duplicates().to_dict('records')
g:\Meu Drive\offtrade\exportacao_meta.py:53: UserWarning: DataFrame columns are not unique, some columns will be omitted.
  prods = grp[grp['DTULTCOMP'] == dt][['FANTASIA', 'DESCRICAO']].drop_duplicates().to_dict('records')
g:\Meu Drive\offtrade\exportacao_meta.py:53: UserWarning: DataFrame columns are not unique, some columns will be omitted.
  prods = grp[grp['DTULTCOMP'] == dt][['FANTASIA', 'DESCRICAO']].drop_duplicates().to_dict('records')
g:\Meu Drive\offtrade\exportacao_meta.py:53: UserWarning: DataFrame columns are not unique, some columns will be omitted.
  prods = grp[grp['DTULTCOMP'] == dt][['FANTASIA', 'DESCRICAO']].drop_duplicates().to_dict('records')
g:\Meu Drive\offtrade\exportacao_meta.py:53: UserWarning: DataFrame columns are not unique, some columns will be omitted.
  prods = grp[grp['DTULTCOMP'] == dt][['FANTASIA', 'DESCRICAO']].drop_duplicates().to_dict('records')
g:\Meu Drive\offtrade\exportacao_meta.py:53: UserWarning: DataFrame columns are not unique, some columns will be omitted.
  prods = grp[grp['DTULTCOMP'] == dt][['FANTASIA', 'DESCRICAO']].drop_duplicates().to_dict('records')
g:\Meu Drive\offtrade\exportacao_meta.py:53: UserWarning: DataFrame columns are not unique, some columns will be omitted.
  prods = grp[grp['DTULTCOMP'] == dt][['FANTASIA', 'DESCRICAO']].drop_duplicates().to_dict('records')
g:\Meu Drive\offtrade\exportacao_meta.py:53: UserWarning: DataFrame columns are not unique, some columns will be omitted.
  prods = grp[grp['DTULTCOMP'] == dt][['FANTASIA', 'DESCRICAO']].drop_duplicates().to_dict('records')
g:\Meu Drive\offtrade\exportacao_meta.py:53: UserWarning: DataFrame columns are not unique, some columns will be omitted.
  prods = grp[grp['DTULTCOMP'] == dt][['FANTASIA', 'DESCRICAO']].drop_duplicates().to_dict('records')
g:\Meu Drive\offtrade\exportacao_meta.py:53: UserWarning: DataFrame columns are not unique, some columns will be omitted.
  prods = grp[grp['DTULTCOMP'] == dt][['FANTASIA', 'DESCRICAO']].drop_duplicates().to_dict('records')
g:\Meu Drive\offtrade\exportacao_meta.py:53: UserWarning: DataFrame columns are not unique, some columns will be omitted.
  prods = grp[grp['DTULTCOMP'] == dt][['FANTASIA', 'DESCRICAO']].drop_duplicates().to_dict('records')
g:\Meu Drive\offtrade\exportacao_meta.py:53: UserWarning: DataFrame columns are not unique, some columns will be omitted.
  prods = grp[grp['DTULTCOMP'] == dt][['FANTASIA', 'DESCRICAO']].drop_duplicates().to_dict('records')
g:\Meu Drive\offtrade\exportacao_meta.py:53: UserWarning: DataFrame columns are not unique, some columns will be omitted.
  prods = grp[grp['DTULTCOMP'] == dt][['FANTASIA', 'DESCRICAO']].drop_duplicates().to_dict('records')
g:\Meu Drive\offtrade\exportacao_meta.py:53: UserWarning: DataFrame columns are not unique, some columns will be omitted.
  prods = grp[grp['DTULTCOMP'] == dt][['FANTASIA', 'DESCRICAO']].drop_duplicates().to_dict('records')
g:\Meu Drive\offtrade\exportacao_meta.py:53: UserWarning: DataFrame columns are not unique, some columns will be omitted.
  prods = grp[grp['DTULTCOMP'] == dt][['FANTASIA', 'DESCRICAO']].drop_duplicates().to_dict('records')
g:\Meu Drive\offtrade\exportacao_meta.py:53: UserWarning: DataFrame columns are not unique, some columns will be omitted.
  prods = grp[grp['DTULTCOMP'] == dt][['FANTASIA', 'DESCRICAO']].drop_duplicates().to_dict('records')
g:\Meu Drive\offtrade\exportacao_meta.py:53: UserWarning: DataFrame columns are not unique, some columns will be omitted.
  prods = grp[grp['DTULTCOMP'] == dt][['FANTASIA', 'DESCRICAO']].drop_duplicates().to_dict('records')
g:\Meu Drive\offtrade\exportacao_meta.py:53: UserWarning: DataFrame columns are not unique, some columns will be omitted.
  prods = grp[grp['DTULTCOMP'] == dt][['FANTASIA', 'DESCRICAO']].drop_duplicates().to_dict('records')
g:\Meu Drive\offtrade\exportacao_meta.py:53: UserWarning: DataFrame columns are not unique, some columns will be omitted.
  prods = grp[grp['DTULTCOMP'] == dt][['FANTASIA', 'DESCRICAO']].drop_duplicates().to_dict('records')
g:\Meu Drive\offtrade\exportacao_meta.py:53: UserWarning: DataFrame columns are not unique, some columns will be omitted.
  prods = grp[grp['DTULTCOMP'] == dt][['FANTASIA', 'DESCRICAO']].drop_duplicates().to_dict('records')
g:\Meu Drive\offtrade\exportacao_meta.py:53: UserWarning: DataFrame columns are not unique, some columns will be omitted.
  prods = grp[grp['DTULTCOMP'] == dt][['FANTASIA', 'DESCRICAO']].drop_duplicates().to_dict('records')
g:\Meu Drive\offtrade\exportacao_meta.py:53: UserWarning: DataFrame columns are not unique, some columns will be omitted.
  prods = grp[grp['DTULTCOMP'] == dt][['FANTASIA', 'DESCRICAO']].drop_duplicates().to_dict('records')
g:\Meu Drive\offtrade\exportacao_meta.py:53: UserWarning: DataFrame columns are not unique, some columns will be omitted.
  prods = grp[grp['DTULTCOMP'] == dt][['FANTASIA', 'DESCRICAO']].drop_duplicates().to_dict('records')
g:\Meu Drive\offtrade\exportacao_meta.py:53: UserWarning: DataFrame columns are not unique, some columns will be omitted.
  prods = grp[grp['DTULTCOMP'] == dt][['FANTASIA', 'DESCRICAO']].drop_duplicates().to_dict('records')
g:\Meu Drive\offtrade\exportacao_meta.py:53: UserWarning: DataFrame columns are not unique, some columns will be omitted.
  prods = grp[grp['DTULTCOMP'] == dt][['FANTASIA', 'DESCRICAO']].drop_duplicates().to_dict('records')
g:\Meu Drive\offtrade\exportacao_meta.py:53: UserWarning: DataFrame columns are not unique, some columns will be omitted.
  prods = grp[grp['DTULTCOMP'] == dt][['FANTASIA', 'DESCRICAO']].drop_duplicates().to_dict('records')
g:\Meu Drive\offtrade\exportacao_meta.py:53: UserWarning: DataFrame columns are not unique, some columns will be omitted.
  prods = grp[grp['DTULTCOMP'] == dt][['FANTASIA', 'DESCRICAO']].drop_duplicates().to_dict('records')
g:\Meu Drive\offtrade\exportacao_meta.py:53: UserWarning: DataFrame columns are not unique, some columns will be omitted.
  prods = grp[grp['DTULTCOMP'] == dt][['FANTASIA', 'DESCRICAO']].drop_duplicates().to_dict('records')
g:\Meu Drive\offtrade\exportacao_meta.py:53: UserWarning: DataFrame columns are not unique, some columns will be omitted.
  prods = grp[grp['DTULTCOMP'] == dt][['FANTASIA', 'DESCRICAO']].drop_duplicates().to_dict('records')
g:\Meu Drive\offtrade\exportacao_meta.py:53: UserWarning: DataFrame columns are not unique, some columns will be omitted.
  prods = grp[grp['DTULTCOMP'] == dt][['FANTASIA', 'DESCRICAO']].drop_duplicates().to_dict('records')
g:\Meu Drive\offtrade\exportacao_meta.py:53: UserWarning: DataFrame columns are not unique, some columns will be omitted.
  prods = grp[grp['DTULTCOMP'] == dt][['FANTASIA', 'DESCRICAO']].drop_duplicates().to_dict('records')
g:\Meu Drive\offtrade\exportacao_meta.py:53: UserWarning: DataFrame columns are not unique, some columns will be omitted.
  prods = grp[grp['DTULTCOMP'] == dt][['FANTASIA', 'DESCRICAO']].drop_duplicates().to_dict('records')
g:\Meu Drive\offtrade\exportacao_meta.py:53: UserWarning: DataFrame columns are not unique, some columns will be omitted.
  prods = grp[grp['DTULTCOMP'] == dt][['FANTASIA', 'DESCRICAO']].drop_duplicates().to_dict('records')
g:\Meu Drive\offtrade\exportacao_meta.py:53: UserWarning: DataFrame columns are not unique, some columns will be omitted.
  prods = grp[grp['DTULTCOMP'] == dt][['FANTASIA', 'DESCRICAO']].drop_duplicates().to_dict('records')
g:\Meu Drive\offtrade\exportacao_meta.py:53: UserWarning: DataFrame columns are not unique, some columns will be omitted.
  prods = grp[grp['DTULTCOMP'] == dt][['FANTASIA', 'DESCRICAO']].drop_duplicates().to_dict('records')
g:\Meu Drive\offtrade\exportacao_meta.py:53: UserWarning: DataFrame columns are not unique, some columns will be omitted.
  prods = grp[grp['DTULTCOMP'] == dt][['FANTASIA', 'DESCRICAO']].drop_duplicates().to_dict('records')
g:\Meu Drive\offtrade\exportacao_meta.py:53: UserWarning: DataFrame columns are not unique, some columns will be omitted.
  prods = grp[grp['DTULTCOMP'] == dt][['FANTASIA', 'DESCRICAO']].drop_duplicates().to_dict('records')
g:\Meu Drive\offtrade\exportacao_meta.py:53: UserWarning: DataFrame columns are not unique, some columns will be omitted.
  prods = grp[grp['DTULTCOMP'] == dt][['FANTASIA', 'DESCRICAO']].drop_duplicates().to_dict('records')
g:\Meu Drive\offtrade\exportacao_meta.py:53: UserWarning: DataFrame columns are not unique, some columns will be omitted.
  prods = grp[grp['DTULTCOMP'] == dt][['FANTASIA', 'DESCRICAO']].drop_duplicates().to_dict('records')
g:\Meu Drive\offtrade\exportacao_meta.py:53: UserWarning: DataFrame columns are not unique, some columns will be omitted.
  prods = grp[grp['DTULTCOMP'] == dt][['FANTASIA', 'DESCRICAO']].drop_duplicates().to_dict('records')
g:\Meu Drive\offtrade\exportacao_meta.py:53: UserWarning: DataFrame columns are not unique, some columns will be omitted.
  prods = grp[grp['DTULTCOMP'] == dt][['FANTASIA', 'DESCRICAO']].drop_duplicates().to_dict('records')
g:\Meu Drive\offtrade\exportacao_meta.py:53: UserWarning: DataFrame columns are not unique, some columns will be omitted.
  prods = grp[grp['DTULTCOMP'] == dt][['FANTASIA', 'DESCRICAO']].drop_duplicates().to_dict('records')
g:\Meu Drive\offtrade\exportacao_meta.py:53: UserWarning: DataFrame columns are not unique, some columns will be omitted.
  prods = grp[grp['DTULTCOMP'] == dt][['FANTASIA', 'DESCRICAO']].drop_duplicates().to_dict('records')
g:\Meu Drive\offtrade\exportacao_meta.py:53: UserWarning: DataFrame columns are not unique, some columns will be omitted.
  prods = grp[grp['DTULTCOMP'] == dt][['FANTASIA', 'DESCRICAO']].drop_duplicates().to_dict('records')
g:\Meu Drive\offtrade\exportacao_meta.py:53: UserWarning: DataFrame columns are not unique, some columns will be omitted.
  prods = grp[grp['DTULTCOMP'] == dt][['FANTASIA', 'DESCRICAO']].drop_duplicates().to_dict('records')
g:\Meu Drive\offtrade\exportacao_meta.py:53: UserWarning: DataFrame columns are not unique, some columns will be omitted.
  prods = grp[grp['DTULTCOMP'] == dt][['FANTASIA', 'DESCRICAO']].drop_duplicates().to_dict('records')
g:\Meu Drive\offtrade\exportacao_meta.py:53: UserWarning: DataFrame columns are not unique, some columns will be omitted.
  prods = grp[grp['DTULTCOMP'] == dt][['FANTASIA', 'DESCRICAO']].drop_duplicates().to_dict('records')
g:\Meu Drive\offtrade\exportacao_meta.py:53: UserWarning: DataFrame columns are not unique, some columns will be omitted.
  prods = grp[grp['DTULTCOMP'] == dt][['FANTASIA', 'DESCRICAO']].drop_duplicates().to_dict('records')
g:\Meu Drive\offtrade\exportacao_meta.py:53: UserWarning: DataFrame columns are not unique, some columns will be omitted.
  prods = grp[grp['DTULTCOMP'] == dt][['FANTASIA', 'DESCRICAO']].drop_duplicates().to_dict('records')
g:\Meu Drive\offtrade\exportacao_meta.py:53: UserWarning: DataFrame columns are not unique, some columns will be omitted.
  prods = grp[grp['DTULTCOMP'] == dt][['FANTASIA', 'DESCRICAO']].drop_duplicates().to_dict('records')
g:\Meu Drive\offtrade\exportacao_meta.py:53: UserWarning: DataFrame columns are not unique, some columns will be omitted.
  prods = grp[grp['DTULTCOMP'] == dt][['FANTASIA', 'DESCRICAO']].drop_duplicates().to_dict('records')
g:\Meu Drive\offtrade\exportacao_meta.py:53: UserWarning: DataFrame columns are not unique, some columns will be omitted.
  prods = grp[grp['DTULTCOMP'] == dt][['FANTASIA', 'DESCRICAO']].drop_duplicates().to_dict('records')
g:\Meu Drive\offtrade\exportacao_meta.py:53: UserWarning: DataFrame columns are not unique, some columns will be omitted.
  prods = grp[grp['DTULTCOMP'] == dt][['FANTASIA', 'DESCRICAO']].drop_duplicates().to_dict('records')
g:\Meu Drive\offtrade\exportacao_meta.py:53: UserWarning: DataFrame columns are not unique, some columns will be omitted.
  prods = grp[grp['DTULTCOMP'] == dt][['FANTASIA', 'DESCRICAO']].drop_duplicates().to_dict('records')
g:\Meu Drive\offtrade\exportacao_meta.py:53: UserWarning: DataFrame columns are not unique, some columns will be omitted.
  prods = grp[grp['DTULTCOMP'] == dt][['FANTASIA', 'DESCRICAO']].drop_duplicates().to_dict('records')
g:\Meu Drive\offtrade\exportacao_meta.py:53: UserWarning: DataFrame columns are not unique, some columns will be omitted.
  prods = grp[grp['DTULTCOMP'] == dt][['FANTASIA', 'DESCRICAO']].drop_duplicates().to_dict('records')
g:\Meu Drive\offtrade\exportacao_meta.py:53: UserWarning: DataFrame columns are not unique, some columns will be omitted.
  prods = grp[grp['DTULTCOMP'] == dt][['FANTASIA', 'DESCRICAO']].drop_duplicates().to_dict('records')
g:\Meu Drive\offtrade\exportacao_meta.py:53: UserWarning: DataFrame columns are not unique, some columns will be omitted.
  prods = grp[grp['DTULTCOMP'] == dt][['FANTASIA', 'DESCRICAO']].drop_duplicates().to_dict('records')
g:\Meu Drive\offtrade\exportacao_meta.py:53: UserWarning: DataFrame columns are not unique, some columns will be omitted.
  prods = grp[grp['DTULTCOMP'] == dt][['FANTASIA', 'DESCRICAO']].drop_duplicates().to_dict('records')
g:\Meu Drive\offtrade\exportacao_meta.py:53: UserWarning: DataFrame columns are not unique, some columns will be omitted.
  prods = grp[grp['DTULTCOMP'] == dt][['FANTASIA', 'DESCRICAO']].drop_duplicates().to_dict('records')
g:\Meu Drive\offtrade\exportacao_meta.py:53: UserWarning: DataFrame columns are not unique, some columns will be omitted.
  prods = grp[grp['DTULTCOMP'] == dt][['FANTASIA', 'DESCRICAO']].drop_duplicates().to_dict('records')
g:\Meu Drive\offtrade\exportacao_meta.py:53: UserWarning: DataFrame columns are not unique, some columns will be omitted.
  prods = grp[grp['DTULTCOMP'] == dt][['FANTASIA', 'DESCRICAO']].drop_duplicates().to_dict('records')
g:\Meu Drive\offtrade\exportacao_meta.py:53: UserWarning: DataFrame columns are not unique, some columns will be omitted.
  prods = grp[grp['DTULTCOMP'] == dt][['FANTASIA', 'DESCRICAO']].drop_duplicates().to_dict('records')
g:\Meu Drive\offtrade\exportacao_meta.py:53: UserWarning: DataFrame columns are not unique, some columns will be omitted.
  prods = grp[grp['DTULTCOMP'] == dt][['FANTASIA', 'DESCRICAO']].drop_duplicates().to_dict('records')
g:\Meu Drive\offtrade\exportacao_meta.py:53: UserWarning: DataFrame columns are not unique, some columns will be omitted.
  prods = grp[grp['DTULTCOMP'] == dt][['FANTASIA', 'DESCRICAO']].drop_duplicates().to_dict('records')
g:\Meu Drive\offtrade\exportacao_meta.py:53: UserWarning: DataFrame columns are not unique, some columns will be omitted.
  prods = grp[grp['DTULTCOMP'] == dt][['FANTASIA', 'DESCRICAO']].drop_duplicates().to_dict('records')
g:\Meu Drive\offtrade\exportacao_meta.py:53: UserWarning: DataFrame columns are not unique, some columns will be omitted.
  prods = grp[grp['DTULTCOMP'] == dt][['FANTASIA', 'DESCRICAO']].drop_duplicates().to_dict('records')
g:\Meu Drive\offtrade\exportacao_meta.py:53: UserWarning: DataFrame columns are not unique, some columns will be omitted.
  prods = grp[grp['DTULTCOMP'] == dt][['FANTASIA', 'DESCRICAO']].drop_duplicates().to_dict('records')
g:\Meu Drive\offtrade\exportacao_meta.py:53: UserWarning: DataFrame columns are not unique, some columns will be omitted.
  prods = grp[grp['DTULTCOMP'] == dt][['FANTASIA', 'DESCRICAO']].drop_duplicates().to_dict('records')
g:\Meu Drive\offtrade\exportacao_meta.py:53: UserWarning: DataFrame columns are not unique, some columns will be omitted.
  prods = grp[grp['DTULTCOMP'] == dt][['FANTASIA', 'DESCRICAO']].drop_duplicates().to_dict('records')
g:\Meu Drive\offtrade\exportacao_meta.py:53: UserWarning: DataFrame columns are not unique, some columns will be omitted.
  prods = grp[grp['DTULTCOMP'] == dt][['FANTASIA', 'DESCRICAO']].drop_duplicates().to_dict('records')
g:\Meu Drive\offtrade\exportacao_meta.py:53: UserWarning: DataFrame columns are not unique, some columns will be omitted.
  prods = grp[grp['DTULTCOMP'] == dt][['FANTASIA', 'DESCRICAO']].drop_duplicates().to_dict('records')
g:\Meu Drive\offtrade\exportacao_meta.py:53: UserWarning: DataFrame columns are not unique, some columns will be omitted.
  prods = grp[grp['DTULTCOMP'] == dt][['FANTASIA', 'DESCRICAO']].drop_duplicates().to_dict('records')
g:\Meu Drive\offtrade\exportacao_meta.py:53: UserWarning: DataFrame columns are not unique, some columns will be omitted.
  prods = grp[grp['DTULTCOMP'] == dt][['FANTASIA', 'DESCRICAO']].drop_duplicates().to_dict('records')
g:\Meu Drive\offtrade\exportacao_meta.py:53: UserWarning: DataFrame columns are not unique, some columns will be omitted.
  prods = grp[grp['DTULTCOMP'] == dt][['FANTASIA', 'DESCRICAO']].drop_duplicates().to_dict('records')
g:\Meu Drive\offtrade\exportacao_meta.py:53: UserWarning: DataFrame columns are not unique, some columns will be omitted.
  prods = grp[grp['DTULTCOMP'] == dt][['FANTASIA', 'DESCRICAO']].drop_duplicates().to_dict('records')
g:\Meu Drive\offtrade\exportacao_meta.py:53: UserWarning: DataFrame columns are not unique, some columns will be omitted.
  prods = grp[grp['DTULTCOMP'] == dt][['FANTASIA', 'DESCRICAO']].drop_duplicates().to_dict('records')
g:\Meu Drive\offtrade\exportacao_meta.py:53: UserWarning: DataFrame columns are not unique, some columns will be omitted.
  prods = grp[grp['DTULTCOMP'] == dt][['FANTASIA', 'DESCRICAO']].drop_duplicates().to_dict('records')
g:\Meu Drive\offtrade\exportacao_meta.py:53: UserWarning: DataFrame columns are not unique, some columns will be omitted.
  prods = grp[grp['DTULTCOMP'] == dt][['FANTASIA', 'DESCRICAO']].drop_duplicates().to_dict('records')
g:\Meu Drive\offtrade\exportacao_meta.py:53: UserWarning: DataFrame columns are not unique, some columns will be omitted.
  prods = grp[grp['DTULTCOMP'] == dt][['FANTASIA', 'DESCRICAO']].drop_duplicates().to_dict('records')
g:\Meu Drive\offtrade\exportacao_meta.py:53: UserWarning: DataFrame columns are not unique, some columns will be omitted.
  prods = grp[grp['DTULTCOMP'] == dt][['FANTASIA', 'DESCRICAO']].drop_duplicates().to_dict('records')
g:\Meu Drive\offtrade\exportacao_meta.py:53: UserWarning: DataFrame columns are not unique, some columns will be omitted.
  prods = grp[grp['DTULTCOMP'] == dt][['FANTASIA', 'DESCRICAO']].drop_duplicates().to_dict('records')
g:\Meu Drive\offtrade\exportacao_meta.py:53: UserWarning: DataFrame columns are not unique, some columns will be omitted.
  prods = grp[grp['DTULTCOMP'] == dt][['FANTASIA', 'DESCRICAO']].drop_duplicates().to_dict('records')
g:\Meu Drive\offtrade\exportacao_meta.py:53: UserWarning: DataFrame columns are not unique, some columns will be omitted.
  prods = grp[grp['DTULTCOMP'] == dt][['FANTASIA', 'DESCRICAO']].drop_duplicates().to_dict('records')
g:\Meu Drive\offtrade\exportacao_meta.py:53: UserWarning: DataFrame columns are not unique, some columns will be omitted.
  prods = grp[grp['DTULTCOMP'] == dt][['FANTASIA', 'DESCRICAO']].drop_duplicates().to_dict('records')
g:\Meu Drive\offtrade\exportacao_meta.py:53: UserWarning: DataFrame columns are not unique, some columns will be omitted.
  prods = grp[grp['DTULTCOMP'] == dt][['FANTASIA', 'DESCRICAO']].drop_duplicates().to_dict('records')
g:\Meu Drive\offtrade\exportacao_meta.py:53: UserWarning: DataFrame columns are not unique, some columns will be omitted.
  prods = grp[grp['DTULTCOMP'] == dt][['FANTASIA', 'DESCRICAO']].drop_duplicates().to_dict('records')
g:\Meu Drive\offtrade\exportacao_meta.py:53: UserWarning: DataFrame columns are not unique, some columns will be omitted.
  prods = grp[grp['DTULTCOMP'] == dt][['FANTASIA', 'DESCRICAO']].drop_duplicates().to_dict('records')
g:\Meu Drive\offtrade\exportacao_meta.py:53: UserWarning: DataFrame columns are not unique, some columns will be omitted.
  prods = grp[grp['DTULTCOMP'] == dt][['FANTASIA', 'DESCRICAO']].drop_duplicates().to_dict('records')
g:\Meu Drive\offtrade\exportacao_meta.py:53: UserWarning: DataFrame columns are not unique, some columns will be omitted.
  prods = grp[grp['DTULTCOMP'] == dt][['FANTASIA', 'DESCRICAO']].drop_duplicates().to_dict('records')
g:\Meu Drive\offtrade\exportacao_meta.py:53: UserWarning: DataFrame columns are not unique, some columns will be omitted.
  prods = grp[grp['DTULTCOMP'] == dt][['FANTASIA', 'DESCRICAO']].drop_duplicates().to_dict('records')
g:\Meu Drive\offtrade\exportacao_meta.py:53: UserWarning: DataFrame columns are not unique, some columns will be omitted.
  prods = grp[grp['DTULTCOMP'] == dt][['FANTASIA', 'DESCRICAO']].drop_duplicates().to_dict('records')
g:\Meu Drive\offtrade\exportacao_meta.py:53: UserWarning: DataFrame columns are not unique, some columns will be omitted.
  prods = grp[grp['DTULTCOMP'] == dt][['FANTASIA', 'DESCRICAO']].drop_duplicates().to_dict('records')
g:\Meu Drive\offtrade\exportacao_meta.py:53: UserWarning: DataFrame columns are not unique, some columns will be omitted.
  prods = grp[grp['DTULTCOMP'] == dt][['FANTASIA', 'DESCRICAO']].drop_duplicates().to_dict('records')
g:\Meu Drive\offtrade\exportacao_meta.py:53: UserWarning: DataFrame columns are not unique, some columns will be omitted.
  prods = grp[grp['DTULTCOMP'] == dt][['FANTASIA', 'DESCRICAO']].drop_duplicates().to_dict('records')
g:\Meu Drive\offtrade\exportacao_meta.py:53: UserWarning: DataFrame columns are not unique, some columns will be omitted.
  prods = grp[grp['DTULTCOMP'] == dt][['FANTASIA', 'DESCRICAO']].drop_duplicates().to_dict('records')
g:\Meu Drive\offtrade\exportacao_meta.py:53: UserWarning: DataFrame columns are not unique, some columns will be omitted.
  prods = grp[grp['DTULTCOMP'] == dt][['FANTASIA', 'DESCRICAO']].drop_duplicates().to_dict('records')
g:\Meu Drive\offtrade\exportacao_meta.py:53: UserWarning: DataFrame columns are not unique, some columns will be omitted.
  prods = grp[grp['DTULTCOMP'] == dt][['FANTASIA', 'DESCRICAO']].drop_duplicates().to_dict('records')
g:\Meu Drive\offtrade\exportacao_meta.py:53: UserWarning: DataFrame columns are not unique, some columns will be omitted.
  prods = grp[grp['DTULTCOMP'] == dt][['FANTASIA', 'DESCRICAO']].drop_duplicates().to_dict('records')
g:\Meu Drive\offtrade\exportacao_meta.py:53: UserWarning: DataFrame columns are not unique, some columns will be omitted.
  prods = grp[grp['DTULTCOMP'] == dt][['FANTASIA', 'DESCRICAO']].drop_duplicates().to_dict('records')
g:\Meu Drive\offtrade\exportacao_meta.py:53: UserWarning: DataFrame columns are not unique, some columns will be omitted.
  prods = grp[grp['DTULTCOMP'] == dt][['FANTASIA', 'DESCRICAO']].drop_duplicates().to_dict('records')
g:\Meu Drive\offtrade\exportacao_meta.py:53: UserWarning: DataFrame columns are not unique, some columns will be omitted.
  prods = grp[grp['DTULTCOMP'] == dt][['FANTASIA', 'DESCRICAO']].drop_duplicates().to_dict('records')
g:\Meu Drive\offtrade\exportacao_meta.py:53: UserWarning: DataFrame columns are not unique, some columns will be omitted.
  prods = grp[grp['DTULTCOMP'] == dt][['FANTASIA', 'DESCRICAO']].drop_duplicates().to_dict('records')
g:\Meu Drive\offtrade\exportacao_meta.py:53: UserWarning: DataFrame columns are not unique, some columns will be omitted.
  prods = grp[grp['DTULTCOMP'] == dt][['FANTASIA', 'DESCRICAO']].drop_duplicates().to_dict('records')
g:\Meu Drive\offtrade\exportacao_meta.py:53: UserWarning: DataFrame columns are not unique, some columns will be omitted.
  prods = grp[grp['DTULTCOMP'] == dt][['FANTASIA', 'DESCRICAO']].drop_duplicates().to_dict('records')
g:\Meu Drive\offtrade\exportacao_meta.py:53: UserWarning: DataFrame columns are not unique, some columns will be omitted.
  prods = grp[grp['DTULTCOMP'] == dt][['FANTASIA', 'DESCRICAO']].drop_duplicates().to_dict('records')
g:\Meu Drive\offtrade\exportacao_meta.py:53: UserWarning: DataFrame columns are not unique, some columns will be omitted.
  prods = grp[grp['DTULTCOMP'] == dt][['FANTASIA', 'DESCRICAO']].drop_duplicates().to_dict('records')
g:\Meu Drive\offtrade\exportacao_meta.py:53: UserWarning: DataFrame columns are not unique, some columns will be omitted.
  prods = grp[grp['DTULTCOMP'] == dt][['FANTASIA', 'DESCRICAO']].drop_duplicates().to_dict('records')
g:\Meu Drive\offtrade\exportacao_meta.py:53: UserWarning: DataFrame columns are not unique, some columns will be omitted.
  prods = grp[grp['DTULTCOMP'] == dt][['FANTASIA', 'DESCRICAO']].drop_duplicates().to_dict('records')
g:\Meu Drive\offtrade\exportacao_meta.py:53: UserWarning: DataFrame columns are not unique, some columns will be omitted.
  prods = grp[grp['DTULTCOMP'] == dt][['FANTASIA', 'DESCRICAO']].drop_duplicates().to_dict('records')
g:\Meu Drive\offtrade\exportacao_meta.py:53: UserWarning: DataFrame columns are not unique, some columns will be omitted.
  prods = grp[grp['DTULTCOMP'] == dt][['FANTASIA', 'DESCRICAO']].drop_duplicates().to_dict('records')
g:\Meu Drive\offtrade\exportacao_meta.py:53: UserWarning: DataFrame columns are not unique, some columns will be omitted.
  prods = grp[grp['DTULTCOMP'] == dt][['FANTASIA', 'DESCRICAO']].drop_duplicates().to_dict('records')
g:\Meu Drive\offtrade\exportacao_meta.py:53: UserWarning: DataFrame columns are not unique, some columns will be omitted.
  prods = grp[grp['DTULTCOMP'] == dt][['FANTASIA', 'DESCRICAO']].drop_duplicates().to_dict('records')
g:\Meu Drive\offtrade\exportacao_meta.py:53: UserWarning: DataFrame columns are not unique, some columns will be omitted.
  prods = grp[grp['DTULTCOMP'] == dt][['FANTASIA', 'DESCRICAO']].drop_duplicates().to_dict('records')
g:\Meu Drive\offtrade\exportacao_meta.py:53: UserWarning: DataFrame columns are not unique, some columns will be omitted.
  prods = grp[grp['DTULTCOMP'] == dt][['FANTASIA', 'DESCRICAO']].drop_duplicates().to_dict('records')
g:\Meu Drive\offtrade\exportacao_meta.py:53: UserWarning: DataFrame columns are not unique, some columns will be omitted.
  prods = grp[grp['DTULTCOMP'] == dt][['FANTASIA', 'DESCRICAO']].drop_duplicates().to_dict('records')
g:\Meu Drive\offtrade\exportacao_meta.py:53: UserWarning: DataFrame columns are not unique, some columns will be omitted.
  prods = grp[grp['DTULTCOMP'] == dt][['FANTASIA', 'DESCRICAO']].drop_duplicates().to_dict('records')
g:\Meu Drive\offtrade\exportacao_meta.py:53: UserWarning: DataFrame columns are not unique, some columns will be omitted.
  prods = grp[grp['DTULTCOMP'] == dt][['FANTASIA', 'DESCRICAO']].drop_duplicates().to_dict('records')
g:\Meu Drive\offtrade\exportacao_meta.py:53: UserWarning: DataFrame columns are not unique, some columns will be omitted.
  prods = grp[grp['DTULTCOMP'] == dt][['FANTASIA', 'DESCRICAO']].drop_duplicates().to_dict('records')
g:\Meu Drive\offtrade\exportacao_meta.py:53: UserWarning: DataFrame columns are not unique, some columns will be omitted.
  prods = grp[grp['DTULTCOMP'] == dt][['FANTASIA', 'DESCRICAO']].drop_duplicates().to_dict('records')
g:\Meu Drive\offtrade\exportacao_meta.py:53: UserWarning: DataFrame columns are not unique, some columns will be omitted.
  prods = grp[grp['DTULTCOMP'] == dt][['FANTASIA', 'DESCRICAO']].drop_duplicates().to_dict('records')
g:\Meu Drive\offtrade\exportacao_meta.py:53: UserWarning: DataFrame columns are not unique, some columns will be omitted.
  prods = grp[grp['DTULTCOMP'] == dt][['FANTASIA', 'DESCRICAO']].drop_duplicates().to_dict('records')
g:\Meu Drive\offtrade\exportacao_meta.py:53: UserWarning: DataFrame columns are not unique, some columns will be omitted.
  prods = grp[grp['DTULTCOMP'] == dt][['FANTASIA', 'DESCRICAO']].drop_duplicates().to_dict('records')
g:\Meu Drive\offtrade\exportacao_meta.py:53: UserWarning: DataFrame columns are not unique, some columns will be omitted.
  prods = grp[grp['DTULTCOMP'] == dt][['FANTASIA', 'DESCRICAO']].drop_duplicates().to_dict('records')
g:\Meu Drive\offtrade\exportacao_meta.py:53: UserWarning: DataFrame columns are not unique, some columns will be omitted.
  prods = grp[grp['DTULTCOMP'] == dt][['FANTASIA', 'DESCRICAO']].drop_duplicates().to_dict('records')
g:\Meu Drive\offtrade\exportacao_meta.py:53: UserWarning: DataFrame columns are not unique, some columns will be omitted.
  prods = grp[grp['DTULTCOMP'] == dt][['FANTASIA', 'DESCRICAO']].drop_duplicates().to_dict('records')
g:\Meu Drive\offtrade\exportacao_meta.py:53: UserWarning: DataFrame columns are not unique, some columns will be omitted.
  prods = grp[grp['DTULTCOMP'] == dt][['FANTASIA', 'DESCRICAO']].drop_duplicates().to_dict('records')
g:\Meu Drive\offtrade\exportacao_meta.py:53: UserWarning: DataFrame columns are not unique, some columns will be omitted.
  prods = grp[grp['DTULTCOMP'] == dt][['FANTASIA', 'DESCRICAO']].drop_duplicates().to_dict('records')
g:\Meu Drive\offtrade\exportacao_meta.py:53: UserWarning: DataFrame columns are not unique, some columns will be omitted.
  prods = grp[grp['DTULTCOMP'] == dt][['FANTASIA', 'DESCRICAO']].drop_duplicates().to_dict('records')
g:\Meu Drive\offtrade\exportacao_meta.py:53: UserWarning: DataFrame columns are not unique, some columns will be omitted.
  prods = grp[grp['DTULTCOMP'] == dt][['FANTASIA', 'DESCRICAO']].drop_duplicates().to_dict('records')
g:\Meu Drive\offtrade\exportacao_meta.py:53: UserWarning: DataFrame columns are not unique, some columns will be omitted.
  prods = grp[grp['DTULTCOMP'] == dt][['FANTASIA', 'DESCRICAO']].drop_duplicates().to_dict('records')
g:\Meu Drive\offtrade\exportacao_meta.py:53: UserWarning: DataFrame columns are not unique, some columns will be omitted.
  prods = grp[grp['DTULTCOMP'] == dt][['FANTASIA', 'DESCRICAO']].drop_duplicates().to_dict('records')
g:\Meu Drive\offtrade\exportacao_meta.py:53: UserWarning: DataFrame columns are not unique, some columns will be omitted.
  prods = grp[grp['DTULTCOMP'] == dt][['FANTASIA', 'DESCRICAO']].drop_duplicates().to_dict('records')
g:\Meu Drive\offtrade\exportacao_meta.py:53: UserWarning: DataFrame columns are not unique, some columns will be omitted.
  prods = grp[grp['DTULTCOMP'] == dt][['FANTASIA', 'DESCRICAO']].drop_duplicates().to_dict('records')
g:\Meu Drive\offtrade\exportacao_meta.py:53: UserWarning: DataFrame columns are not unique, some columns will be omitted.
  prods = grp[grp['DTULTCOMP'] == dt][['FANTASIA', 'DESCRICAO']].drop_duplicates().to_dict('records')
g:\Meu Drive\offtrade\exportacao_meta.py:53: UserWarning: DataFrame columns are not unique, some columns will be omitted.
  prods = grp[grp['DTULTCOMP'] == dt][['FANTASIA', 'DESCRICAO']].drop_duplicates().to_dict('records')
g:\Meu Drive\offtrade\exportacao_meta.py:53: UserWarning: DataFrame columns are not unique, some columns will be omitted.
  prods = grp[grp['DTULTCOMP'] == dt][['FANTASIA', 'DESCRICAO']].drop_duplicates().to_dict('records')
g:\Meu Drive\offtrade\exportacao_meta.py:53: UserWarning: DataFrame columns are not unique, some columns will be omitted.
  prods = grp[grp['DTULTCOMP'] == dt][['FANTASIA', 'DESCRICAO']].drop_duplicates().to_dict('records')
g:\Meu Drive\offtrade\exportacao_meta.py:53: UserWarning: DataFrame columns are not unique, some columns will be omitted.
  prods = grp[grp['DTULTCOMP'] == dt][['FANTASIA', 'DESCRICAO']].drop_duplicates().to_dict('records')
g:\Meu Drive\offtrade\exportacao_meta.py:53: UserWarning: DataFrame columns are not unique, some columns will be omitted.
  prods = grp[grp['DTULTCOMP'] == dt][['FANTASIA', 'DESCRICAO']].drop_duplicates().to_dict('records')
g:\Meu Drive\offtrade\exportacao_meta.py:53: UserWarning: DataFrame columns are not unique, some columns will be omitted.
  prods = grp[grp['DTULTCOMP'] == dt][['FANTASIA', 'DESCRICAO']].drop_duplicates().to_dict('records')
g:\Meu Drive\offtrade\exportacao_meta.py:53: UserWarning: DataFrame columns are not unique, some columns will be omitted.
  prods = grp[grp['DTULTCOMP'] == dt][['FANTASIA', 'DESCRICAO']].drop_duplicates().to_dict('records')
g:\Meu Drive\offtrade\exportacao_meta.py:53: UserWarning: DataFrame columns are not unique, some columns will be omitted.
  prods = grp[grp['DTULTCOMP'] == dt][['FANTASIA', 'DESCRICAO']].drop_duplicates().to_dict('records')
g:\Meu Drive\offtrade\exportacao_meta.py:53: UserWarning: DataFrame columns are not unique, some columns will be omitted.
  prods = grp[grp['DTULTCOMP'] == dt][['FANTASIA', 'DESCRICAO']].drop_duplicates().to_dict('records')
g:\Meu Drive\offtrade\exportacao_meta.py:53: UserWarning: DataFrame columns are not unique, some columns will be omitted.
  prods = grp[grp['DTULTCOMP'] == dt][['FANTASIA', 'DESCRICAO']].drop_duplicates().to_dict('records')
g:\Meu Drive\offtrade\exportacao_meta.py:53: UserWarning: DataFrame columns are not unique, some columns will be omitted.
  prods = grp[grp['DTULTCOMP'] == dt][['FANTASIA', 'DESCRICAO']].drop_duplicates().to_dict('records')
g:\Meu Drive\offtrade\exportacao_meta.py:53: UserWarning: DataFrame columns are not unique, some columns will be omitted.
  prods = grp[grp['DTULTCOMP'] == dt][['FANTASIA', 'DESCRICAO']].drop_duplicates().to_dict('records')
g:\Meu Drive\offtrade\exportacao_meta.py:53: UserWarning: DataFrame columns are not unique, some columns will be omitted.
  prods = grp[grp['DTULTCOMP'] == dt][['FANTASIA', 'DESCRICAO']].drop_duplicates().to_dict('records')
g:\Meu Drive\offtrade\exportacao_meta.py:53: UserWarning: DataFrame columns are not unique, some columns will be omitted.
  prods = grp[grp['DTULTCOMP'] == dt][['FANTASIA', 'DESCRICAO']].drop_duplicates().to_dict('records')
g:\Meu Drive\offtrade\exportacao_meta.py:53: UserWarning: DataFrame columns are not unique, some columns will be omitted.
  prods = grp[grp['DTULTCOMP'] == dt][['FANTASIA', 'DESCRICAO']].drop_duplicates().to_dict('records')
g:\Meu Drive\offtrade\exportacao_meta.py:53: UserWarning: DataFrame columns are not unique, some columns will be omitted.
  prods = grp[grp['DTULTCOMP'] == dt][['FANTASIA', 'DESCRICAO']].drop_duplicates().to_dict('records')
g:\Meu Drive\offtrade\exportacao_meta.py:53: UserWarning: DataFrame columns are not unique, some columns will be omitted.
  prods = grp[grp['DTULTCOMP'] == dt][['FANTASIA', 'DESCRICAO']].drop_duplicates().to_dict('records')
g:\Meu Drive\offtrade\exportacao_meta.py:53: UserWarning: DataFrame columns are not unique, some columns will be omitted.
  prods = grp[grp['DTULTCOMP'] == dt][['FANTASIA', 'DESCRICAO']].drop_duplicates().to_dict('records')
g:\Meu Drive\offtrade\exportacao_meta.py:53: UserWarning: DataFrame columns are not unique, some columns will be omitted.
  prods = grp[grp['DTULTCOMP'] == dt][['FANTASIA', 'DESCRICAO']].drop_duplicates().to_dict('records')
g:\Meu Drive\offtrade\exportacao_meta.py:53: UserWarning: DataFrame columns are not unique, some columns will be omitted.
  prods = grp[grp['DTULTCOMP'] == dt][['FANTASIA', 'DESCRICAO']].drop_duplicates().to_dict('records')
g:\Meu Drive\offtrade\exportacao_meta.py:53: UserWarning: DataFrame columns are not unique, some columns will be omitted.
  prods = grp[grp['DTULTCOMP'] == dt][['FANTASIA', 'DESCRICAO']].drop_duplicates().to_dict('records')
g:\Meu Drive\offtrade\exportacao_meta.py:53: UserWarning: DataFrame columns are not unique, some columns will be omitted.
  prods = grp[grp['DTULTCOMP'] == dt][['FANTASIA', 'DESCRICAO']].drop_duplicates().to_dict('records')
g:\Meu Drive\offtrade\exportacao_meta.py:53: UserWarning: DataFrame columns are not unique, some columns will be omitted.
  prods = grp[grp['DTULTCOMP'] == dt][['FANTASIA', 'DESCRICAO']].drop_duplicates().to_dict('records')
g:\Meu Drive\offtrade\exportacao_meta.py:53: UserWarning: DataFrame columns are not unique, some columns will be omitted.
  prods = grp[grp['DTULTCOMP'] == dt][['FANTASIA', 'DESCRICAO']].drop_duplicates().to_dict('records')
g:\Meu Drive\offtrade\exportacao_meta.py:53: UserWarning: DataFrame columns are not unique, some columns will be omitted.
  prods = grp[grp['DTULTCOMP'] == dt][['FANTASIA', 'DESCRICAO']].drop_duplicates().to_dict('records')
g:\Meu Drive\offtrade\exportacao_meta.py:53: UserWarning: DataFrame columns are not unique, some columns will be omitted.
  prods = grp[grp['DTULTCOMP'] == dt][['FANTASIA', 'DESCRICAO']].drop_duplicates().to_dict('records')
g:\Meu Drive\offtrade\exportacao_meta.py:53: UserWarning: DataFrame columns are not unique, some columns will be omitted.
  prods = grp[grp['DTULTCOMP'] == dt][['FANTASIA', 'DESCRICAO']].drop_duplicates().to_dict('records')
g:\Meu Drive\offtrade\exportacao_meta.py:53: UserWarning: DataFrame columns are not unique, some columns will be omitted.
  prods = grp[grp['DTULTCOMP'] == dt][['FANTASIA', 'DESCRICAO']].drop_duplicates().to_dict('records')
g:\Meu Drive\offtrade\exportacao_meta.py:53: UserWarning: DataFrame columns are not unique, some columns will be omitted.
  prods = grp[grp['DTULTCOMP'] == dt][['FANTASIA', 'DESCRICAO']].drop_duplicates().to_dict('records')
g:\Meu Drive\offtrade\exportacao_meta.py:53: UserWarning: DataFrame columns are not unique, some columns will be omitted.
  prods = grp[grp['DTULTCOMP'] == dt][['FANTASIA', 'DESCRICAO']].drop_duplicates().to_dict('records')
g:\Meu Drive\offtrade\exportacao_meta.py:53: UserWarning: DataFrame columns are not unique, some columns will be omitted.
  prods = grp[grp['DTULTCOMP'] == dt][['FANTASIA', 'DESCRICAO']].drop_duplicates().to_dict('records')
g:\Meu Drive\offtrade\exportacao_meta.py:53: UserWarning: DataFrame columns are not unique, some columns will be omitted.
  prods = grp[grp['DTULTCOMP'] == dt][['FANTASIA', 'DESCRICAO']].drop_duplicates().to_dict('records')
g:\Meu Drive\offtrade\exportacao_meta.py:53: UserWarning: DataFrame columns are not unique, some columns will be omitted.
  prods = grp[grp['DTULTCOMP'] == dt][['FANTASIA', 'DESCRICAO']].drop_duplicates().to_dict('records')
g:\Meu Drive\offtrade\exportacao_meta.py:53: UserWarning: DataFrame columns are not unique, some columns will be omitted.
  prods = grp[grp['DTULTCOMP'] == dt][['FANTASIA', 'DESCRICAO']].drop_duplicates().to_dict('records')
g:\Meu Drive\offtrade\exportacao_meta.py:53: UserWarning: DataFrame columns are not unique, some columns will be omitted.
  prods = grp[grp['DTULTCOMP'] == dt][['FANTASIA', 'DESCRICAO']].drop_duplicates().to_dict('records')
g:\Meu Drive\offtrade\exportacao_meta.py:53: UserWarning: DataFrame columns are not unique, some columns will be omitted.
  prods = grp[grp['DTULTCOMP'] == dt][['FANTASIA', 'DESCRICAO']].drop_duplicates().to_dict('records')
g:\Meu Drive\offtrade\exportacao_meta.py:53: UserWarning: DataFrame columns are not unique, some columns will be omitted.
  prods = grp[grp['DTULTCOMP'] == dt][['FANTASIA', 'DESCRICAO']].drop_duplicates().to_dict('records')
g:\Meu Drive\offtrade\exportacao_meta.py:53: UserWarning: DataFrame columns are not unique, some columns will be omitted.
  prods = grp[grp['DTULTCOMP'] == dt][['FANTASIA', 'DESCRICAO']].drop_duplicates().to_dict('records')
g:\Meu Drive\offtrade\exportacao_meta.py:53: UserWarning: DataFrame columns are not unique, some columns will be omitted.
  prods = grp[grp['DTULTCOMP'] == dt][['FANTASIA', 'DESCRICAO']].drop_duplicates().to_dict('records')
g:\Meu Drive\offtrade\exportacao_meta.py:53: UserWarning: DataFrame columns are not unique, some columns will be omitted.
  prods = grp[grp['DTULTCOMP'] == dt][['FANTASIA', 'DESCRICAO']].drop_duplicates().to_dict('records')
g:\Meu Drive\offtrade\exportacao_meta.py:53: UserWarning: DataFrame columns are not unique, some columns will be omitted.
  prods = grp[grp['DTULTCOMP'] == dt][['FANTASIA', 'DESCRICAO']].drop_duplicates().to_dict('records')
g:\Meu Drive\offtrade\exportacao_meta.py:53: UserWarning: DataFrame columns are not unique, some columns will be omitted.
  prods = grp[grp['DTULTCOMP'] == dt][['FANTASIA', 'DESCRICAO']].drop_duplicates().to_dict('records')
g:\Meu Drive\offtrade\exportacao_meta.py:53: UserWarning: DataFrame columns are not unique, some columns will be omitted.
  prods = grp[grp['DTULTCOMP'] == dt][['FANTASIA', 'DESCRICAO']].drop_duplicates().to_dict('records')
g:\Meu Drive\offtrade\exportacao_meta.py:53: UserWarning: DataFrame columns are not unique, some columns will be omitted.
  prods = grp[grp['DTULTCOMP'] == dt][['FANTASIA', 'DESCRICAO']].drop_duplicates().to_dict('records')
g:\Meu Drive\offtrade\exportacao_meta.py:53: UserWarning: DataFrame columns are not unique, some columns will be omitted.
  prods = grp[grp['DTULTCOMP'] == dt][['FANTASIA', 'DESCRICAO']].drop_duplicates().to_dict('records')
g:\Meu Drive\offtrade\exportacao_meta.py:53: UserWarning: DataFrame columns are not unique, some columns will be omitted.
  prods = grp[grp['DTULTCOMP'] == dt][['FANTASIA', 'DESCRICAO']].drop_duplicates().to_dict('records')
g:\Meu Drive\offtrade\exportacao_meta.py:53: UserWarning: DataFrame columns are not unique, some columns will be omitted.
  prods = grp[grp['DTULTCOMP'] == dt][['FANTASIA', 'DESCRICAO']].drop_duplicates().to_dict('records')
g:\Meu Drive\offtrade\exportacao_meta.py:53: UserWarning: DataFrame columns are not unique, some columns will be omitted.
  prods = grp[grp['DTULTCOMP'] == dt][['FANTASIA', 'DESCRICAO']].drop_duplicates().to_dict('records')
g:\Meu Drive\offtrade\exportacao_meta.py:53: UserWarning: DataFrame columns are not unique, some columns will be omitted.
  prods = grp[grp['DTULTCOMP'] == dt][['FANTASIA', 'DESCRICAO']].drop_duplicates().to_dict('records')
g:\Meu Drive\offtrade\exportacao_meta.py:53: UserWarning: DataFrame columns are not unique, some columns will be omitted.
  prods = grp[grp['DTULTCOMP'] == dt][['FANTASIA', 'DESCRICAO']].drop_duplicates().to_dict('records')
g:\Meu Drive\offtrade\exportacao_meta.py:53: UserWarning: DataFrame columns are not unique, some columns will be omitted.
  prods = grp[grp['DTULTCOMP'] == dt][['FANTASIA', 'DESCRICAO']].drop_duplicates().to_dict('records')
g:\Meu Drive\offtrade\exportacao_meta.py:53: UserWarning: DataFrame columns are not unique, some columns will be omitted.
  prods = grp[grp['DTULTCOMP'] == dt][['FANTASIA', 'DESCRICAO']].drop_duplicates().to_dict('records')
g:\Meu Drive\offtrade\exportacao_meta.py:53: UserWarning: DataFrame columns are not unique, some columns will be omitted.
  prods = grp[grp['DTULTCOMP'] == dt][['FANTASIA', 'DESCRICAO']].drop_duplicates().to_dict('records')
g:\Meu Drive\offtrade\exportacao_meta.py:53: UserWarning: DataFrame columns are not unique, some columns will be omitted.
  prods = grp[grp['DTULTCOMP'] == dt][['FANTASIA', 'DESCRICAO']].drop_duplicates().to_dict('records')
g:\Meu Drive\offtrade\exportacao_meta.py:53: UserWarning: DataFrame columns are not unique, some columns will be omitted.
  prods = grp[grp['DTULTCOMP'] == dt][['FANTASIA', 'DESCRICAO']].drop_duplicates().to_dict('records')
g:\Meu Drive\offtrade\exportacao_meta.py:53: UserWarning: DataFrame columns are not unique, some columns will be omitted.
  prods = grp[grp['DTULTCOMP'] == dt][['FANTASIA', 'DESCRICAO']].drop_duplicates().to_dict('records')
g:\Meu Drive\offtrade\exportacao_meta.py:53: UserWarning: DataFrame columns are not unique, some columns will be omitted.
  prods = grp[grp['DTULTCOMP'] == dt][['FANTASIA', 'DESCRICAO']].drop_duplicates().to_dict('records')
g:\Meu Drive\offtrade\exportacao_meta.py:53: UserWarning: DataFrame columns are not unique, some columns will be omitted.
  prods = grp[grp['DTULTCOMP'] == dt][['FANTASIA', 'DESCRICAO']].drop_duplicates().to_dict('records')
g:\Meu Drive\offtrade\exportacao_meta.py:53: UserWarning: DataFrame columns are not unique, some columns will be omitted.
  prods = grp[grp['DTULTCOMP'] == dt][['FANTASIA', 'DESCRICAO']].drop_duplicates().to_dict('records')
g:\Meu Drive\offtrade\exportacao_meta.py:53: UserWarning: DataFrame columns are not unique, some columns will be omitted.
  prods = grp[grp['DTULTCOMP'] == dt][['FANTASIA', 'DESCRICAO']].drop_duplicates().to_dict('records')
g:\Meu Drive\offtrade\exportacao_meta.py:53: UserWarning: DataFrame columns are not unique, some columns will be omitted.
  prods = grp[grp['DTULTCOMP'] == dt][['FANTASIA', 'DESCRICAO']].drop_duplicates().to_dict('records')
g:\Meu Drive\offtrade\exportacao_meta.py:53: UserWarning: DataFrame columns are not unique, some columns will be omitted.
  prods = grp[grp['DTULTCOMP'] == dt][['FANTASIA', 'DESCRICAO']].drop_duplicates().to_dict('records')
g:\Meu Drive\offtrade\exportacao_meta.py:53: UserWarning: DataFrame columns are not unique, some columns will be omitted.
  prods = grp[grp['DTULTCOMP'] == dt][['FANTASIA', 'DESCRICAO']].drop_duplicates().to_dict('records')
g:\Meu Drive\offtrade\exportacao_meta.py:53: UserWarning: DataFrame columns are not unique, some columns will be omitted.
  prods = grp[grp['DTULTCOMP'] == dt][['FANTASIA', 'DESCRICAO']].drop_duplicates().to_dict('records')
g:\Meu Drive\offtrade\exportacao_meta.py:53: UserWarning: DataFrame columns are not unique, some columns will be omitted.
  prods = grp[grp['DTULTCOMP'] == dt][['FANTASIA', 'DESCRICAO']].drop_duplicates().to_dict('records')
g:\Meu Drive\offtrade\exportacao_meta.py:53: UserWarning: DataFrame columns are not unique, some columns will be omitted.
  prods = grp[grp['DTULTCOMP'] == dt][['FANTASIA', 'DESCRICAO']].drop_duplicates().to_dict('records')
g:\Meu Drive\offtrade\exportacao_meta.py:53: UserWarning: DataFrame columns are not unique, some columns will be omitted.
  prods = grp[grp['DTULTCOMP'] == dt][['FANTASIA', 'DESCRICAO']].drop_duplicates().to_dict('records')
g:\Meu Drive\offtrade\exportacao_meta.py:53: UserWarning: DataFrame columns are not unique, some columns will be omitted.
  prods = grp[grp['DTULTCOMP'] == dt][['FANTASIA', 'DESCRICAO']].drop_duplicates().to_dict('records')
g:\Meu Drive\offtrade\exportacao_meta.py:53: UserWarning: DataFrame columns are not unique, some columns will be omitted.
  prods = grp[grp['DTULTCOMP'] == dt][['FANTASIA', 'DESCRICAO']].drop_duplicates().to_dict('records')
g:\Meu Drive\offtrade\exportacao_meta.py:53: UserWarning: DataFrame columns are not unique, some columns will be omitted.
  prods = grp[grp['DTULTCOMP'] == dt][['FANTASIA', 'DESCRICAO']].drop_duplicates().to_dict('records')
g:\Meu Drive\offtrade\exportacao_meta.py:53: UserWarning: DataFrame columns are not unique, some columns will be omitted.
  prods = grp[grp['DTULTCOMP'] == dt][['FANTASIA', 'DESCRICAO']].drop_duplicates().to_dict('records')
g:\Meu Drive\offtrade\exportacao_meta.py:53: UserWarning: DataFrame columns are not unique, some columns will be omitted.
  prods = grp[grp['DTULTCOMP'] == dt][['FANTASIA', 'DESCRICAO']].drop_duplicates().to_dict('records')
g:\Meu Drive\offtrade\exportacao_meta.py:53: UserWarning: DataFrame columns are not unique, some columns will be omitted.
  prods = grp[grp['DTULTCOMP'] == dt][['FANTASIA', 'DESCRICAO']].drop_duplicates().to_dict('records')
g:\Meu Drive\offtrade\exportacao_meta.py:53: UserWarning: DataFrame columns are not unique, some columns will be omitted.
  prods = grp[grp['DTULTCOMP'] == dt][['FANTASIA', 'DESCRICAO']].drop_duplicates().to_dict('records')
g:\Meu Drive\offtrade\exportacao_meta.py:53: UserWarning: DataFrame columns are not unique, some columns will be omitted.
  prods = grp[grp['DTULTCOMP'] == dt][['FANTASIA', 'DESCRICAO']].drop_duplicates().to_dict('records')
g:\Meu Drive\offtrade\exportacao_meta.py:53: UserWarning: DataFrame columns are not unique, some columns will be omitted.
  prods = grp[grp['DTULTCOMP'] == dt][['FANTASIA', 'DESCRICAO']].drop_duplicates().to_dict('records')
g:\Meu Drive\offtrade\exportacao_meta.py:53: UserWarning: DataFrame columns are not unique, some columns will be omitted.
  prods = grp[grp['DTULTCOMP'] == dt][['FANTASIA', 'DESCRICAO']].drop_duplicates().to_dict('records')
g:\Meu Drive\offtrade\exportacao_meta.py:53: UserWarning: DataFrame columns are not unique, some columns will be omitted.
  prods = grp[grp['DTULTCOMP'] == dt][['FANTASIA', 'DESCRICAO']].drop_duplicates().to_dict('records')
g:\Meu Drive\offtrade\exportacao_meta.py:53: UserWarning: DataFrame columns are not unique, some columns will be omitted.
  prods = grp[grp['DTULTCOMP'] == dt][['FANTASIA', 'DESCRICAO']].drop_duplicates().to_dict('records')
g:\Meu Drive\offtrade\exportacao_meta.py:53: UserWarning: DataFrame columns are not unique, some columns will be omitted.
  prods = grp[grp['DTULTCOMP'] == dt][['FANTASIA', 'DESCRICAO']].drop_duplicates().to_dict('records')
g:\Meu Drive\offtrade\exportacao_meta.py:53: UserWarning: DataFrame columns are not unique, some columns will be omitted.
  prods = grp[grp['DTULTCOMP'] == dt][['FANTASIA', 'DESCRICAO']].drop_duplicates().to_dict('records')
g:\Meu Drive\offtrade\exportacao_meta.py:53: UserWarning: DataFrame columns are not unique, some columns will be omitted.
  prods = grp[grp['DTULTCOMP'] == dt][['FANTASIA', 'DESCRICAO']].drop_duplicates().to_dict('records')
g:\Meu Drive\offtrade\exportacao_meta.py:53: UserWarning: DataFrame columns are not unique, some columns will be omitted.
  prods = grp[grp['DTULTCOMP'] == dt][['FANTASIA', 'DESCRICAO']].drop_duplicates().to_dict('records')
g:\Meu Drive\offtrade\exportacao_meta.py:53: UserWarning: DataFrame columns are not unique, some columns will be omitted.
  prods = grp[grp['DTULTCOMP'] == dt][['FANTASIA', 'DESCRICAO']].drop_duplicates().to_dict('records')
g:\Meu Drive\offtrade\exportacao_meta.py:53: UserWarning: DataFrame columns are not unique, some columns will be omitted.
  prods = grp[grp['DTULTCOMP'] == dt][['FANTASIA', 'DESCRICAO']].drop_duplicates().to_dict('records')
g:\Meu Drive\offtrade\exportacao_meta.py:53: UserWarning: DataFrame columns are not unique, some columns will be omitted.
  prods = grp[grp['DTULTCOMP'] == dt][['FANTASIA', 'DESCRICAO']].drop_duplicates().to_dict('records')
g:\Meu Drive\offtrade\exportacao_meta.py:53: UserWarning: DataFrame columns are not unique, some columns will be omitted.
  prods = grp[grp['DTULTCOMP'] == dt][['FANTASIA', 'DESCRICAO']].drop_duplicates().to_dict('records')
g:\Meu Drive\offtrade\exportacao_meta.py:53: UserWarning: DataFrame columns are not unique, some columns will be omitted.
  prods = grp[grp['DTULTCOMP'] == dt][['FANTASIA', 'DESCRICAO']].drop_duplicates().to_dict('records')
g:\Meu Drive\offtrade\exportacao_meta.py:53: UserWarning: DataFrame columns are not unique, some columns will be omitted.
  prods = grp[grp['DTULTCOMP'] == dt][['FANTASIA', 'DESCRICAO']].drop_duplicates().to_dict('records')
g:\Meu Drive\offtrade\exportacao_meta.py:53: UserWarning: DataFrame columns are not unique, some columns will be omitted.
  prods = grp[grp['DTULTCOMP'] == dt][['FANTASIA', 'DESCRICAO']].drop_duplicates().to_dict('records')
g:\Meu Drive\offtrade\exportacao_meta.py:53: UserWarning: DataFrame columns are not unique, some columns will be omitted.
  prods = grp[grp['DTULTCOMP'] == dt][['FANTASIA', 'DESCRICAO']].drop_duplicates().to_dict('records')
g:\Meu Drive\offtrade\exportacao_meta.py:53: UserWarning: DataFrame columns are not unique, some columns will be omitted.
  prods = grp[grp['DTULTCOMP'] == dt][['FANTASIA', 'DESCRICAO']].drop_duplicates().to_dict('records')
g:\Meu Drive\offtrade\exportacao_meta.py:53: UserWarning: DataFrame columns are not unique, some columns will be omitted.
  prods = grp[grp['DTULTCOMP'] == dt][['FANTASIA', 'DESCRICAO']].drop_duplicates().to_dict('records')
g:\Meu Drive\offtrade\exportacao_meta.py:53: UserWarning: DataFrame columns are not unique, some columns will be omitted.
  prods = grp[grp['DTULTCOMP'] == dt][['FANTASIA', 'DESCRICAO']].drop_duplicates().to_dict('records')
g:\Meu Drive\offtrade\exportacao_meta.py:53: UserWarning: DataFrame columns are not unique, some columns will be omitted.
  prods = grp[grp['DTULTCOMP'] == dt][['FANTASIA', 'DESCRICAO']].drop_duplicates().to_dict('records')
g:\Meu Drive\offtrade\exportacao_meta.py:53: UserWarning: DataFrame columns are not unique, some columns will be omitted.
  prods = grp[grp['DTULTCOMP'] == dt][['FANTASIA', 'DESCRICAO']].drop_duplicates().to_dict('records')
g:\Meu Drive\offtrade\exportacao_meta.py:53: UserWarning: DataFrame columns are not unique, some columns will be omitted.
  prods = grp[grp['DTULTCOMP'] == dt][['FANTASIA', 'DESCRICAO']].drop_duplicates().to_dict('records')
g:\Meu Drive\offtrade\exportacao_meta.py:53: UserWarning: DataFrame columns are not unique, some columns will be omitted.
  prods = grp[grp['DTULTCOMP'] == dt][['FANTASIA', 'DESCRICAO']].drop_duplicates().to_dict('records')
g:\Meu Drive\offtrade\exportacao_meta.py:53: UserWarning: DataFrame columns are not unique, some columns will be omitted.
  prods = grp[grp['DTULTCOMP'] == dt][['FANTASIA', 'DESCRICAO']].drop_duplicates().to_dict('records')
g:\Meu Drive\offtrade\exportacao_meta.py:53: UserWarning: DataFrame columns are not unique, some columns will be omitted.
  prods = grp[grp['DTULTCOMP'] == dt][['FANTASIA', 'DESCRICAO']].drop_duplicates().to_dict('records')
g:\Meu Drive\offtrade\exportacao_meta.py:53: UserWarning: DataFrame columns are not unique, some columns will be omitted.
  prods = grp[grp['DTULTCOMP'] == dt][['FANTASIA', 'DESCRICAO']].drop_duplicates().to_dict('records')
g:\Meu Drive\offtrade\exportacao_meta.py:53: UserWarning: DataFrame columns are not unique, some columns will be omitted.
  prods = grp[grp['DTULTCOMP'] == dt][['FANTASIA', 'DESCRICAO']].drop_duplicates().to_dict('records')
g:\Meu Drive\offtrade\exportacao_meta.py:53: UserWarning: DataFrame columns are not unique, some columns will be omitted.
  prods = grp[grp['DTULTCOMP'] == dt][['FANTASIA', 'DESCRICAO']].drop_duplicates().to_dict('records')
g:\Meu Drive\offtrade\exportacao_meta.py:53: UserWarning: DataFrame columns are not unique, some columns will be omitted.
  prods = grp[grp['DTULTCOMP'] == dt][['FANTASIA', 'DESCRICAO']].drop_duplicates().to_dict('records')
g:\Meu Drive\offtrade\exportacao_meta.py:53: UserWarning: DataFrame columns are not unique, some columns will be omitted.
  prods = grp[grp['DTULTCOMP'] == dt][['FANTASIA', 'DESCRICAO']].drop_duplicates().to_dict('records')
g:\Meu Drive\offtrade\exportacao_meta.py:53: UserWarning: DataFrame columns are not unique, some columns will be omitted.
  prods = grp[grp['DTULTCOMP'] == dt][['FANTASIA', 'DESCRICAO']].drop_duplicates().to_dict('records')
g:\Meu Drive\offtrade\exportacao_meta.py:53: UserWarning: DataFrame columns are not unique, some columns will be omitted.
  prods = grp[grp['DTULTCOMP'] == dt][['FANTASIA', 'DESCRICAO']].drop_duplicates().to_dict('records')
g:\Meu Drive\offtrade\exportacao_meta.py:53: UserWarning: DataFrame columns are not unique, some columns will be omitted.
  prods = grp[grp['DTULTCOMP'] == dt][['FANTASIA', 'DESCRICAO']].drop_duplicates().to_dict('records')
g:\Meu Drive\offtrade\exportacao_meta.py:53: UserWarning: DataFrame columns are not unique, some columns will be omitted.
  prods = grp[grp['DTULTCOMP'] == dt][['FANTASIA', 'DESCRICAO']].drop_duplicates().to_dict('records')
g:\Meu Drive\offtrade\exportacao_meta.py:53: UserWarning: DataFrame columns are not unique, some columns will be omitted.
  prods = grp[grp['DTULTCOMP'] == dt][['FANTASIA', 'DESCRICAO']].drop_duplicates().to_dict('records')
g:\Meu Drive\offtrade\exportacao_meta.py:53: UserWarning: DataFrame columns are not unique, some columns will be omitted.
  prods = grp[grp['DTULTCOMP'] == dt][['FANTASIA', 'DESCRICAO']].drop_duplicates().to_dict('records')
g:\Meu Drive\offtrade\exportacao_meta.py:53: UserWarning: DataFrame columns are not unique, some columns will be omitted.
  prods = grp[grp['DTULTCOMP'] == dt][['FANTASIA', 'DESCRICAO']].drop_duplicates().to_dict('records')
g:\Meu Drive\offtrade\exportacao_meta.py:53: UserWarning: DataFrame columns are not unique, some columns will be omitted.
  prods = grp[grp['DTULTCOMP'] == dt][['FANTASIA', 'DESCRICAO']].drop_duplicates().to_dict('records')
g:\Meu Drive\offtrade\exportacao_meta.py:53: UserWarning: DataFrame columns are not unique, some columns will be omitted.
  prods = grp[grp['DTULTCOMP'] == dt][['FANTASIA', 'DESCRICAO']].drop_duplicates().to_dict('records')
g:\Meu Drive\offtrade\exportacao_meta.py:53: UserWarning: DataFrame columns are not unique, some columns will be omitted.
  prods = grp[grp['DTULTCOMP'] == dt][['FANTASIA', 'DESCRICAO']].drop_duplicates().to_dict('records')
g:\Meu Drive\offtrade\exportacao_meta.py:53: UserWarning: DataFrame columns are not unique, some columns will be omitted.
  prods = grp[grp['DTULTCOMP'] == dt][['FANTASIA', 'DESCRICAO']].drop_duplicates().to_dict('records')
g:\Meu Drive\offtrade\exportacao_meta.py:53: UserWarning: DataFrame columns are not unique, some columns will be omitted.
  prods = grp[grp['DTULTCOMP'] == dt][['FANTASIA', 'DESCRICAO']].drop_duplicates().to_dict('records')
g:\Meu Drive\offtrade\exportacao_meta.py:53: UserWarning: DataFrame columns are not unique, some columns will be omitted.
  prods = grp[grp['DTULTCOMP'] == dt][['FANTASIA', 'DESCRICAO']].drop_duplicates().to_dict('records')
g:\Meu Drive\offtrade\exportacao_meta.py:53: UserWarning: DataFrame columns are not unique, some columns will be omitted.
  prods = grp[grp['DTULTCOMP'] == dt][['FANTASIA', 'DESCRICAO']].drop_duplicates().to_dict('records')
g:\Meu Drive\offtrade\exportacao_meta.py:53: UserWarning: DataFrame columns are not unique, some columns will be omitted.
  prods = grp[grp['DTULTCOMP'] == dt][['FANTASIA', 'DESCRICAO']].drop_duplicates().to_dict('records')
g:\Meu Drive\offtrade\exportacao_meta.py:53: UserWarning: DataFrame columns are not unique, some columns will be omitted.
  prods = grp[grp['DTULTCOMP'] == dt][['FANTASIA', 'DESCRICAO']].drop_duplicates().to_dict('records')
g:\Meu Drive\offtrade\exportacao_meta.py:53: UserWarning: DataFrame columns are not unique, some columns will be omitted.
  prods = grp[grp['DTULTCOMP'] == dt][['FANTASIA', 'DESCRICAO']].drop_duplicates().to_dict('records')
g:\Meu Drive\offtrade\exportacao_meta.py:53: UserWarning: DataFrame columns are not unique, some columns will be omitted.
  prods = grp[grp['DTULTCOMP'] == dt][['FANTASIA', 'DESCRICAO']].drop_duplicates().to_dict('records')
g:\Meu Drive\offtrade\exportacao_meta.py:53: UserWarning: DataFrame columns are not unique, some columns will be omitted.
  prods = grp[grp['DTULTCOMP'] == dt][['FANTASIA', 'DESCRICAO']].drop_duplicates().to_dict('records')
g:\Meu Drive\offtrade\exportacao_meta.py:53: UserWarning: DataFrame columns are not unique, some columns will be omitted.
  prods = grp[grp['DTULTCOMP'] == dt][['FANTASIA', 'DESCRICAO']].drop_duplicates().to_dict('records')
g:\Meu Drive\offtrade\exportacao_meta.py:53: UserWarning: DataFrame columns are not unique, some columns will be omitted.
  prods = grp[grp['DTULTCOMP'] == dt][['FANTASIA', 'DESCRICAO']].drop_duplicates().to_dict('records')
g:\Meu Drive\offtrade\exportacao_meta.py:53: UserWarning: DataFrame columns are not unique, some columns will be omitted.
  prods = grp[grp['DTULTCOMP'] == dt][['FANTASIA', 'DESCRICAO']].drop_duplicates().to_dict('records')
g:\Meu Drive\offtrade\exportacao_meta.py:53: UserWarning: DataFrame columns are not unique, some columns will be omitted.
  prods = grp[grp['DTULTCOMP'] == dt][['FANTASIA', 'DESCRICAO']].drop_duplicates().to_dict('records')
g:\Meu Drive\offtrade\exportacao_meta.py:53: UserWarning: DataFrame columns are not unique, some columns will be omitted.
  prods = grp[grp['DTULTCOMP'] == dt][['FANTASIA', 'DESCRICAO']].drop_duplicates().to_dict('records')
g:\Meu Drive\offtrade\exportacao_meta.py:53: UserWarning: DataFrame columns are not unique, some columns will be omitted.
  prods = grp[grp['DTULTCOMP'] == dt][['FANTASIA', 'DESCRICAO']].drop_duplicates().to_dict('records')
g:\Meu Drive\offtrade\exportacao_meta.py:53: UserWarning: DataFrame columns are not unique, some columns will be omitted.
  prods = grp[grp['DTULTCOMP'] == dt][['FANTASIA', 'DESCRICAO']].drop_duplicates().to_dict('records')
g:\Meu Drive\offtrade\exportacao_meta.py:53: UserWarning: DataFrame columns are not unique, some columns will be omitted.
  prods = grp[grp['DTULTCOMP'] == dt][['FANTASIA', 'DESCRICAO']].drop_duplicates().to_dict('records')
g:\Meu Drive\offtrade\exportacao_meta.py:53: UserWarning: DataFrame columns are not unique, some columns will be omitted.
  prods = grp[grp['DTULTCOMP'] == dt][['FANTASIA', 'DESCRICAO']].drop_duplicates().to_dict('records')
g:\Meu Drive\offtrade\exportacao_meta.py:53: UserWarning: DataFrame columns are not unique, some columns will be omitted.
  prods = grp[grp['DTULTCOMP'] == dt][['FANTASIA', 'DESCRICAO']].drop_duplicates().to_dict('records')
g:\Meu Drive\offtrade\exportacao_meta.py:53: UserWarning: DataFrame columns are not unique, some columns will be omitted.
  prods = grp[grp['DTULTCOMP'] == dt][['FANTASIA', 'DESCRICAO']].drop_duplicates().to_dict('records')
g:\Meu Drive\offtrade\exportacao_meta.py:53: UserWarning: DataFrame columns are not unique, some columns will be omitted.
  prods = grp[grp['DTULTCOMP'] == dt][['FANTASIA', 'DESCRICAO']].drop_duplicates().to_dict('records')
g:\Meu Drive\offtrade\exportacao_meta.py:53: UserWarning: DataFrame columns are not unique, some columns will be omitted.
  prods = grp[grp['DTULTCOMP'] == dt][['FANTASIA', 'DESCRICAO']].drop_duplicates().to_dict('records')
g:\Meu Drive\offtrade\exportacao_meta.py:53: UserWarning: DataFrame columns are not unique, some columns will be omitted.
  prods = grp[grp['DTULTCOMP'] == dt][['FANTASIA', 'DESCRICAO']].drop_duplicates().to_dict('records')
g:\Meu Drive\offtrade\exportacao_meta.py:53: UserWarning: DataFrame columns are not unique, some columns will be omitted.
  prods = grp[grp['DTULTCOMP'] == dt][['FANTASIA', 'DESCRICAO']].drop_duplicates().to_dict('records')
g:\Meu Drive\offtrade\exportacao_meta.py:53: UserWarning: DataFrame columns are not unique, some columns will be omitted.
  prods = grp[grp['DTULTCOMP'] == dt][['FANTASIA', 'DESCRICAO']].drop_duplicates().to_dict('records')
g:\Meu Drive\offtrade\exportacao_meta.py:53: UserWarning: DataFrame columns are not unique, some columns will be omitted.
  prods = grp[grp['DTULTCOMP'] == dt][['FANTASIA', 'DESCRICAO']].drop_duplicates().to_dict('records')
g:\Meu Drive\offtrade\exportacao_meta.py:53: UserWarning: DataFrame columns are not unique, some columns will be omitted.
  prods = grp[grp['DTULTCOMP'] == dt][['FANTASIA', 'DESCRICAO']].drop_duplicates().to_dict('records')
g:\Meu Drive\offtrade\exportacao_meta.py:53: UserWarning: DataFrame columns are not unique, some columns will be omitted.
  prods = grp[grp['DTULTCOMP'] == dt][['FANTASIA', 'DESCRICAO']].drop_duplicates().to_dict('records')
g:\Meu Drive\offtrade\exportacao_meta.py:53: UserWarning: DataFrame columns are not unique, some columns will be omitted.
  prods = grp[grp['DTULTCOMP'] == dt][['FANTASIA', 'DESCRICAO']].drop_duplicates().to_dict('records')
g:\Meu Drive\offtrade\exportacao_meta.py:53: UserWarning: DataFrame columns are not unique, some columns will be omitted.
  prods = grp[grp['DTULTCOMP'] == dt][['FANTASIA', 'DESCRICAO']].drop_duplicates().to_dict('records')
g:\Meu Drive\offtrade\exportacao_meta.py:53: UserWarning: DataFrame columns are not unique, some columns will be omitted.
  prods = grp[grp['DTULTCOMP'] == dt][['FANTASIA', 'DESCRICAO']].drop_duplicates().to_dict('records')
g:\Meu Drive\offtrade\exportacao_meta.py:53: UserWarning: DataFrame columns are not unique, some columns will be omitted.
  prods = grp[grp['DTULTCOMP'] == dt][['FANTASIA', 'DESCRICAO']].drop_duplicates().to_dict('records')
g:\Meu Drive\offtrade\exportacao_meta.py:53: UserWarning: DataFrame columns are not unique, some columns will be omitted.
  prods = grp[grp['DTULTCOMP'] == dt][['FANTASIA', 'DESCRICAO']].drop_duplicates().to_dict('records')
g:\Meu Drive\offtrade\exportacao_meta.py:53: UserWarning: DataFrame columns are not unique, some columns will be omitted.
  prods = grp[grp['DTULTCOMP'] == dt][['FANTASIA', 'DESCRICAO']].drop_duplicates().to_dict('records')
g:\Meu Drive\offtrade\exportacao_meta.py:53: UserWarning: DataFrame columns are not unique, some columns will be omitted.
  prods = grp[grp['DTULTCOMP'] == dt][['FANTASIA', 'DESCRICAO']].drop_duplicates().to_dict('records')
g:\Meu Drive\offtrade\exportacao_meta.py:53: UserWarning: DataFrame columns are not unique, some columns will be omitted.
  prods = grp[grp['DTULTCOMP'] == dt][['FANTASIA', 'DESCRICAO']].drop_duplicates().to_dict('records')
g:\Meu Drive\offtrade\exportacao_meta.py:53: UserWarning: DataFrame columns are not unique, some columns will be omitted.
  prods = grp[grp['DTULTCOMP'] == dt][['FANTASIA', 'DESCRICAO']].drop_duplicates().to_dict('records')
g:\Meu Drive\offtrade\exportacao_meta.py:53: UserWarning: DataFrame columns are not unique, some columns will be omitted.
  prods = grp[grp['DTULTCOMP'] == dt][['FANTASIA', 'DESCRICAO']].drop_duplicates().to_dict('records')
g:\Meu Drive\offtrade\exportacao_meta.py:53: UserWarning: DataFrame columns are not unique, some columns will be omitted.
  prods = grp[grp['DTULTCOMP'] == dt][['FANTASIA', 'DESCRICAO']].drop_duplicates().to_dict('records')
g:\Meu Drive\offtrade\exportacao_meta.py:53: UserWarning: DataFrame columns are not unique, some columns will be omitted.
  prods = grp[grp['DTULTCOMP'] == dt][['FANTASIA', 'DESCRICAO']].drop_duplicates().to_dict('records')
g:\Meu Drive\offtrade\exportacao_meta.py:53: UserWarning: DataFrame columns are not unique, some columns will be omitted.
  prods = grp[grp['DTULTCOMP'] == dt][['FANTASIA', 'DESCRICAO']].drop_duplicates().to_dict('records')
g:\Meu Drive\offtrade\exportacao_meta.py:53: UserWarning: DataFrame columns are not unique, some columns will be omitted.
  prods = grp[grp['DTULTCOMP'] == dt][['FANTASIA', 'DESCRICAO']].drop_duplicates().to_dict('records')
g:\Meu Drive\offtrade\exportacao_meta.py:53: UserWarning: DataFrame columns are not unique, some columns will be omitted.
  prods = grp[grp['DTULTCOMP'] == dt][['FANTASIA', 'DESCRICAO']].drop_duplicates().to_dict('records')
g:\Meu Drive\offtrade\exportacao_meta.py:53: UserWarning: DataFrame columns are not unique, some columns will be omitted.
  prods = grp[grp['DTULTCOMP'] == dt][['FANTASIA', 'DESCRICAO']].drop_duplicates().to_dict('records')
g:\Meu Drive\offtrade\exportacao_meta.py:53: UserWarning: DataFrame columns are not unique, some columns will be omitted.
  prods = grp[grp['DTULTCOMP'] == dt][['FANTASIA', 'DESCRICAO']].drop_duplicates().to_dict('records')
g:\Meu Drive\offtrade\exportacao_meta.py:53: UserWarning: DataFrame columns are not unique, some columns will be omitted.
  prods = grp[grp['DTULTCOMP'] == dt][['FANTASIA', 'DESCRICAO']].drop_duplicates().to_dict('records')
g:\Meu Drive\offtrade\exportacao_meta.py:53: UserWarning: DataFrame columns are not unique, some columns will be omitted.
  prods = grp[grp['DTULTCOMP'] == dt][['FANTASIA', 'DESCRICAO']].drop_duplicates().to_dict('records')
g:\Meu Drive\offtrade\exportacao_meta.py:53: UserWarning: DataFrame columns are not unique, some columns will be omitted.
  prods = grp[grp['DTULTCOMP'] == dt][['FANTASIA', 'DESCRICAO']].drop_duplicates().to_dict('records')
g:\Meu Drive\offtrade\exportacao_meta.py:53: UserWarning: DataFrame columns are not unique, some columns will be omitted.
  prods = grp[grp['DTULTCOMP'] == dt][['FANTASIA', 'DESCRICAO']].drop_duplicates().to_dict('records')
g:\Meu Drive\offtrade\exportacao_meta.py:53: UserWarning: DataFrame columns are not unique, some columns will be omitted.
  prods = grp[grp['DTULTCOMP'] == dt][['FANTASIA', 'DESCRICAO']].drop_duplicates().to_dict('records')
g:\Meu Drive\offtrade\exportacao_meta.py:53: UserWarning: DataFrame columns are not unique, some columns will be omitted.
  prods = grp[grp['DTULTCOMP'] == dt][['FANTASIA', 'DESCRICAO']].drop_duplicates().to_dict('records')
g:\Meu Drive\offtrade\exportacao_meta.py:53: UserWarning: DataFrame columns are not unique, some columns will be omitted.
  prods = grp[grp['DTULTCOMP'] == dt][['FANTASIA', 'DESCRICAO']].drop_duplicates().to_dict('records')
g:\Meu Drive\offtrade\exportacao_meta.py:53: UserWarning: DataFrame columns are not unique, some columns will be omitted.
  prods = grp[grp['DTULTCOMP'] == dt][['FANTASIA', 'DESCRICAO']].drop_duplicates().to_dict('records')
g:\Meu Drive\offtrade\exportacao_meta.py:53: UserWarning: DataFrame columns are not unique, some columns will be omitted.
  prods = grp[grp['DTULTCOMP'] == dt][['FANTASIA', 'DESCRICAO']].drop_duplicates().to_dict('records')
g:\Meu Drive\offtrade\exportacao_meta.py:53: UserWarning: DataFrame columns are not unique, some columns will be omitted.
  prods = grp[grp['DTULTCOMP'] == dt][['FANTASIA', 'DESCRICAO']].drop_duplicates().to_dict('records')
g:\Meu Drive\offtrade\exportacao_meta.py:53: UserWarning: DataFrame columns are not unique, some columns will be omitted.
  prods = grp[grp['DTULTCOMP'] == dt][['FANTASIA', 'DESCRICAO']].drop_duplicates().to_dict('records')
g:\Meu Drive\offtrade\exportacao_meta.py:53: UserWarning: DataFrame columns are not unique, some columns will be omitted.
  prods = grp[grp['DTULTCOMP'] == dt][['FANTASIA', 'DESCRICAO']].drop_duplicates().to_dict('records')
g:\Meu Drive\offtrade\exportacao_meta.py:53: UserWarning: DataFrame columns are not unique, some columns will be omitted.
  prods = grp[grp['DTULTCOMP'] == dt][['FANTASIA', 'DESCRICAO']].drop_duplicates().to_dict('records')
g:\Meu Drive\offtrade\exportacao_meta.py:53: UserWarning: DataFrame columns are not unique, some columns will be omitted.
  prods = grp[grp['DTULTCOMP'] == dt][['FANTASIA', 'DESCRICAO']].drop_duplicates().to_dict('records')
g:\Meu Drive\offtrade\exportacao_meta.py:53: UserWarning: DataFrame columns are not unique, some columns will be omitted.
  prods = grp[grp['DTULTCOMP'] == dt][['FANTASIA', 'DESCRICAO']].drop_duplicates().to_dict('records')
g:\Meu Drive\offtrade\exportacao_meta.py:53: UserWarning: DataFrame columns are not unique, some columns will be omitted.
  prods = grp[grp['DTULTCOMP'] == dt][['FANTASIA', 'DESCRICAO']].drop_duplicates().to_dict('records')
g:\Meu Drive\offtrade\exportacao_meta.py:53: UserWarning: DataFrame columns are not unique, some columns will be omitted.
  prods = grp[grp['DTULTCOMP'] == dt][['FANTASIA', 'DESCRICAO']].drop_duplicates().to_dict('records')
g:\Meu Drive\offtrade\exportacao_meta.py:53: UserWarning: DataFrame columns are not unique, some columns will be omitted.
  prods = grp[grp['DTULTCOMP'] == dt][['FANTASIA', 'DESCRICAO']].drop_duplicates().to_dict('records')
g:\Meu Drive\offtrade\exportacao_meta.py:53: UserWarning: DataFrame columns are not unique, some columns will be omitted.
  prods = grp[grp['DTULTCOMP'] == dt][['FANTASIA', 'DESCRICAO']].drop_duplicates().to_dict('records')
g:\Meu Drive\offtrade\exportacao_meta.py:53: UserWarning: DataFrame columns are not unique, some columns will be omitted.
  prods = grp[grp['DTULTCOMP'] == dt][['FANTASIA', 'DESCRICAO']].drop_duplicates().to_dict('records')
g:\Meu Drive\offtrade\exportacao_meta.py:53: UserWarning: DataFrame columns are not unique, some columns will be omitted.
  prods = grp[grp['DTULTCOMP'] == dt][['FANTASIA', 'DESCRICAO']].drop_duplicates().to_dict('records')
g:\Meu Drive\offtrade\exportacao_meta.py:53: UserWarning: DataFrame columns are not unique, some columns will be omitted.
  prods = grp[grp['DTULTCOMP'] == dt][['FANTASIA', 'DESCRICAO']].drop_duplicates().to_dict('records')
g:\Meu Drive\offtrade\exportacao_meta.py:53: UserWarning: DataFrame columns are not unique, some columns will be omitted.
  prods = grp[grp['DTULTCOMP'] == dt][['FANTASIA', 'DESCRICAO']].drop_duplicates().to_dict('records')
g:\Meu Drive\offtrade\exportacao_meta.py:53: UserWarning: DataFrame columns are not unique, some columns will be omitted.
  prods = grp[grp['DTULTCOMP'] == dt][['FANTASIA', 'DESCRICAO']].drop_duplicates().to_dict('records')
g:\Meu Drive\offtrade\exportacao_meta.py:53: UserWarning: DataFrame columns are not unique, some columns will be omitted.
  prods = grp[grp['DTULTCOMP'] == dt][['FANTASIA', 'DESCRICAO']].drop_duplicates().to_dict('records')
g:\Meu Drive\offtrade\exportacao_meta.py:53: UserWarning: DataFrame columns are not unique, some columns will be omitted.
  prods = grp[grp['DTULTCOMP'] == dt][['FANTASIA', 'DESCRICAO']].drop_duplicates().to_dict('records')
g:\Meu Drive\offtrade\exportacao_meta.py:53: UserWarning: DataFrame columns are not unique, some columns will be omitted.
  prods = grp[grp['DTULTCOMP'] == dt][['FANTASIA', 'DESCRICAO']].drop_duplicates().to_dict('records')
g:\Meu Drive\offtrade\exportacao_meta.py:53: UserWarning: DataFrame columns are not unique, some columns will be omitted.
  prods = grp[grp['DTULTCOMP'] == dt][['FANTASIA', 'DESCRICAO']].drop_duplicates().to_dict('records')
g:\Meu Drive\offtrade\exportacao_meta.py:53: UserWarning: DataFrame columns are not unique, some columns will be omitted.
  prods = grp[grp['DTULTCOMP'] == dt][['FANTASIA', 'DESCRICAO']].drop_duplicates().to_dict('records')
g:\Meu Drive\offtrade\exportacao_meta.py:53: UserWarning: DataFrame columns are not unique, some columns will be omitted.
  prods = grp[grp['DTULTCOMP'] == dt][['FANTASIA', 'DESCRICAO']].drop_duplicates().to_dict('records')
g:\Meu Drive\offtrade\exportacao_meta.py:53: UserWarning: DataFrame columns are not unique, some columns will be omitted.
  prods = grp[grp['DTULTCOMP'] == dt][['FANTASIA', 'DESCRICAO']].drop_duplicates().to_dict('records')
g:\Meu Drive\offtrade\exportacao_meta.py:53: UserWarning: DataFrame columns are not unique, some columns will be omitted.
  prods = grp[grp['DTULTCOMP'] == dt][['FANTASIA', 'DESCRICAO']].drop_duplicates().to_dict('records')
g:\Meu Drive\offtrade\exportacao_meta.py:53: UserWarning: DataFrame columns are not unique, some columns will be omitted.
  prods = grp[grp['DTULTCOMP'] == dt][['FANTASIA', 'DESCRICAO']].drop_duplicates().to_dict('records')
g:\Meu Drive\offtrade\exportacao_meta.py:53: UserWarning: DataFrame columns are not unique, some columns will be omitted.
  prods = grp[grp['DTULTCOMP'] == dt][['FANTASIA', 'DESCRICAO']].drop_duplicates().to_dict('records')
g:\Meu Drive\offtrade\exportacao_meta.py:53: UserWarning: DataFrame columns are not unique, some columns will be omitted.
  prods = grp[grp['DTULTCOMP'] == dt][['FANTASIA', 'DESCRICAO']].drop_duplicates().to_dict('records')
g:\Meu Drive\offtrade\exportacao_meta.py:53: UserWarning: DataFrame columns are not unique, some columns will be omitted.
  prods = grp[grp['DTULTCOMP'] == dt][['FANTASIA', 'DESCRICAO']].drop_duplicates().to_dict('records')
g:\Meu Drive\offtrade\exportacao_meta.py:53: UserWarning: DataFrame columns are not unique, some columns will be omitted.
  prods = grp[grp['DTULTCOMP'] == dt][['FANTASIA', 'DESCRICAO']].drop_duplicates().to_dict('records')
g:\Meu Drive\offtrade\exportacao_meta.py:53: UserWarning: DataFrame columns are not unique, some columns will be omitted.
  prods = grp[grp['DTULTCOMP'] == dt][['FANTASIA', 'DESCRICAO']].drop_duplicates().to_dict('records')
g:\Meu Drive\offtrade\exportacao_meta.py:53: UserWarning: DataFrame columns are not unique, some columns will be omitted.
  prods = grp[grp['DTULTCOMP'] == dt][['FANTASIA', 'DESCRICAO']].drop_duplicates().to_dict('records')
g:\Meu Drive\offtrade\exportacao_meta.py:53: UserWarning: DataFrame columns are not unique, some columns will be omitted.
  prods = grp[grp['DTULTCOMP'] == dt][['FANTASIA', 'DESCRICAO']].drop_duplicates().to_dict('records')
g:\Meu Drive\offtrade\exportacao_meta.py:53: UserWarning: DataFrame columns are not unique, some columns will be omitted.
  prods = grp[grp['DTULTCOMP'] == dt][['FANTASIA', 'DESCRICAO']].drop_duplicates().to_dict('records')
g:\Meu Drive\offtrade\exportacao_meta.py:53: UserWarning: DataFrame columns are not unique, some columns will be omitted.
  prods = grp[grp['DTULTCOMP'] == dt][['FANTASIA', 'DESCRICAO']].drop_duplicates().to_dict('records')
g:\Meu Drive\offtrade\exportacao_meta.py:53: UserWarning: DataFrame columns are not unique, some columns will be omitted.
  prods = grp[grp['DTULTCOMP'] == dt][['FANTASIA', 'DESCRICAO']].drop_duplicates().to_dict('records')
g:\Meu Drive\offtrade\exportacao_meta.py:53: UserWarning: DataFrame columns are not unique, some columns will be omitted.
  prods = grp[grp['DTULTCOMP'] == dt][['FANTASIA', 'DESCRICAO']].drop_duplicates().to_dict('records')
g:\Meu Drive\offtrade\exportacao_meta.py:53: UserWarning: DataFrame columns are not unique, some columns will be omitted.
  prods = grp[grp['DTULTCOMP'] == dt][['FANTASIA', 'DESCRICAO']].drop_duplicates().to_dict('records')
g:\Meu Drive\offtrade\exportacao_meta.py:53: UserWarning: DataFrame columns are not unique, some columns will be omitted.
  prods = grp[grp['DTULTCOMP'] == dt][['FANTASIA', 'DESCRICAO']].drop_duplicates().to_dict('records')
g:\Meu Drive\offtrade\exportacao_meta.py:53: UserWarning: DataFrame columns are not unique, some columns will be omitted.
  prods = grp[grp['DTULTCOMP'] == dt][['FANTASIA', 'DESCRICAO']].drop_duplicates().to_dict('records')
g:\Meu Drive\offtrade\exportacao_meta.py:53: UserWarning: DataFrame columns are not unique, some columns will be omitted.
  prods = grp[grp['DTULTCOMP'] == dt][['FANTASIA', 'DESCRICAO']].drop_duplicates().to_dict('records')
g:\Meu Drive\offtrade\exportacao_meta.py:53: UserWarning: DataFrame columns are not unique, some columns will be omitted.
  prods = grp[grp['DTULTCOMP'] == dt][['FANTASIA', 'DESCRICAO']].drop_duplicates().to_dict('records')
g:\Meu Drive\offtrade\exportacao_meta.py:53: UserWarning: DataFrame columns are not unique, some columns will be omitted.
  prods = grp[grp['DTULTCOMP'] == dt][['FANTASIA', 'DESCRICAO']].drop_duplicates().to_dict('records')
g:\Meu Drive\offtrade\exportacao_meta.py:53: UserWarning: DataFrame columns are not unique, some columns will be omitted.
  prods = grp[grp['DTULTCOMP'] == dt][['FANTASIA', 'DESCRICAO']].drop_duplicates().to_dict('records')
g:\Meu Drive\offtrade\exportacao_meta.py:53: UserWarning: DataFrame columns are not unique, some columns will be omitted.
  prods = grp[grp['DTULTCOMP'] == dt][['FANTASIA', 'DESCRICAO']].drop_duplicates().to_dict('records')
g:\Meu Drive\offtrade\exportacao_meta.py:53: UserWarning: DataFrame columns are not unique, some columns will be omitted.
  prods = grp[grp['DTULTCOMP'] == dt][['FANTASIA', 'DESCRICAO']].drop_duplicates().to_dict('records')
g:\Meu Drive\offtrade\exportacao_meta.py:53: UserWarning: DataFrame columns are not unique, some columns will be omitted.
  prods = grp[grp['DTULTCOMP'] == dt][['FANTASIA', 'DESCRICAO']].drop_duplicates().to_dict('records')
g:\Meu Drive\offtrade\exportacao_meta.py:53: UserWarning: DataFrame columns are not unique, some columns will be omitted.
  prods = grp[grp['DTULTCOMP'] == dt][['FANTASIA', 'DESCRICAO']].drop_duplicates().to_dict('records')
g:\Meu Drive\offtrade\exportacao_meta.py:53: UserWarning: DataFrame columns are not unique, some columns will be omitted.
  prods = grp[grp['DTULTCOMP'] == dt][['FANTASIA', 'DESCRICAO']].drop_duplicates().to_dict('records')
g:\Meu Drive\offtrade\exportacao_meta.py:53: UserWarning: DataFrame columns are not unique, some columns will be omitted.
  prods = grp[grp['DTULTCOMP'] == dt][['FANTASIA', 'DESCRICAO']].drop_duplicates().to_dict('records')
g:\Meu Drive\offtrade\exportacao_meta.py:53: UserWarning: DataFrame columns are not unique, some columns will be omitted.
  prods = grp[grp['DTULTCOMP'] == dt][['FANTASIA', 'DESCRICAO']].drop_duplicates().to_dict('records')
g:\Meu Drive\offtrade\exportacao_meta.py:53: UserWarning: DataFrame columns are not unique, some columns will be omitted.
  prods = grp[grp['DTULTCOMP'] == dt][['FANTASIA', 'DESCRICAO']].drop_duplicates().to_dict('records')
g:\Meu Drive\offtrade\exportacao_meta.py:53: UserWarning: DataFrame columns are not unique, some columns will be omitted.
  prods = grp[grp['DTULTCOMP'] == dt][['FANTASIA', 'DESCRICAO']].drop_duplicates().to_dict('records')
g:\Meu Drive\offtrade\exportacao_meta.py:53: UserWarning: DataFrame columns are not unique, some columns will be omitted.
  prods = grp[grp['DTULTCOMP'] == dt][['FANTASIA', 'DESCRICAO']].drop_duplicates().to_dict('records')
g:\Meu Drive\offtrade\exportacao_meta.py:53: UserWarning: DataFrame columns are not unique, some columns will be omitted.
  prods = grp[grp['DTULTCOMP'] == dt][['FANTASIA', 'DESCRICAO']].drop_duplicates().to_dict('records')
g:\Meu Drive\offtrade\exportacao_meta.py:53: UserWarning: DataFrame columns are not unique, some columns will be omitted.
  prods = grp[grp['DTULTCOMP'] == dt][['FANTASIA', 'DESCRICAO']].drop_duplicates().to_dict('records')
g:\Meu Drive\offtrade\exportacao_meta.py:53: UserWarning: DataFrame columns are not unique, some columns will be omitted.
  prods = grp[grp['DTULTCOMP'] == dt][['FANTASIA', 'DESCRICAO']].drop_duplicates().to_dict('records')
g:\Meu Drive\offtrade\exportacao_meta.py:53: UserWarning: DataFrame columns are not unique, some columns will be omitted.
  prods = grp[grp['DTULTCOMP'] == dt][['FANTASIA', 'DESCRICAO']].drop_duplicates().to_dict('records')
g:\Meu Drive\offtrade\exportacao_meta.py:53: UserWarning: DataFrame columns are not unique, some columns will be omitted.
  prods = grp[grp['DTULTCOMP'] == dt][['FANTASIA', 'DESCRICAO']].drop_duplicates().to_dict('records')
g:\Meu Drive\offtrade\exportacao_meta.py:53: UserWarning: DataFrame columns are not unique, some columns will be omitted.
  prods = grp[grp['DTULTCOMP'] == dt][['FANTASIA', 'DESCRICAO']].drop_duplicates().to_dict('records')
g:\Meu Drive\offtrade\exportacao_meta.py:53: UserWarning: DataFrame columns are not unique, some columns will be omitted.
  prods = grp[grp['DTULTCOMP'] == dt][['FANTASIA', 'DESCRICAO']].drop_duplicates().to_dict('records')
g:\Meu Drive\offtrade\exportacao_meta.py:53: UserWarning: DataFrame columns are not unique, some columns will be omitted.
  prods = grp[grp['DTULTCOMP'] == dt][['FANTASIA', 'DESCRICAO']].drop_duplicates().to_dict('records')
g:\Meu Drive\offtrade\exportacao_meta.py:53: UserWarning: DataFrame columns are not unique, some columns will be omitted.
  prods = grp[grp['DTULTCOMP'] == dt][['FANTASIA', 'DESCRICAO']].drop_duplicates().to_dict('records')
g:\Meu Drive\offtrade\exportacao_meta.py:53: UserWarning: DataFrame columns are not unique, some columns will be omitted.
  prods = grp[grp['DTULTCOMP'] == dt][['FANTASIA', 'DESCRICAO']].drop_duplicates().to_dict('records')
g:\Meu Drive\offtrade\exportacao_meta.py:53: UserWarning: DataFrame columns are not unique, some columns will be omitted.
  prods = grp[grp['DTULTCOMP'] == dt][['FANTASIA', 'DESCRICAO']].drop_duplicates().to_dict('records')
g:\Meu Drive\offtrade\exportacao_meta.py:53: UserWarning: DataFrame columns are not unique, some columns will be omitted.
  prods = grp[grp['DTULTCOMP'] == dt][['FANTASIA', 'DESCRICAO']].drop_duplicates().to_dict('records')
g:\Meu Drive\offtrade\exportacao_meta.py:53: UserWarning: DataFrame columns are not unique, some columns will be omitted.
  prods = grp[grp['DTULTCOMP'] == dt][['FANTASIA', 'DESCRICAO']].drop_duplicates().to_dict('records')
g:\Meu Drive\offtrade\exportacao_meta.py:53: UserWarning: DataFrame columns are not unique, some columns will be omitted.
  prods = grp[grp['DTULTCOMP'] == dt][['FANTASIA', 'DESCRICAO']].drop_duplicates().to_dict('records')
g:\Meu Drive\offtrade\exportacao_meta.py:53: UserWarning: DataFrame columns are not unique, some columns will be omitted.
  prods = grp[grp['DTULTCOMP'] == dt][['FANTASIA', 'DESCRICAO']].drop_duplicates().to_dict('records')
g:\Meu Drive\offtrade\exportacao_meta.py:53: UserWarning: DataFrame columns are not unique, some columns will be omitted.
  prods = grp[grp['DTULTCOMP'] == dt][['FANTASIA', 'DESCRICAO']].drop_duplicates().to_dict('records')
g:\Meu Drive\offtrade\exportacao_meta.py:53: UserWarning: DataFrame columns are not unique, some columns will be omitted.
  prods = grp[grp['DTULTCOMP'] == dt][['FANTASIA', 'DESCRICAO']].drop_duplicates().to_dict('records')
g:\Meu Drive\offtrade\exportacao_meta.py:53: UserWarning: DataFrame columns are not unique, some columns will be omitted.
  prods = grp[grp['DTULTCOMP'] == dt][['FANTASIA', 'DESCRICAO']].drop_duplicates().to_dict('records')
g:\Meu Drive\offtrade\exportacao_meta.py:53: UserWarning: DataFrame columns are not unique, some columns will be omitted.
  prods = grp[grp['DTULTCOMP'] == dt][['FANTASIA', 'DESCRICAO']].drop_duplicates().to_dict('records')
g:\Meu Drive\offtrade\exportacao_meta.py:53: UserWarning: DataFrame columns are not unique, some columns will be omitted.
  prods = grp[grp['DTULTCOMP'] == dt][['FANTASIA', 'DESCRICAO']].drop_duplicates().to_dict('records')
g:\Meu Drive\offtrade\exportacao_meta.py:53: UserWarning: DataFrame columns are not unique, some columns will be omitted.
  prods = grp[grp['DTULTCOMP'] == dt][['FANTASIA', 'DESCRICAO']].drop_duplicates().to_dict('records')
g:\Meu Drive\offtrade\exportacao_meta.py:53: UserWarning: DataFrame columns are not unique, some columns will be omitted.
  prods = grp[grp['DTULTCOMP'] == dt][['FANTASIA', 'DESCRICAO']].drop_duplicates().to_dict('records')
g:\Meu Drive\offtrade\exportacao_meta.py:53: UserWarning: DataFrame columns are not unique, some columns will be omitted.
  prods = grp[grp['DTULTCOMP'] == dt][['FANTASIA', 'DESCRICAO']].drop_duplicates().to_dict('records')
g:\Meu Drive\offtrade\exportacao_meta.py:53: UserWarning: DataFrame columns are not unique, some columns will be omitted.
  prods = grp[grp['DTULTCOMP'] == dt][['FANTASIA', 'DESCRICAO']].drop_duplicates().to_dict('records')
g:\Meu Drive\offtrade\exportacao_meta.py:53: UserWarning: DataFrame columns are not unique, some columns will be omitted.
  prods = grp[grp['DTULTCOMP'] == dt][['FANTASIA', 'DESCRICAO']].drop_duplicates().to_dict('records')
g:\Meu Drive\offtrade\exportacao_meta.py:53: UserWarning: DataFrame columns are not unique, some columns will be omitted.
  prods = grp[grp['DTULTCOMP'] == dt][['FANTASIA', 'DESCRICAO']].drop_duplicates().to_dict('records')
g:\Meu Drive\offtrade\exportacao_meta.py:53: UserWarning: DataFrame columns are not unique, some columns will be omitted.
  prods = grp[grp['DTULTCOMP'] == dt][['FANTASIA', 'DESCRICAO']].drop_duplicates().to_dict('records')
g:\Meu Drive\offtrade\exportacao_meta.py:53: UserWarning: DataFrame columns are not unique, some columns will be omitted.
  prods = grp[grp['DTULTCOMP'] == dt][['FANTASIA', 'DESCRICAO']].drop_duplicates().to_dict('records')
g:\Meu Drive\offtrade\exportacao_meta.py:53: UserWarning: DataFrame columns are not unique, some columns will be omitted.
  prods = grp[grp['DTULTCOMP'] == dt][['FANTASIA', 'DESCRICAO']].drop_duplicates().to_dict('records')
g:\Meu Drive\offtrade\exportacao_meta.py:53: UserWarning: DataFrame columns are not unique, some columns will be omitted.
  prods = grp[grp['DTULTCOMP'] == dt][['FANTASIA', 'DESCRICAO']].drop_duplicates().to_dict('records')
g:\Meu Drive\offtrade\exportacao_meta.py:53: UserWarning: DataFrame columns are not unique, some columns will be omitted.
  prods = grp[grp['DTULTCOMP'] == dt][['FANTASIA', 'DESCRICAO']].drop_duplicates().to_dict('records')
g:\Meu Drive\offtrade\exportacao_meta.py:53: UserWarning: DataFrame columns are not unique, some columns will be omitted.
  prods = grp[grp['DTULTCOMP'] == dt][['FANTASIA', 'DESCRICAO']].drop_duplicates().to_dict('records')
g:\Meu Drive\offtrade\exportacao_meta.py:53: UserWarning: DataFrame columns are not unique, some columns will be omitted.
  prods = grp[grp['DTULTCOMP'] == dt][['FANTASIA', 'DESCRICAO']].drop_duplicates().to_dict('records')
g:\Meu Drive\offtrade\exportacao_meta.py:53: UserWarning: DataFrame columns are not unique, some columns will be omitted.
  prods = grp[grp['DTULTCOMP'] == dt][['FANTASIA', 'DESCRICAO']].drop_duplicates().to_dict('records')
g:\Meu Drive\offtrade\exportacao_meta.py:53: UserWarning: DataFrame columns are not unique, some columns will be omitted.
  prods = grp[grp['DTULTCOMP'] == dt][['FANTASIA', 'DESCRICAO']].drop_duplicates().to_dict('records')
g:\Meu Drive\offtrade\exportacao_meta.py:53: UserWarning: DataFrame columns are not unique, some columns will be omitted.
  prods = grp[grp['DTULTCOMP'] == dt][['FANTASIA', 'DESCRICAO']].drop_duplicates().to_dict('records')
g:\Meu Drive\offtrade\exportacao_meta.py:53: UserWarning: DataFrame columns are not unique, some columns will be omitted.
  prods = grp[grp['DTULTCOMP'] == dt][['FANTASIA', 'DESCRICAO']].drop_duplicates().to_dict('records')
g:\Meu Drive\offtrade\exportacao_meta.py:53: UserWarning: DataFrame columns are not unique, some columns will be omitted.
  prods = grp[grp['DTULTCOMP'] == dt][['FANTASIA', 'DESCRICAO']].drop_duplicates().to_dict('records')
g:\Meu Drive\offtrade\exportacao_meta.py:53: UserWarning: DataFrame columns are not unique, some columns will be omitted.
  prods = grp[grp['DTULTCOMP'] == dt][['FANTASIA', 'DESCRICAO']].drop_duplicates().to_dict('records')
g:\Meu Drive\offtrade\exportacao_meta.py:53: UserWarning: DataFrame columns are not unique, some columns will be omitted.
  prods = grp[grp['DTULTCOMP'] == dt][['FANTASIA', 'DESCRICAO']].drop_duplicates().to_dict('records')
g:\Meu Drive\offtrade\exportacao_meta.py:53: UserWarning: DataFrame columns are not unique, some columns will be omitted.
  prods = grp[grp['DTULTCOMP'] == dt][['FANTASIA', 'DESCRICAO']].drop_duplicates().to_dict('records')
g:\Meu Drive\offtrade\exportacao_meta.py:53: UserWarning: DataFrame columns are not unique, some columns will be omitted.
  prods = grp[grp['DTULTCOMP'] == dt][['FANTASIA', 'DESCRICAO']].drop_duplicates().to_dict('records')
g:\Meu Drive\offtrade\exportacao_meta.py:53: UserWarning: DataFrame columns are not unique, some columns will be omitted.
  prods = grp[grp['DTULTCOMP'] == dt][['FANTASIA', 'DESCRICAO']].drop_duplicates().to_dict('records')
g:\Meu Drive\offtrade\exportacao_meta.py:53: UserWarning: DataFrame columns are not unique, some columns will be omitted.
  prods = grp[grp['DTULTCOMP'] == dt][['FANTASIA', 'DESCRICAO']].drop_duplicates().to_dict('records')
g:\Meu Drive\offtrade\exportacao_meta.py:53: UserWarning: DataFrame columns are not unique, some columns will be omitted.
  prods = grp[grp['DTULTCOMP'] == dt][['FANTASIA', 'DESCRICAO']].drop_duplicates().to_dict('records')
g:\Meu Drive\offtrade\exportacao_meta.py:53: UserWarning: DataFrame columns are not unique, some columns will be omitted.
  prods = grp[grp['DTULTCOMP'] == dt][['FANTASIA', 'DESCRICAO']].drop_duplicates().to_dict('records')
g:\Meu Drive\offtrade\exportacao_meta.py:53: UserWarning: DataFrame columns are not unique, some columns will be omitted.
  prods = grp[grp['DTULTCOMP'] == dt][['FANTASIA', 'DESCRICAO']].drop_duplicates().to_dict('records')
g:\Meu Drive\offtrade\exportacao_meta.py:53: UserWarning: DataFrame columns are not unique, some columns will be omitted.
  prods = grp[grp['DTULTCOMP'] == dt][['FANTASIA', 'DESCRICAO']].drop_duplicates().to_dict('records')
g:\Meu Drive\offtrade\exportacao_meta.py:53: UserWarning: DataFrame columns are not unique, some columns will be omitted.
  prods = grp[grp['DTULTCOMP'] == dt][['FANTASIA', 'DESCRICAO']].drop_duplicates().to_dict('records')
g:\Meu Drive\offtrade\exportacao_meta.py:53: UserWarning: DataFrame columns are not unique, some columns will be omitted.
  prods = grp[grp['DTULTCOMP'] == dt][['FANTASIA', 'DESCRICAO']].drop_duplicates().to_dict('records')
g:\Meu Drive\offtrade\exportacao_meta.py:53: UserWarning: DataFrame columns are not unique, some columns will be omitted.
  prods = grp[grp['DTULTCOMP'] == dt][['FANTASIA', 'DESCRICAO']].drop_duplicates().to_dict('records')
g:\Meu Drive\offtrade\exportacao_meta.py:53: UserWarning: DataFrame columns are not unique, some columns will be omitted.
  prods = grp[grp['DTULTCOMP'] == dt][['FANTASIA', 'DESCRICAO']].drop_duplicates().to_dict('records')
g:\Meu Drive\offtrade\exportacao_meta.py:53: UserWarning: DataFrame columns are not unique, some columns will be omitted.
  prods = grp[grp['DTULTCOMP'] == dt][['FANTASIA', 'DESCRICAO']].drop_duplicates().to_dict('records')
g:\Meu Drive\offtrade\exportacao_meta.py:53: UserWarning: DataFrame columns are not unique, some columns will be omitted.
  prods = grp[grp['DTULTCOMP'] == dt][['FANTASIA', 'DESCRICAO']].drop_duplicates().to_dict('records')
g:\Meu Drive\offtrade\exportacao_meta.py:53: UserWarning: DataFrame columns are not unique, some columns will be omitted.
  prods = grp[grp['DTULTCOMP'] == dt][['FANTASIA', 'DESCRICAO']].drop_duplicates().to_dict('records')
g:\Meu Drive\offtrade\exportacao_meta.py:53: UserWarning: DataFrame columns are not unique, some columns will be omitted.
  prods = grp[grp['DTULTCOMP'] == dt][['FANTASIA', 'DESCRICAO']].drop_duplicates().to_dict('records')
g:\Meu Drive\offtrade\exportacao_meta.py:53: UserWarning: DataFrame columns are not unique, some columns will be omitted.
  prods = grp[grp['DTULTCOMP'] == dt][['FANTASIA', 'DESCRICAO']].drop_duplicates().to_dict('records')
g:\Meu Drive\offtrade\exportacao_meta.py:53: UserWarning: DataFrame columns are not unique, some columns will be omitted.
  prods = grp[grp['DTULTCOMP'] == dt][['FANTASIA', 'DESCRICAO']].drop_duplicates().to_dict('records')
g:\Meu Drive\offtrade\exportacao_meta.py:53: UserWarning: DataFrame columns are not unique, some columns will be omitted.
  prods = grp[grp['DTULTCOMP'] == dt][['FANTASIA', 'DESCRICAO']].drop_duplicates().to_dict('records')
g:\Meu Drive\offtrade\exportacao_meta.py:53: UserWarning: DataFrame columns are not unique, some columns will be omitted.
  prods = grp[grp['DTULTCOMP'] == dt][['FANTASIA', 'DESCRICAO']].drop_duplicates().to_dict('records')
g:\Meu Drive\offtrade\exportacao_meta.py:53: UserWarning: DataFrame columns are not unique, some columns will be omitted.
  prods = grp[grp['DTULTCOMP'] == dt][['FANTASIA', 'DESCRICAO']].drop_duplicates().to_dict('records')
g:\Meu Drive\offtrade\exportacao_meta.py:53: UserWarning: DataFrame columns are not unique, some columns will be omitted.
  prods = grp[grp['DTULTCOMP'] == dt][['FANTASIA', 'DESCRICAO']].drop_duplicates().to_dict('records')
g:\Meu Drive\offtrade\exportacao_meta.py:53: UserWarning: DataFrame columns are not unique, some columns will be omitted.
  prods = grp[grp['DTULTCOMP'] == dt][['FANTASIA', 'DESCRICAO']].drop_duplicates().to_dict('records')
g:\Meu Drive\offtrade\exportacao_meta.py:53: UserWarning: DataFrame columns are not unique, some columns will be omitted.
  prods = grp[grp['DTULTCOMP'] == dt][['FANTASIA', 'DESCRICAO']].drop_duplicates().to_dict('records')
g:\Meu Drive\offtrade\exportacao_meta.py:53: UserWarning: DataFrame columns are not unique, some columns will be omitted.
  prods = grp[grp['DTULTCOMP'] == dt][['FANTASIA', 'DESCRICAO']].drop_duplicates().to_dict('records')
g:\Meu Drive\offtrade\exportacao_meta.py:53: UserWarning: DataFrame columns are not unique, some columns will be omitted.
  prods = grp[grp['DTULTCOMP'] == dt][['FANTASIA', 'DESCRICAO']].drop_duplicates().to_dict('records')
g:\Meu Drive\offtrade\exportacao_meta.py:53: UserWarning: DataFrame columns are not unique, some columns will be omitted.
  prods = grp[grp['DTULTCOMP'] == dt][['FANTASIA', 'DESCRICAO']].drop_duplicates().to_dict('records')
g:\Meu Drive\offtrade\exportacao_meta.py:53: UserWarning: DataFrame columns are not unique, some columns will be omitted.
  prods = grp[grp['DTULTCOMP'] == dt][['FANTASIA', 'DESCRICAO']].drop_duplicates().to_dict('records')
g:\Meu Drive\offtrade\exportacao_meta.py:53: UserWarning: DataFrame columns are not unique, some columns will be omitted.
  prods = grp[grp['DTULTCOMP'] == dt][['FANTASIA', 'DESCRICAO']].drop_duplicates().to_dict('records')
g:\Meu Drive\offtrade\exportacao_meta.py:53: UserWarning: DataFrame columns are not unique, some columns will be omitted.
  prods = grp[grp['DTULTCOMP'] == dt][['FANTASIA', 'DESCRICAO']].drop_duplicates().to_dict('records')
g:\Meu Drive\offtrade\exportacao_meta.py:53: UserWarning: DataFrame columns are not unique, some columns will be omitted.
  prods = grp[grp['DTULTCOMP'] == dt][['FANTASIA', 'DESCRICAO']].drop_duplicates().to_dict('records')
g:\Meu Drive\offtrade\exportacao_meta.py:53: UserWarning: DataFrame columns are not unique, some columns will be omitted.
  prods = grp[grp['DTULTCOMP'] == dt][['FANTASIA', 'DESCRICAO']].drop_duplicates().to_dict('records')
g:\Meu Drive\offtrade\exportacao_meta.py:53: UserWarning: DataFrame columns are not unique, some columns will be omitted.
  prods = grp[grp['DTULTCOMP'] == dt][['FANTASIA', 'DESCRICAO']].drop_duplicates().to_dict('records')
g:\Meu Drive\offtrade\exportacao_meta.py:53: UserWarning: DataFrame columns are not unique, some columns will be omitted.
  prods = grp[grp['DTULTCOMP'] == dt][['FANTASIA', 'DESCRICAO']].drop_duplicates().to_dict('records')
g:\Meu Drive\offtrade\exportacao_meta.py:53: UserWarning: DataFrame columns are not unique, some columns will be omitted.
  prods = grp[grp['DTULTCOMP'] == dt][['FANTASIA', 'DESCRICAO']].drop_duplicates().to_dict('records')
g:\Meu Drive\offtrade\exportacao_meta.py:53: UserWarning: DataFrame columns are not unique, some columns will be omitted.
  prods = grp[grp['DTULTCOMP'] == dt][['FANTASIA', 'DESCRICAO']].drop_duplicates().to_dict('records')
g:\Meu Drive\offtrade\exportacao_meta.py:53: UserWarning: DataFrame columns are not unique, some columns will be omitted.
  prods = grp[grp['DTULTCOMP'] == dt][['FANTASIA', 'DESCRICAO']].drop_duplicates().to_dict('records')
g:\Meu Drive\offtrade\exportacao_meta.py:53: UserWarning: DataFrame columns are not unique, some columns will be omitted.
  prods = grp[grp['DTULTCOMP'] == dt][['FANTASIA', 'DESCRICAO']].drop_duplicates().to_dict('records')
g:\Meu Drive\offtrade\exportacao_meta.py:53: UserWarning: DataFrame columns are not unique, some columns will be omitted.
  prods = grp[grp['DTULTCOMP'] == dt][['FANTASIA', 'DESCRICAO']].drop_duplicates().to_dict('records')
g:\Meu Drive\offtrade\exportacao_meta.py:53: UserWarning: DataFrame columns are not unique, some columns will be omitted.
  prods = grp[grp['DTULTCOMP'] == dt][['FANTASIA', 'DESCRICAO']].drop_duplicates().to_dict('records')
g:\Meu Drive\offtrade\exportacao_meta.py:53: UserWarning: DataFrame columns are not unique, some columns will be omitted.
  prods = grp[grp['DTULTCOMP'] == dt][['FANTASIA', 'DESCRICAO']].drop_duplicates().to_dict('records')
g:\Meu Drive\offtrade\exportacao_meta.py:53: UserWarning: DataFrame columns are not unique, some columns will be omitted.
  prods = grp[grp['DTULTCOMP'] == dt][['FANTASIA', 'DESCRICAO']].drop_duplicates().to_dict('records')
g:\Meu Drive\offtrade\exportacao_meta.py:53: UserWarning: DataFrame columns are not unique, some columns will be omitted.
  prods = grp[grp['DTULTCOMP'] == dt][['FANTASIA', 'DESCRICAO']].drop_duplicates().to_dict('records')
g:\Meu Drive\offtrade\exportacao_meta.py:53: UserWarning: DataFrame columns are not unique, some columns will be omitted.
  prods = grp[grp['DTULTCOMP'] == dt][['FANTASIA', 'DESCRICAO']].drop_duplicates().to_dict('records')
g:\Meu Drive\offtrade\exportacao_meta.py:53: UserWarning: DataFrame columns are not unique, some columns will be omitted.
  prods = grp[grp['DTULTCOMP'] == dt][['FANTASIA', 'DESCRICAO']].drop_duplicates().to_dict('records')
g:\Meu Drive\offtrade\exportacao_meta.py:53: UserWarning: DataFrame columns are not unique, some columns will be omitted.
  prods = grp[grp['DTULTCOMP'] == dt][['FANTASIA', 'DESCRICAO']].drop_duplicates().to_dict('records')
g:\Meu Drive\offtrade\exportacao_meta.py:53: UserWarning: DataFrame columns are not unique, some columns will be omitted.
  prods = grp[grp['DTULTCOMP'] == dt][['FANTASIA', 'DESCRICAO']].drop_duplicates().to_dict('records')
g:\Meu Drive\offtrade\exportacao_meta.py:53: UserWarning: DataFrame columns are not unique, some columns will be omitted.
  prods = grp[grp['DTULTCOMP'] == dt][['FANTASIA', 'DESCRICAO']].drop_duplicates().to_dict('records')
g:\Meu Drive\offtrade\exportacao_meta.py:53: UserWarning: DataFrame columns are not unique, some columns will be omitted.
  prods = grp[grp['DTULTCOMP'] == dt][['FANTASIA', 'DESCRICAO']].drop_duplicates().to_dict('records')
g:\Meu Drive\offtrade\exportacao_meta.py:53: UserWarning: DataFrame columns are not unique, some columns will be omitted.
  prods = grp[grp['DTULTCOMP'] == dt][['FANTASIA', 'DESCRICAO']].drop_duplicates().to_dict('records')
g:\Meu Drive\offtrade\exportacao_meta.py:53: UserWarning: DataFrame columns are not unique, some columns will be omitted.
  prods = grp[grp['DTULTCOMP'] == dt][['FANTASIA', 'DESCRICAO']].drop_duplicates().to_dict('records')
Traceback (most recent call last):
  File "g:\Meu Drive\offtrade\main.py", line 21, in main
    import exportacao_meta
  File "g:\Meu Drive\offtrade\exportacao_meta.py", line 105, in <module>
    print(f"\u2705 metas_data.js gerado com {len(vendedores_out)} vendedores \u2192 {output_path}")
  File "C:\Users\LeonardoCampos\AppData\Local\Programs\Python\Python311\Lib\encodings\cp1252.py", line 19, in encode
    return codecs.charmap_encode(input,self.errors,encoding_table)[0]
           ^^^^^^^^^^^^^^^^^^^^^^^^^^^^^^^^^^^^^^^^^^^^^^^^^^^^^^^
UnicodeEncodeError: 'charmap' codec can't encode character '\u2705' in position 0: character maps to <undefined>

==================================================
  OFFTRADE - 25/03/2026 06:32
==================================================

--------------------------------------------------
  1/4 - Carregando metas e vendas (Oracle + Excel)
--------------------------------------------------

--------------------------------------------------
  2/4 - Exportando dashboard HTML (metas_data.js)
--------------------------------------------------
Clientes nao positivados em 03/2026: 2830
Arquivo salvo em: g:\Meu Drive\offtrade\nao_positivados_03-2026.xlsx

[ERRO] Falha na execução:
[25/03/2026  6:33:32,66] ERRO (codigo 1
---------------------------------------- 
[25/03/2026  8:54:50,40] Iniciando... 
g:\Meu Drive\offtrade\exportacao_meta.py:53: UserWarning: DataFrame columns are not unique, some columns will be omitted.
  prods = grp[grp['DTULTCOMP'] == dt][['FANTASIA', 'DESCRICAO']].drop_duplicates().to_dict('records')
g:\Meu Drive\offtrade\exportacao_meta.py:53: UserWarning: DataFrame columns are not unique, some columns will be omitted.
  prods = grp[grp['DTULTCOMP'] == dt][['FANTASIA', 'DESCRICAO']].drop_duplicates().to_dict('records')
g:\Meu Drive\offtrade\exportacao_meta.py:53: UserWarning: DataFrame columns are not unique, some columns will be omitted.
  prods = grp[grp['DTULTCOMP'] == dt][['FANTASIA', 'DESCRICAO']].drop_duplicates().to_dict('records')
g:\Meu Drive\offtrade\exportacao_meta.py:53: UserWarning: DataFrame columns are not unique, some columns will be omitted.
  prods = grp[grp['DTULTCOMP'] == dt][['FANTASIA', 'DESCRICAO']].drop_duplicates().to_dict('records')
g:\Meu Drive\offtrade\exportacao_meta.py:53: UserWarning: DataFrame columns are not unique, some columns will be omitted.
  prods = grp[grp['DTULTCOMP'] == dt][['FANTASIA', 'DESCRICAO']].drop_duplicates().to_dict('records')
g:\Meu Drive\offtrade\exportacao_meta.py:53: UserWarning: DataFrame columns are not unique, some columns will be omitted.
  prods = grp[grp['DTULTCOMP'] == dt][['FANTASIA', 'DESCRICAO']].drop_duplicates().to_dict('records')
g:\Meu Drive\offtrade\exportacao_meta.py:53: UserWarning: DataFrame columns are not unique, some columns will be omitted.
  prods = grp[grp['DTULTCOMP'] == dt][['FANTASIA', 'DESCRICAO']].drop_duplicates().to_dict('records')
g:\Meu Drive\offtrade\exportacao_meta.py:53: UserWarning: DataFrame columns are not unique, some columns will be omitted.
  prods = grp[grp['DTULTCOMP'] == dt][['FANTASIA', 'DESCRICAO']].drop_duplicates().to_dict('records')
g:\Meu Drive\offtrade\exportacao_meta.py:53: UserWarning: DataFrame columns are not unique, some columns will be omitted.
  prods = grp[grp['DTULTCOMP'] == dt][['FANTASIA', 'DESCRICAO']].drop_duplicates().to_dict('records')
g:\Meu Drive\offtrade\exportacao_meta.py:53: UserWarning: DataFrame columns are not unique, some columns will be omitted.
  prods = grp[grp['DTULTCOMP'] == dt][['FANTASIA', 'DESCRICAO']].drop_duplicates().to_dict('records')
g:\Meu Drive\offtrade\exportacao_meta.py:53: UserWarning: DataFrame columns are not unique, some columns will be omitted.
  prods = grp[grp['DTULTCOMP'] == dt][['FANTASIA', 'DESCRICAO']].drop_duplicates().to_dict('records')
g:\Meu Drive\offtrade\exportacao_meta.py:53: UserWarning: DataFrame columns are not unique, some columns will be omitted.
  prods = grp[grp['DTULTCOMP'] == dt][['FANTASIA', 'DESCRICAO']].drop_duplicates().to_dict('records')
g:\Meu Drive\offtrade\exportacao_meta.py:53: UserWarning: DataFrame columns are not unique, some columns will be omitted.
  prods = grp[grp['DTULTCOMP'] == dt][['FANTASIA', 'DESCRICAO']].drop_duplicates().to_dict('records')
g:\Meu Drive\offtrade\exportacao_meta.py:53: UserWarning: DataFrame columns are not unique, some columns will be omitted.
  prods = grp[grp['DTULTCOMP'] == dt][['FANTASIA', 'DESCRICAO']].drop_duplicates().to_dict('records')
g:\Meu Drive\offtrade\exportacao_meta.py:53: UserWarning: DataFrame columns are not unique, some columns will be omitted.
  prods = grp[grp['DTULTCOMP'] == dt][['FANTASIA', 'DESCRICAO']].drop_duplicates().to_dict('records')
g:\Meu Drive\offtrade\exportacao_meta.py:53: UserWarning: DataFrame columns are not unique, some columns will be omitted.
  prods = grp[grp['DTULTCOMP'] == dt][['FANTASIA', 'DESCRICAO']].drop_duplicates().to_dict('records')
g:\Meu Drive\offtrade\exportacao_meta.py:53: UserWarning: DataFrame columns are not unique, some columns will be omitted.
  prods = grp[grp['DTULTCOMP'] == dt][['FANTASIA', 'DESCRICAO']].drop_duplicates().to_dict('records')
g:\Meu Drive\offtrade\exportacao_meta.py:53: UserWarning: DataFrame columns are not unique, some columns will be omitted.
  prods = grp[grp['DTULTCOMP'] == dt][['FANTASIA', 'DESCRICAO']].drop_duplicates().to_dict('records')
g:\Meu Drive\offtrade\exportacao_meta.py:53: UserWarning: DataFrame columns are not unique, some columns will be omitted.
  prods = grp[grp['DTULTCOMP'] == dt][['FANTASIA', 'DESCRICAO']].drop_duplicates().to_dict('records')
g:\Meu Drive\offtrade\exportacao_meta.py:53: UserWarning: DataFrame columns are not unique, some columns will be omitted.
  prods = grp[grp['DTULTCOMP'] == dt][['FANTASIA', 'DESCRICAO']].drop_duplicates().to_dict('records')
g:\Meu Drive\offtrade\exportacao_meta.py:53: UserWarning: DataFrame columns are not unique, some columns will be omitted.
  prods = grp[grp['DTULTCOMP'] == dt][['FANTASIA', 'DESCRICAO']].drop_duplicates().to_dict('records')
g:\Meu Drive\offtrade\exportacao_meta.py:53: UserWarning: DataFrame columns are not unique, some columns will be omitted.
  prods = grp[grp['DTULTCOMP'] == dt][['FANTASIA', 'DESCRICAO']].drop_duplicates().to_dict('records')
g:\Meu Drive\offtrade\exportacao_meta.py:53: UserWarning: DataFrame columns are not unique, some columns will be omitted.
  prods = grp[grp['DTULTCOMP'] == dt][['FANTASIA', 'DESCRICAO']].drop_duplicates().to_dict('records')
g:\Meu Drive\offtrade\exportacao_meta.py:53: UserWarning: DataFrame columns are not unique, some columns will be omitted.
  prods = grp[grp['DTULTCOMP'] == dt][['FANTASIA', 'DESCRICAO']].drop_duplicates().to_dict('records')
g:\Meu Drive\offtrade\exportacao_meta.py:53: UserWarning: DataFrame columns are not unique, some columns will be omitted.
  prods = grp[grp['DTULTCOMP'] == dt][['FANTASIA', 'DESCRICAO']].drop_duplicates().to_dict('records')
g:\Meu Drive\offtrade\exportacao_meta.py:53: UserWarning: DataFrame columns are not unique, some columns will be omitted.
  prods = grp[grp['DTULTCOMP'] == dt][['FANTASIA', 'DESCRICAO']].drop_duplicates().to_dict('records')
g:\Meu Drive\offtrade\exportacao_meta.py:53: UserWarning: DataFrame columns are not unique, some columns will be omitted.
  prods = grp[grp['DTULTCOMP'] == dt][['FANTASIA', 'DESCRICAO']].drop_duplicates().to_dict('records')
g:\Meu Drive\offtrade\exportacao_meta.py:53: UserWarning: DataFrame columns are not unique, some columns will be omitted.
  prods = grp[grp['DTULTCOMP'] == dt][['FANTASIA', 'DESCRICAO']].drop_duplicates().to_dict('records')
g:\Meu Drive\offtrade\exportacao_meta.py:53: UserWarning: DataFrame columns are not unique, some columns will be omitted.
  prods = grp[grp['DTULTCOMP'] == dt][['FANTASIA', 'DESCRICAO']].drop_duplicates().to_dict('records')
g:\Meu Drive\offtrade\exportacao_meta.py:53: UserWarning: DataFrame columns are not unique, some columns will be omitted.
  prods = grp[grp['DTULTCOMP'] == dt][['FANTASIA', 'DESCRICAO']].drop_duplicates().to_dict('records')
g:\Meu Drive\offtrade\exportacao_meta.py:53: UserWarning: DataFrame columns are not unique, some columns will be omitted.
  prods = grp[grp['DTULTCOMP'] == dt][['FANTASIA', 'DESCRICAO']].drop_duplicates().to_dict('records')
g:\Meu Drive\offtrade\exportacao_meta.py:53: UserWarning: DataFrame columns are not unique, some columns will be omitted.
  prods = grp[grp['DTULTCOMP'] == dt][['FANTASIA', 'DESCRICAO']].drop_duplicates().to_dict('records')
g:\Meu Drive\offtrade\exportacao_meta.py:53: UserWarning: DataFrame columns are not unique, some columns will be omitted.
  prods = grp[grp['DTULTCOMP'] == dt][['FANTASIA', 'DESCRICAO']].drop_duplicates().to_dict('records')
g:\Meu Drive\offtrade\exportacao_meta.py:53: UserWarning: DataFrame columns are not unique, some columns will be omitted.
  prods = grp[grp['DTULTCOMP'] == dt][['FANTASIA', 'DESCRICAO']].drop_duplicates().to_dict('records')
g:\Meu Drive\offtrade\exportacao_meta.py:53: UserWarning: DataFrame columns are not unique, some columns will be omitted.
  prods = grp[grp['DTULTCOMP'] == dt][['FANTASIA', 'DESCRICAO']].drop_duplicates().to_dict('records')
g:\Meu Drive\offtrade\exportacao_meta.py:53: UserWarning: DataFrame columns are not unique, some columns will be omitted.
  prods = grp[grp['DTULTCOMP'] == dt][['FANTASIA', 'DESCRICAO']].drop_duplicates().to_dict('records')
g:\Meu Drive\offtrade\exportacao_meta.py:53: UserWarning: DataFrame columns are not unique, some columns will be omitted.
  prods = grp[grp['DTULTCOMP'] == dt][['FANTASIA', 'DESCRICAO']].drop_duplicates().to_dict('records')
g:\Meu Drive\offtrade\exportacao_meta.py:53: UserWarning: DataFrame columns are not unique, some columns will be omitted.
  prods = grp[grp['DTULTCOMP'] == dt][['FANTASIA', 'DESCRICAO']].drop_duplicates().to_dict('records')
g:\Meu Drive\offtrade\exportacao_meta.py:53: UserWarning: DataFrame columns are not unique, some columns will be omitted.
  prods = grp[grp['DTULTCOMP'] == dt][['FANTASIA', 'DESCRICAO']].drop_duplicates().to_dict('records')
g:\Meu Drive\offtrade\exportacao_meta.py:53: UserWarning: DataFrame columns are not unique, some columns will be omitted.
  prods = grp[grp['DTULTCOMP'] == dt][['FANTASIA', 'DESCRICAO']].drop_duplicates().to_dict('records')
g:\Meu Drive\offtrade\exportacao_meta.py:53: UserWarning: DataFrame columns are not unique, some columns will be omitted.
  prods = grp[grp['DTULTCOMP'] == dt][['FANTASIA', 'DESCRICAO']].drop_duplicates().to_dict('records')
g:\Meu Drive\offtrade\exportacao_meta.py:53: UserWarning: DataFrame columns are not unique, some columns will be omitted.
  prods = grp[grp['DTULTCOMP'] == dt][['FANTASIA', 'DESCRICAO']].drop_duplicates().to_dict('records')
g:\Meu Drive\offtrade\exportacao_meta.py:53: UserWarning: DataFrame columns are not unique, some columns will be omitted.
  prods = grp[grp['DTULTCOMP'] == dt][['FANTASIA', 'DESCRICAO']].drop_duplicates().to_dict('records')
g:\Meu Drive\offtrade\exportacao_meta.py:53: UserWarning: DataFrame columns are not unique, some columns will be omitted.
  prods = grp[grp['DTULTCOMP'] == dt][['FANTASIA', 'DESCRICAO']].drop_duplicates().to_dict('records')
g:\Meu Drive\offtrade\exportacao_meta.py:53: UserWarning: DataFrame columns are not unique, some columns will be omitted.
  prods = grp[grp['DTULTCOMP'] == dt][['FANTASIA', 'DESCRICAO']].drop_duplicates().to_dict('records')
g:\Meu Drive\offtrade\exportacao_meta.py:53: UserWarning: DataFrame columns are not unique, some columns will be omitted.
  prods = grp[grp['DTULTCOMP'] == dt][['FANTASIA', 'DESCRICAO']].drop_duplicates().to_dict('records')
g:\Meu Drive\offtrade\exportacao_meta.py:53: UserWarning: DataFrame columns are not unique, some columns will be omitted.
  prods = grp[grp['DTULTCOMP'] == dt][['FANTASIA', 'DESCRICAO']].drop_duplicates().to_dict('records')
g:\Meu Drive\offtrade\exportacao_meta.py:53: UserWarning: DataFrame columns are not unique, some columns will be omitted.
  prods = grp[grp['DTULTCOMP'] == dt][['FANTASIA', 'DESCRICAO']].drop_duplicates().to_dict('records')
g:\Meu Drive\offtrade\exportacao_meta.py:53: UserWarning: DataFrame columns are not unique, some columns will be omitted.
  prods = grp[grp['DTULTCOMP'] == dt][['FANTASIA', 'DESCRICAO']].drop_duplicates().to_dict('records')
g:\Meu Drive\offtrade\exportacao_meta.py:53: UserWarning: DataFrame columns are not unique, some columns will be omitted.
  prods = grp[grp['DTULTCOMP'] == dt][['FANTASIA', 'DESCRICAO']].drop_duplicates().to_dict('records')
g:\Meu Drive\offtrade\exportacao_meta.py:53: UserWarning: DataFrame columns are not unique, some columns will be omitted.
  prods = grp[grp['DTULTCOMP'] == dt][['FANTASIA', 'DESCRICAO']].drop_duplicates().to_dict('records')
g:\Meu Drive\offtrade\exportacao_meta.py:53: UserWarning: DataFrame columns are not unique, some columns will be omitted.
  prods = grp[grp['DTULTCOMP'] == dt][['FANTASIA', 'DESCRICAO']].drop_duplicates().to_dict('records')
g:\Meu Drive\offtrade\exportacao_meta.py:53: UserWarning: DataFrame columns are not unique, some columns will be omitted.
  prods = grp[grp['DTULTCOMP'] == dt][['FANTASIA', 'DESCRICAO']].drop_duplicates().to_dict('records')
g:\Meu Drive\offtrade\exportacao_meta.py:53: UserWarning: DataFrame columns are not unique, some columns will be omitted.
  prods = grp[grp['DTULTCOMP'] == dt][['FANTASIA', 'DESCRICAO']].drop_duplicates().to_dict('records')
g:\Meu Drive\offtrade\exportacao_meta.py:53: UserWarning: DataFrame columns are not unique, some columns will be omitted.
  prods = grp[grp['DTULTCOMP'] == dt][['FANTASIA', 'DESCRICAO']].drop_duplicates().to_dict('records')
g:\Meu Drive\offtrade\exportacao_meta.py:53: UserWarning: DataFrame columns are not unique, some columns will be omitted.
  prods = grp[grp['DTULTCOMP'] == dt][['FANTASIA', 'DESCRICAO']].drop_duplicates().to_dict('records')
g:\Meu Drive\offtrade\exportacao_meta.py:53: UserWarning: DataFrame columns are not unique, some columns will be omitted.
  prods = grp[grp['DTULTCOMP'] == dt][['FANTASIA', 'DESCRICAO']].drop_duplicates().to_dict('records')
g:\Meu Drive\offtrade\exportacao_meta.py:53: UserWarning: DataFrame columns are not unique, some columns will be omitted.
  prods = grp[grp['DTULTCOMP'] == dt][['FANTASIA', 'DESCRICAO']].drop_duplicates().to_dict('records')
g:\Meu Drive\offtrade\exportacao_meta.py:53: UserWarning: DataFrame columns are not unique, some columns will be omitted.
  prods = grp[grp['DTULTCOMP'] == dt][['FANTASIA', 'DESCRICAO']].drop_duplicates().to_dict('records')
g:\Meu Drive\offtrade\exportacao_meta.py:53: UserWarning: DataFrame columns are not unique, some columns will be omitted.
  prods = grp[grp['DTULTCOMP'] == dt][['FANTASIA', 'DESCRICAO']].drop_duplicates().to_dict('records')
g:\Meu Drive\offtrade\exportacao_meta.py:53: UserWarning: DataFrame columns are not unique, some columns will be omitted.
  prods = grp[grp['DTULTCOMP'] == dt][['FANTASIA', 'DESCRICAO']].drop_duplicates().to_dict('records')
g:\Meu Drive\offtrade\exportacao_meta.py:53: UserWarning: DataFrame columns are not unique, some columns will be omitted.
  prods = grp[grp['DTULTCOMP'] == dt][['FANTASIA', 'DESCRICAO']].drop_duplicates().to_dict('records')
g:\Meu Drive\offtrade\exportacao_meta.py:53: UserWarning: DataFrame columns are not unique, some columns will be omitted.
  prods = grp[grp['DTULTCOMP'] == dt][['FANTASIA', 'DESCRICAO']].drop_duplicates().to_dict('records')
g:\Meu Drive\offtrade\exportacao_meta.py:53: UserWarning: DataFrame columns are not unique, some columns will be omitted.
  prods = grp[grp['DTULTCOMP'] == dt][['FANTASIA', 'DESCRICAO']].drop_duplicates().to_dict('records')
g:\Meu Drive\offtrade\exportacao_meta.py:53: UserWarning: DataFrame columns are not unique, some columns will be omitted.
  prods = grp[grp['DTULTCOMP'] == dt][['FANTASIA', 'DESCRICAO']].drop_duplicates().to_dict('records')
g:\Meu Drive\offtrade\exportacao_meta.py:53: UserWarning: DataFrame columns are not unique, some columns will be omitted.
  prods = grp[grp['DTULTCOMP'] == dt][['FANTASIA', 'DESCRICAO']].drop_duplicates().to_dict('records')
g:\Meu Drive\offtrade\exportacao_meta.py:53: UserWarning: DataFrame columns are not unique, some columns will be omitted.
  prods = grp[grp['DTULTCOMP'] == dt][['FANTASIA', 'DESCRICAO']].drop_duplicates().to_dict('records')
g:\Meu Drive\offtrade\exportacao_meta.py:53: UserWarning: DataFrame columns are not unique, some columns will be omitted.
  prods = grp[grp['DTULTCOMP'] == dt][['FANTASIA', 'DESCRICAO']].drop_duplicates().to_dict('records')
g:\Meu Drive\offtrade\exportacao_meta.py:53: UserWarning: DataFrame columns are not unique, some columns will be omitted.
  prods = grp[grp['DTULTCOMP'] == dt][['FANTASIA', 'DESCRICAO']].drop_duplicates().to_dict('records')
g:\Meu Drive\offtrade\exportacao_meta.py:53: UserWarning: DataFrame columns are not unique, some columns will be omitted.
  prods = grp[grp['DTULTCOMP'] == dt][['FANTASIA', 'DESCRICAO']].drop_duplicates().to_dict('records')
g:\Meu Drive\offtrade\exportacao_meta.py:53: UserWarning: DataFrame columns are not unique, some columns will be omitted.
  prods = grp[grp['DTULTCOMP'] == dt][['FANTASIA', 'DESCRICAO']].drop_duplicates().to_dict('records')
g:\Meu Drive\offtrade\exportacao_meta.py:53: UserWarning: DataFrame columns are not unique, some columns will be omitted.
  prods = grp[grp['DTULTCOMP'] == dt][['FANTASIA', 'DESCRICAO']].drop_duplicates().to_dict('records')
g:\Meu Drive\offtrade\exportacao_meta.py:53: UserWarning: DataFrame columns are not unique, some columns will be omitted.
  prods = grp[grp['DTULTCOMP'] == dt][['FANTASIA', 'DESCRICAO']].drop_duplicates().to_dict('records')
g:\Meu Drive\offtrade\exportacao_meta.py:53: UserWarning: DataFrame columns are not unique, some columns will be omitted.
  prods = grp[grp['DTULTCOMP'] == dt][['FANTASIA', 'DESCRICAO']].drop_duplicates().to_dict('records')
g:\Meu Drive\offtrade\exportacao_meta.py:53: UserWarning: DataFrame columns are not unique, some columns will be omitted.
  prods = grp[grp['DTULTCOMP'] == dt][['FANTASIA', 'DESCRICAO']].drop_duplicates().to_dict('records')
g:\Meu Drive\offtrade\exportacao_meta.py:53: UserWarning: DataFrame columns are not unique, some columns will be omitted.
  prods = grp[grp['DTULTCOMP'] == dt][['FANTASIA', 'DESCRICAO']].drop_duplicates().to_dict('records')
g:\Meu Drive\offtrade\exportacao_meta.py:53: UserWarning: DataFrame columns are not unique, some columns will be omitted.
  prods = grp[grp['DTULTCOMP'] == dt][['FANTASIA', 'DESCRICAO']].drop_duplicates().to_dict('records')
g:\Meu Drive\offtrade\exportacao_meta.py:53: UserWarning: DataFrame columns are not unique, some columns will be omitted.
  prods = grp[grp['DTULTCOMP'] == dt][['FANTASIA', 'DESCRICAO']].drop_duplicates().to_dict('records')
g:\Meu Drive\offtrade\exportacao_meta.py:53: UserWarning: DataFrame columns are not unique, some columns will be omitted.
  prods = grp[grp['DTULTCOMP'] == dt][['FANTASIA', 'DESCRICAO']].drop_duplicates().to_dict('records')
g:\Meu Drive\offtrade\exportacao_meta.py:53: UserWarning: DataFrame columns are not unique, some columns will be omitted.
  prods = grp[grp['DTULTCOMP'] == dt][['FANTASIA', 'DESCRICAO']].drop_duplicates().to_dict('records')
g:\Meu Drive\offtrade\exportacao_meta.py:53: UserWarning: DataFrame columns are not unique, some columns will be omitted.
  prods = grp[grp['DTULTCOMP'] == dt][['FANTASIA', 'DESCRICAO']].drop_duplicates().to_dict('records')
g:\Meu Drive\offtrade\exportacao_meta.py:53: UserWarning: DataFrame columns are not unique, some columns will be omitted.
  prods = grp[grp['DTULTCOMP'] == dt][['FANTASIA', 'DESCRICAO']].drop_duplicates().to_dict('records')
g:\Meu Drive\offtrade\exportacao_meta.py:53: UserWarning: DataFrame columns are not unique, some columns will be omitted.
  prods = grp[grp['DTULTCOMP'] == dt][['FANTASIA', 'DESCRICAO']].drop_duplicates().to_dict('records')
g:\Meu Drive\offtrade\exportacao_meta.py:53: UserWarning: DataFrame columns are not unique, some columns will be omitted.
  prods = grp[grp['DTULTCOMP'] == dt][['FANTASIA', 'DESCRICAO']].drop_duplicates().to_dict('records')
g:\Meu Drive\offtrade\exportacao_meta.py:53: UserWarning: DataFrame columns are not unique, some columns will be omitted.
  prods = grp[grp['DTULTCOMP'] == dt][['FANTASIA', 'DESCRICAO']].drop_duplicates().to_dict('records')
g:\Meu Drive\offtrade\exportacao_meta.py:53: UserWarning: DataFrame columns are not unique, some columns will be omitted.
  prods = grp[grp['DTULTCOMP'] == dt][['FANTASIA', 'DESCRICAO']].drop_duplicates().to_dict('records')
g:\Meu Drive\offtrade\exportacao_meta.py:53: UserWarning: DataFrame columns are not unique, some columns will be omitted.
  prods = grp[grp['DTULTCOMP'] == dt][['FANTASIA', 'DESCRICAO']].drop_duplicates().to_dict('records')
g:\Meu Drive\offtrade\exportacao_meta.py:53: UserWarning: DataFrame columns are not unique, some columns will be omitted.
  prods = grp[grp['DTULTCOMP'] == dt][['FANTASIA', 'DESCRICAO']].drop_duplicates().to_dict('records')
g:\Meu Drive\offtrade\exportacao_meta.py:53: UserWarning: DataFrame columns are not unique, some columns will be omitted.
  prods = grp[grp['DTULTCOMP'] == dt][['FANTASIA', 'DESCRICAO']].drop_duplicates().to_dict('records')
g:\Meu Drive\offtrade\exportacao_meta.py:53: UserWarning: DataFrame columns are not unique, some columns will be omitted.
  prods = grp[grp['DTULTCOMP'] == dt][['FANTASIA', 'DESCRICAO']].drop_duplicates().to_dict('records')
g:\Meu Drive\offtrade\exportacao_meta.py:53: UserWarning: DataFrame columns are not unique, some columns will be omitted.
  prods = grp[grp['DTULTCOMP'] == dt][['FANTASIA', 'DESCRICAO']].drop_duplicates().to_dict('records')
g:\Meu Drive\offtrade\exportacao_meta.py:53: UserWarning: DataFrame columns are not unique, some columns will be omitted.
  prods = grp[grp['DTULTCOMP'] == dt][['FANTASIA', 'DESCRICAO']].drop_duplicates().to_dict('records')
g:\Meu Drive\offtrade\exportacao_meta.py:53: UserWarning: DataFrame columns are not unique, some columns will be omitted.
  prods = grp[grp['DTULTCOMP'] == dt][['FANTASIA', 'DESCRICAO']].drop_duplicates().to_dict('records')
g:\Meu Drive\offtrade\exportacao_meta.py:53: UserWarning: DataFrame columns are not unique, some columns will be omitted.
  prods = grp[grp['DTULTCOMP'] == dt][['FANTASIA', 'DESCRICAO']].drop_duplicates().to_dict('records')
g:\Meu Drive\offtrade\exportacao_meta.py:53: UserWarning: DataFrame columns are not unique, some columns will be omitted.
  prods = grp[grp['DTULTCOMP'] == dt][['FANTASIA', 'DESCRICAO']].drop_duplicates().to_dict('records')
g:\Meu Drive\offtrade\exportacao_meta.py:53: UserWarning: DataFrame columns are not unique, some columns will be omitted.
  prods = grp[grp['DTULTCOMP'] == dt][['FANTASIA', 'DESCRICAO']].drop_duplicates().to_dict('records')
g:\Meu Drive\offtrade\exportacao_meta.py:53: UserWarning: DataFrame columns are not unique, some columns will be omitted.
  prods = grp[grp['DTULTCOMP'] == dt][['FANTASIA', 'DESCRICAO']].drop_duplicates().to_dict('records')
g:\Meu Drive\offtrade\exportacao_meta.py:53: UserWarning: DataFrame columns are not unique, some columns will be omitted.
  prods = grp[grp['DTULTCOMP'] == dt][['FANTASIA', 'DESCRICAO']].drop_duplicates().to_dict('records')
g:\Meu Drive\offtrade\exportacao_meta.py:53: UserWarning: DataFrame columns are not unique, some columns will be omitted.
  prods = grp[grp['DTULTCOMP'] == dt][['FANTASIA', 'DESCRICAO']].drop_duplicates().to_dict('records')
g:\Meu Drive\offtrade\exportacao_meta.py:53: UserWarning: DataFrame columns are not unique, some columns will be omitted.
  prods = grp[grp['DTULTCOMP'] == dt][['FANTASIA', 'DESCRICAO']].drop_duplicates().to_dict('records')
g:\Meu Drive\offtrade\exportacao_meta.py:53: UserWarning: DataFrame columns are not unique, some columns will be omitted.
  prods = grp[grp['DTULTCOMP'] == dt][['FANTASIA', 'DESCRICAO']].drop_duplicates().to_dict('records')
g:\Meu Drive\offtrade\exportacao_meta.py:53: UserWarning: DataFrame columns are not unique, some columns will be omitted.
  prods = grp[grp['DTULTCOMP'] == dt][['FANTASIA', 'DESCRICAO']].drop_duplicates().to_dict('records')
g:\Meu Drive\offtrade\exportacao_meta.py:53: UserWarning: DataFrame columns are not unique, some columns will be omitted.
  prods = grp[grp['DTULTCOMP'] == dt][['FANTASIA', 'DESCRICAO']].drop_duplicates().to_dict('records')
g:\Meu Drive\offtrade\exportacao_meta.py:53: UserWarning: DataFrame columns are not unique, some columns will be omitted.
  prods = grp[grp['DTULTCOMP'] == dt][['FANTASIA', 'DESCRICAO']].drop_duplicates().to_dict('records')
g:\Meu Drive\offtrade\exportacao_meta.py:53: UserWarning: DataFrame columns are not unique, some columns will be omitted.
  prods = grp[grp['DTULTCOMP'] == dt][['FANTASIA', 'DESCRICAO']].drop_duplicates().to_dict('records')
g:\Meu Drive\offtrade\exportacao_meta.py:53: UserWarning: DataFrame columns are not unique, some columns will be omitted.
  prods = grp[grp['DTULTCOMP'] == dt][['FANTASIA', 'DESCRICAO']].drop_duplicates().to_dict('records')
g:\Meu Drive\offtrade\exportacao_meta.py:53: UserWarning: DataFrame columns are not unique, some columns will be omitted.
  prods = grp[grp['DTULTCOMP'] == dt][['FANTASIA', 'DESCRICAO']].drop_duplicates().to_dict('records')
g:\Meu Drive\offtrade\exportacao_meta.py:53: UserWarning: DataFrame columns are not unique, some columns will be omitted.
  prods = grp[grp['DTULTCOMP'] == dt][['FANTASIA', 'DESCRICAO']].drop_duplicates().to_dict('records')
g:\Meu Drive\offtrade\exportacao_meta.py:53: UserWarning: DataFrame columns are not unique, some columns will be omitted.
  prods = grp[grp['DTULTCOMP'] == dt][['FANTASIA', 'DESCRICAO']].drop_duplicates().to_dict('records')
g:\Meu Drive\offtrade\exportacao_meta.py:53: UserWarning: DataFrame columns are not unique, some columns will be omitted.
  prods = grp[grp['DTULTCOMP'] == dt][['FANTASIA', 'DESCRICAO']].drop_duplicates().to_dict('records')
g:\Meu Drive\offtrade\exportacao_meta.py:53: UserWarning: DataFrame columns are not unique, some columns will be omitted.
  prods = grp[grp['DTULTCOMP'] == dt][['FANTASIA', 'DESCRICAO']].drop_duplicates().to_dict('records')
g:\Meu Drive\offtrade\exportacao_meta.py:53: UserWarning: DataFrame columns are not unique, some columns will be omitted.
  prods = grp[grp['DTULTCOMP'] == dt][['FANTASIA', 'DESCRICAO']].drop_duplicates().to_dict('records')
g:\Meu Drive\offtrade\exportacao_meta.py:53: UserWarning: DataFrame columns are not unique, some columns will be omitted.
  prods = grp[grp['DTULTCOMP'] == dt][['FANTASIA', 'DESCRICAO']].drop_duplicates().to_dict('records')
g:\Meu Drive\offtrade\exportacao_meta.py:53: UserWarning: DataFrame columns are not unique, some columns will be omitted.
  prods = grp[grp['DTULTCOMP'] == dt][['FANTASIA', 'DESCRICAO']].drop_duplicates().to_dict('records')
g:\Meu Drive\offtrade\exportacao_meta.py:53: UserWarning: DataFrame columns are not unique, some columns will be omitted.
  prods = grp[grp['DTULTCOMP'] == dt][['FANTASIA', 'DESCRICAO']].drop_duplicates().to_dict('records')
g:\Meu Drive\offtrade\exportacao_meta.py:53: UserWarning: DataFrame columns are not unique, some columns will be omitted.
  prods = grp[grp['DTULTCOMP'] == dt][['FANTASIA', 'DESCRICAO']].drop_duplicates().to_dict('records')
g:\Meu Drive\offtrade\exportacao_meta.py:53: UserWarning: DataFrame columns are not unique, some columns will be omitted.
  prods = grp[grp['DTULTCOMP'] == dt][['FANTASIA', 'DESCRICAO']].drop_duplicates().to_dict('records')
g:\Meu Drive\offtrade\exportacao_meta.py:53: UserWarning: DataFrame columns are not unique, some columns will be omitted.
  prods = grp[grp['DTULTCOMP'] == dt][['FANTASIA', 'DESCRICAO']].drop_duplicates().to_dict('records')
g:\Meu Drive\offtrade\exportacao_meta.py:53: UserWarning: DataFrame columns are not unique, some columns will be omitted.
  prods = grp[grp['DTULTCOMP'] == dt][['FANTASIA', 'DESCRICAO']].drop_duplicates().to_dict('records')
g:\Meu Drive\offtrade\exportacao_meta.py:53: UserWarning: DataFrame columns are not unique, some columns will be omitted.
  prods = grp[grp['DTULTCOMP'] == dt][['FANTASIA', 'DESCRICAO']].drop_duplicates().to_dict('records')
g:\Meu Drive\offtrade\exportacao_meta.py:53: UserWarning: DataFrame columns are not unique, some columns will be omitted.
  prods = grp[grp['DTULTCOMP'] == dt][['FANTASIA', 'DESCRICAO']].drop_duplicates().to_dict('records')
g:\Meu Drive\offtrade\exportacao_meta.py:53: UserWarning: DataFrame columns are not unique, some columns will be omitted.
  prods = grp[grp['DTULTCOMP'] == dt][['FANTASIA', 'DESCRICAO']].drop_duplicates().to_dict('records')
g:\Meu Drive\offtrade\exportacao_meta.py:53: UserWarning: DataFrame columns are not unique, some columns will be omitted.
  prods = grp[grp['DTULTCOMP'] == dt][['FANTASIA', 'DESCRICAO']].drop_duplicates().to_dict('records')
g:\Meu Drive\offtrade\exportacao_meta.py:53: UserWarning: DataFrame columns are not unique, some columns will be omitted.
  prods = grp[grp['DTULTCOMP'] == dt][['FANTASIA', 'DESCRICAO']].drop_duplicates().to_dict('records')
g:\Meu Drive\offtrade\exportacao_meta.py:53: UserWarning: DataFrame columns are not unique, some columns will be omitted.
  prods = grp[grp['DTULTCOMP'] == dt][['FANTASIA', 'DESCRICAO']].drop_duplicates().to_dict('records')
g:\Meu Drive\offtrade\exportacao_meta.py:53: UserWarning: DataFrame columns are not unique, some columns will be omitted.
  prods = grp[grp['DTULTCOMP'] == dt][['FANTASIA', 'DESCRICAO']].drop_duplicates().to_dict('records')
g:\Meu Drive\offtrade\exportacao_meta.py:53: UserWarning: DataFrame columns are not unique, some columns will be omitted.
  prods = grp[grp['DTULTCOMP'] == dt][['FANTASIA', 'DESCRICAO']].drop_duplicates().to_dict('records')
g:\Meu Drive\offtrade\exportacao_meta.py:53: UserWarning: DataFrame columns are not unique, some columns will be omitted.
  prods = grp[grp['DTULTCOMP'] == dt][['FANTASIA', 'DESCRICAO']].drop_duplicates().to_dict('records')
g:\Meu Drive\offtrade\exportacao_meta.py:53: UserWarning: DataFrame columns are not unique, some columns will be omitted.
  prods = grp[grp['DTULTCOMP'] == dt][['FANTASIA', 'DESCRICAO']].drop_duplicates().to_dict('records')
g:\Meu Drive\offtrade\exportacao_meta.py:53: UserWarning: DataFrame columns are not unique, some columns will be omitted.
  prods = grp[grp['DTULTCOMP'] == dt][['FANTASIA', 'DESCRICAO']].drop_duplicates().to_dict('records')
g:\Meu Drive\offtrade\exportacao_meta.py:53: UserWarning: DataFrame columns are not unique, some columns will be omitted.
  prods = grp[grp['DTULTCOMP'] == dt][['FANTASIA', 'DESCRICAO']].drop_duplicates().to_dict('records')
g:\Meu Drive\offtrade\exportacao_meta.py:53: UserWarning: DataFrame columns are not unique, some columns will be omitted.
  prods = grp[grp['DTULTCOMP'] == dt][['FANTASIA', 'DESCRICAO']].drop_duplicates().to_dict('records')
g:\Meu Drive\offtrade\exportacao_meta.py:53: UserWarning: DataFrame columns are not unique, some columns will be omitted.
  prods = grp[grp['DTULTCOMP'] == dt][['FANTASIA', 'DESCRICAO']].drop_duplicates().to_dict('records')
g:\Meu Drive\offtrade\exportacao_meta.py:53: UserWarning: DataFrame columns are not unique, some columns will be omitted.
  prods = grp[grp['DTULTCOMP'] == dt][['FANTASIA', 'DESCRICAO']].drop_duplicates().to_dict('records')
g:\Meu Drive\offtrade\exportacao_meta.py:53: UserWarning: DataFrame columns are not unique, some columns will be omitted.
  prods = grp[grp['DTULTCOMP'] == dt][['FANTASIA', 'DESCRICAO']].drop_duplicates().to_dict('records')
g:\Meu Drive\offtrade\exportacao_meta.py:53: UserWarning: DataFrame columns are not unique, some columns will be omitted.
  prods = grp[grp['DTULTCOMP'] == dt][['FANTASIA', 'DESCRICAO']].drop_duplicates().to_dict('records')
g:\Meu Drive\offtrade\exportacao_meta.py:53: UserWarning: DataFrame columns are not unique, some columns will be omitted.
  prods = grp[grp['DTULTCOMP'] == dt][['FANTASIA', 'DESCRICAO']].drop_duplicates().to_dict('records')
g:\Meu Drive\offtrade\exportacao_meta.py:53: UserWarning: DataFrame columns are not unique, some columns will be omitted.
  prods = grp[grp['DTULTCOMP'] == dt][['FANTASIA', 'DESCRICAO']].drop_duplicates().to_dict('records')
g:\Meu Drive\offtrade\exportacao_meta.py:53: UserWarning: DataFrame columns are not unique, some columns will be omitted.
  prods = grp[grp['DTULTCOMP'] == dt][['FANTASIA', 'DESCRICAO']].drop_duplicates().to_dict('records')
g:\Meu Drive\offtrade\exportacao_meta.py:53: UserWarning: DataFrame columns are not unique, some columns will be omitted.
  prods = grp[grp['DTULTCOMP'] == dt][['FANTASIA', 'DESCRICAO']].drop_duplicates().to_dict('records')
g:\Meu Drive\offtrade\exportacao_meta.py:53: UserWarning: DataFrame columns are not unique, some columns will be omitted.
  prods = grp[grp['DTULTCOMP'] == dt][['FANTASIA', 'DESCRICAO']].drop_duplicates().to_dict('records')
g:\Meu Drive\offtrade\exportacao_meta.py:53: UserWarning: DataFrame columns are not unique, some columns will be omitted.
  prods = grp[grp['DTULTCOMP'] == dt][['FANTASIA', 'DESCRICAO']].drop_duplicates().to_dict('records')
g:\Meu Drive\offtrade\exportacao_meta.py:53: UserWarning: DataFrame columns are not unique, some columns will be omitted.
  prods = grp[grp['DTULTCOMP'] == dt][['FANTASIA', 'DESCRICAO']].drop_duplicates().to_dict('records')
g:\Meu Drive\offtrade\exportacao_meta.py:53: UserWarning: DataFrame columns are not unique, some columns will be omitted.
  prods = grp[grp['DTULTCOMP'] == dt][['FANTASIA', 'DESCRICAO']].drop_duplicates().to_dict('records')
g:\Meu Drive\offtrade\exportacao_meta.py:53: UserWarning: DataFrame columns are not unique, some columns will be omitted.
  prods = grp[grp['DTULTCOMP'] == dt][['FANTASIA', 'DESCRICAO']].drop_duplicates().to_dict('records')
g:\Meu Drive\offtrade\exportacao_meta.py:53: UserWarning: DataFrame columns are not unique, some columns will be omitted.
  prods = grp[grp['DTULTCOMP'] == dt][['FANTASIA', 'DESCRICAO']].drop_duplicates().to_dict('records')
g:\Meu Drive\offtrade\exportacao_meta.py:53: UserWarning: DataFrame columns are not unique, some columns will be omitted.
  prods = grp[grp['DTULTCOMP'] == dt][['FANTASIA', 'DESCRICAO']].drop_duplicates().to_dict('records')
g:\Meu Drive\offtrade\exportacao_meta.py:53: UserWarning: DataFrame columns are not unique, some columns will be omitted.
  prods = grp[grp['DTULTCOMP'] == dt][['FANTASIA', 'DESCRICAO']].drop_duplicates().to_dict('records')
g:\Meu Drive\offtrade\exportacao_meta.py:53: UserWarning: DataFrame columns are not unique, some columns will be omitted.
  prods = grp[grp['DTULTCOMP'] == dt][['FANTASIA', 'DESCRICAO']].drop_duplicates().to_dict('records')
g:\Meu Drive\offtrade\exportacao_meta.py:53: UserWarning: DataFrame columns are not unique, some columns will be omitted.
  prods = grp[grp['DTULTCOMP'] == dt][['FANTASIA', 'DESCRICAO']].drop_duplicates().to_dict('records')
g:\Meu Drive\offtrade\exportacao_meta.py:53: UserWarning: DataFrame columns are not unique, some columns will be omitted.
  prods = grp[grp['DTULTCOMP'] == dt][['FANTASIA', 'DESCRICAO']].drop_duplicates().to_dict('records')
g:\Meu Drive\offtrade\exportacao_meta.py:53: UserWarning: DataFrame columns are not unique, some columns will be omitted.
  prods = grp[grp['DTULTCOMP'] == dt][['FANTASIA', 'DESCRICAO']].drop_duplicates().to_dict('records')
g:\Meu Drive\offtrade\exportacao_meta.py:53: UserWarning: DataFrame columns are not unique, some columns will be omitted.
  prods = grp[grp['DTULTCOMP'] == dt][['FANTASIA', 'DESCRICAO']].drop_duplicates().to_dict('records')
g:\Meu Drive\offtrade\exportacao_meta.py:53: UserWarning: DataFrame columns are not unique, some columns will be omitted.
  prods = grp[grp['DTULTCOMP'] == dt][['FANTASIA', 'DESCRICAO']].drop_duplicates().to_dict('records')
g:\Meu Drive\offtrade\exportacao_meta.py:53: UserWarning: DataFrame columns are not unique, some columns will be omitted.
  prods = grp[grp['DTULTCOMP'] == dt][['FANTASIA', 'DESCRICAO']].drop_duplicates().to_dict('records')
g:\Meu Drive\offtrade\exportacao_meta.py:53: UserWarning: DataFrame columns are not unique, some columns will be omitted.
  prods = grp[grp['DTULTCOMP'] == dt][['FANTASIA', 'DESCRICAO']].drop_duplicates().to_dict('records')
g:\Meu Drive\offtrade\exportacao_meta.py:53: UserWarning: DataFrame columns are not unique, some columns will be omitted.
  prods = grp[grp['DTULTCOMP'] == dt][['FANTASIA', 'DESCRICAO']].drop_duplicates().to_dict('records')
g:\Meu Drive\offtrade\exportacao_meta.py:53: UserWarning: DataFrame columns are not unique, some columns will be omitted.
  prods = grp[grp['DTULTCOMP'] == dt][['FANTASIA', 'DESCRICAO']].drop_duplicates().to_dict('records')
g:\Meu Drive\offtrade\exportacao_meta.py:53: UserWarning: DataFrame columns are not unique, some columns will be omitted.
  prods = grp[grp['DTULTCOMP'] == dt][['FANTASIA', 'DESCRICAO']].drop_duplicates().to_dict('records')
g:\Meu Drive\offtrade\exportacao_meta.py:53: UserWarning: DataFrame columns are not unique, some columns will be omitted.
  prods = grp[grp['DTULTCOMP'] == dt][['FANTASIA', 'DESCRICAO']].drop_duplicates().to_dict('records')
g:\Meu Drive\offtrade\exportacao_meta.py:53: UserWarning: DataFrame columns are not unique, some columns will be omitted.
  prods = grp[grp['DTULTCOMP'] == dt][['FANTASIA', 'DESCRICAO']].drop_duplicates().to_dict('records')
g:\Meu Drive\offtrade\exportacao_meta.py:53: UserWarning: DataFrame columns are not unique, some columns will be omitted.
  prods = grp[grp['DTULTCOMP'] == dt][['FANTASIA', 'DESCRICAO']].drop_duplicates().to_dict('records')
g:\Meu Drive\offtrade\exportacao_meta.py:53: UserWarning: DataFrame columns are not unique, some columns will be omitted.
  prods = grp[grp['DTULTCOMP'] == dt][['FANTASIA', 'DESCRICAO']].drop_duplicates().to_dict('records')
g:\Meu Drive\offtrade\exportacao_meta.py:53: UserWarning: DataFrame columns are not unique, some columns will be omitted.
  prods = grp[grp['DTULTCOMP'] == dt][['FANTASIA', 'DESCRICAO']].drop_duplicates().to_dict('records')
g:\Meu Drive\offtrade\exportacao_meta.py:53: UserWarning: DataFrame columns are not unique, some columns will be omitted.
  prods = grp[grp['DTULTCOMP'] == dt][['FANTASIA', 'DESCRICAO']].drop_duplicates().to_dict('records')
g:\Meu Drive\offtrade\exportacao_meta.py:53: UserWarning: DataFrame columns are not unique, some columns will be omitted.
  prods = grp[grp['DTULTCOMP'] == dt][['FANTASIA', 'DESCRICAO']].drop_duplicates().to_dict('records')
g:\Meu Drive\offtrade\exportacao_meta.py:53: UserWarning: DataFrame columns are not unique, some columns will be omitted.
  prods = grp[grp['DTULTCOMP'] == dt][['FANTASIA', 'DESCRICAO']].drop_duplicates().to_dict('records')
g:\Meu Drive\offtrade\exportacao_meta.py:53: UserWarning: DataFrame columns are not unique, some columns will be omitted.
  prods = grp[grp['DTULTCOMP'] == dt][['FANTASIA', 'DESCRICAO']].drop_duplicates().to_dict('records')
g:\Meu Drive\offtrade\exportacao_meta.py:53: UserWarning: DataFrame columns are not unique, some columns will be omitted.
  prods = grp[grp['DTULTCOMP'] == dt][['FANTASIA', 'DESCRICAO']].drop_duplicates().to_dict('records')
g:\Meu Drive\offtrade\exportacao_meta.py:53: UserWarning: DataFrame columns are not unique, some columns will be omitted.
  prods = grp[grp['DTULTCOMP'] == dt][['FANTASIA', 'DESCRICAO']].drop_duplicates().to_dict('records')
g:\Meu Drive\offtrade\exportacao_meta.py:53: UserWarning: DataFrame columns are not unique, some columns will be omitted.
  prods = grp[grp['DTULTCOMP'] == dt][['FANTASIA', 'DESCRICAO']].drop_duplicates().to_dict('records')
g:\Meu Drive\offtrade\exportacao_meta.py:53: UserWarning: DataFrame columns are not unique, some columns will be omitted.
  prods = grp[grp['DTULTCOMP'] == dt][['FANTASIA', 'DESCRICAO']].drop_duplicates().to_dict('records')
g:\Meu Drive\offtrade\exportacao_meta.py:53: UserWarning: DataFrame columns are not unique, some columns will be omitted.
  prods = grp[grp['DTULTCOMP'] == dt][['FANTASIA', 'DESCRICAO']].drop_duplicates().to_dict('records')
g:\Meu Drive\offtrade\exportacao_meta.py:53: UserWarning: DataFrame columns are not unique, some columns will be omitted.
  prods = grp[grp['DTULTCOMP'] == dt][['FANTASIA', 'DESCRICAO']].drop_duplicates().to_dict('records')
g:\Meu Drive\offtrade\exportacao_meta.py:53: UserWarning: DataFrame columns are not unique, some columns will be omitted.
  prods = grp[grp['DTULTCOMP'] == dt][['FANTASIA', 'DESCRICAO']].drop_duplicates().to_dict('records')
g:\Meu Drive\offtrade\exportacao_meta.py:53: UserWarning: DataFrame columns are not unique, some columns will be omitted.
  prods = grp[grp['DTULTCOMP'] == dt][['FANTASIA', 'DESCRICAO']].drop_duplicates().to_dict('records')
g:\Meu Drive\offtrade\exportacao_meta.py:53: UserWarning: DataFrame columns are not unique, some columns will be omitted.
  prods = grp[grp['DTULTCOMP'] == dt][['FANTASIA', 'DESCRICAO']].drop_duplicates().to_dict('records')
g:\Meu Drive\offtrade\exportacao_meta.py:53: UserWarning: DataFrame columns are not unique, some columns will be omitted.
  prods = grp[grp['DTULTCOMP'] == dt][['FANTASIA', 'DESCRICAO']].drop_duplicates().to_dict('records')
g:\Meu Drive\offtrade\exportacao_meta.py:53: UserWarning: DataFrame columns are not unique, some columns will be omitted.
  prods = grp[grp['DTULTCOMP'] == dt][['FANTASIA', 'DESCRICAO']].drop_duplicates().to_dict('records')
g:\Meu Drive\offtrade\exportacao_meta.py:53: UserWarning: DataFrame columns are not unique, some columns will be omitted.
  prods = grp[grp['DTULTCOMP'] == dt][['FANTASIA', 'DESCRICAO']].drop_duplicates().to_dict('records')
g:\Meu Drive\offtrade\exportacao_meta.py:53: UserWarning: DataFrame columns are not unique, some columns will be omitted.
  prods = grp[grp['DTULTCOMP'] == dt][['FANTASIA', 'DESCRICAO']].drop_duplicates().to_dict('records')
g:\Meu Drive\offtrade\exportacao_meta.py:53: UserWarning: DataFrame columns are not unique, some columns will be omitted.
  prods = grp[grp['DTULTCOMP'] == dt][['FANTASIA', 'DESCRICAO']].drop_duplicates().to_dict('records')
g:\Meu Drive\offtrade\exportacao_meta.py:53: UserWarning: DataFrame columns are not unique, some columns will be omitted.
  prods = grp[grp['DTULTCOMP'] == dt][['FANTASIA', 'DESCRICAO']].drop_duplicates().to_dict('records')
g:\Meu Drive\offtrade\exportacao_meta.py:53: UserWarning: DataFrame columns are not unique, some columns will be omitted.
  prods = grp[grp['DTULTCOMP'] == dt][['FANTASIA', 'DESCRICAO']].drop_duplicates().to_dict('records')
g:\Meu Drive\offtrade\exportacao_meta.py:53: UserWarning: DataFrame columns are not unique, some columns will be omitted.
  prods = grp[grp['DTULTCOMP'] == dt][['FANTASIA', 'DESCRICAO']].drop_duplicates().to_dict('records')
g:\Meu Drive\offtrade\exportacao_meta.py:53: UserWarning: DataFrame columns are not unique, some columns will be omitted.
  prods = grp[grp['DTULTCOMP'] == dt][['FANTASIA', 'DESCRICAO']].drop_duplicates().to_dict('records')
g:\Meu Drive\offtrade\exportacao_meta.py:53: UserWarning: DataFrame columns are not unique, some columns will be omitted.
  prods = grp[grp['DTULTCOMP'] == dt][['FANTASIA', 'DESCRICAO']].drop_duplicates().to_dict('records')
g:\Meu Drive\offtrade\exportacao_meta.py:53: UserWarning: DataFrame columns are not unique, some columns will be omitted.
  prods = grp[grp['DTULTCOMP'] == dt][['FANTASIA', 'DESCRICAO']].drop_duplicates().to_dict('records')
g:\Meu Drive\offtrade\exportacao_meta.py:53: UserWarning: DataFrame columns are not unique, some columns will be omitted.
  prods = grp[grp['DTULTCOMP'] == dt][['FANTASIA', 'DESCRICAO']].drop_duplicates().to_dict('records')
g:\Meu Drive\offtrade\exportacao_meta.py:53: UserWarning: DataFrame columns are not unique, some columns will be omitted.
  prods = grp[grp['DTULTCOMP'] == dt][['FANTASIA', 'DESCRICAO']].drop_duplicates().to_dict('records')
g:\Meu Drive\offtrade\exportacao_meta.py:53: UserWarning: DataFrame columns are not unique, some columns will be omitted.
  prods = grp[grp['DTULTCOMP'] == dt][['FANTASIA', 'DESCRICAO']].drop_duplicates().to_dict('records')
g:\Meu Drive\offtrade\exportacao_meta.py:53: UserWarning: DataFrame columns are not unique, some columns will be omitted.
  prods = grp[grp['DTULTCOMP'] == dt][['FANTASIA', 'DESCRICAO']].drop_duplicates().to_dict('records')
g:\Meu Drive\offtrade\exportacao_meta.py:53: UserWarning: DataFrame columns are not unique, some columns will be omitted.
  prods = grp[grp['DTULTCOMP'] == dt][['FANTASIA', 'DESCRICAO']].drop_duplicates().to_dict('records')
g:\Meu Drive\offtrade\exportacao_meta.py:53: UserWarning: DataFrame columns are not unique, some columns will be omitted.
  prods = grp[grp['DTULTCOMP'] == dt][['FANTASIA', 'DESCRICAO']].drop_duplicates().to_dict('records')
g:\Meu Drive\offtrade\exportacao_meta.py:53: UserWarning: DataFrame columns are not unique, some columns will be omitted.
  prods = grp[grp['DTULTCOMP'] == dt][['FANTASIA', 'DESCRICAO']].drop_duplicates().to_dict('records')
g:\Meu Drive\offtrade\exportacao_meta.py:53: UserWarning: DataFrame columns are not unique, some columns will be omitted.
  prods = grp[grp['DTULTCOMP'] == dt][['FANTASIA', 'DESCRICAO']].drop_duplicates().to_dict('records')
g:\Meu Drive\offtrade\exportacao_meta.py:53: UserWarning: DataFrame columns are not unique, some columns will be omitted.
  prods = grp[grp['DTULTCOMP'] == dt][['FANTASIA', 'DESCRICAO']].drop_duplicates().to_dict('records')
g:\Meu Drive\offtrade\exportacao_meta.py:53: UserWarning: DataFrame columns are not unique, some columns will be omitted.
  prods = grp[grp['DTULTCOMP'] == dt][['FANTASIA', 'DESCRICAO']].drop_duplicates().to_dict('records')
g:\Meu Drive\offtrade\exportacao_meta.py:53: UserWarning: DataFrame columns are not unique, some columns will be omitted.
  prods = grp[grp['DTULTCOMP'] == dt][['FANTASIA', 'DESCRICAO']].drop_duplicates().to_dict('records')
g:\Meu Drive\offtrade\exportacao_meta.py:53: UserWarning: DataFrame columns are not unique, some columns will be omitted.
  prods = grp[grp['DTULTCOMP'] == dt][['FANTASIA', 'DESCRICAO']].drop_duplicates().to_dict('records')
g:\Meu Drive\offtrade\exportacao_meta.py:53: UserWarning: DataFrame columns are not unique, some columns will be omitted.
  prods = grp[grp['DTULTCOMP'] == dt][['FANTASIA', 'DESCRICAO']].drop_duplicates().to_dict('records')
g:\Meu Drive\offtrade\exportacao_meta.py:53: UserWarning: DataFrame columns are not unique, some columns will be omitted.
  prods = grp[grp['DTULTCOMP'] == dt][['FANTASIA', 'DESCRICAO']].drop_duplicates().to_dict('records')
g:\Meu Drive\offtrade\exportacao_meta.py:53: UserWarning: DataFrame columns are not unique, some columns will be omitted.
  prods = grp[grp['DTULTCOMP'] == dt][['FANTASIA', 'DESCRICAO']].drop_duplicates().to_dict('records')
g:\Meu Drive\offtrade\exportacao_meta.py:53: UserWarning: DataFrame columns are not unique, some columns will be omitted.
  prods = grp[grp['DTULTCOMP'] == dt][['FANTASIA', 'DESCRICAO']].drop_duplicates().to_dict('records')
g:\Meu Drive\offtrade\exportacao_meta.py:53: UserWarning: DataFrame columns are not unique, some columns will be omitted.
  prods = grp[grp['DTULTCOMP'] == dt][['FANTASIA', 'DESCRICAO']].drop_duplicates().to_dict('records')
g:\Meu Drive\offtrade\exportacao_meta.py:53: UserWarning: DataFrame columns are not unique, some columns will be omitted.
  prods = grp[grp['DTULTCOMP'] == dt][['FANTASIA', 'DESCRICAO']].drop_duplicates().to_dict('records')
g:\Meu Drive\offtrade\exportacao_meta.py:53: UserWarning: DataFrame columns are not unique, some columns will be omitted.
  prods = grp[grp['DTULTCOMP'] == dt][['FANTASIA', 'DESCRICAO']].drop_duplicates().to_dict('records')
g:\Meu Drive\offtrade\exportacao_meta.py:53: UserWarning: DataFrame columns are not unique, some columns will be omitted.
  prods = grp[grp['DTULTCOMP'] == dt][['FANTASIA', 'DESCRICAO']].drop_duplicates().to_dict('records')
g:\Meu Drive\offtrade\exportacao_meta.py:53: UserWarning: DataFrame columns are not unique, some columns will be omitted.
  prods = grp[grp['DTULTCOMP'] == dt][['FANTASIA', 'DESCRICAO']].drop_duplicates().to_dict('records')
g:\Meu Drive\offtrade\exportacao_meta.py:53: UserWarning: DataFrame columns are not unique, some columns will be omitted.
  prods = grp[grp['DTULTCOMP'] == dt][['FANTASIA', 'DESCRICAO']].drop_duplicates().to_dict('records')
g:\Meu Drive\offtrade\exportacao_meta.py:53: UserWarning: DataFrame columns are not unique, some columns will be omitted.
  prods = grp[grp['DTULTCOMP'] == dt][['FANTASIA', 'DESCRICAO']].drop_duplicates().to_dict('records')
g:\Meu Drive\offtrade\exportacao_meta.py:53: UserWarning: DataFrame columns are not unique, some columns will be omitted.
  prods = grp[grp['DTULTCOMP'] == dt][['FANTASIA', 'DESCRICAO']].drop_duplicates().to_dict('records')
g:\Meu Drive\offtrade\exportacao_meta.py:53: UserWarning: DataFrame columns are not unique, some columns will be omitted.
  prods = grp[grp['DTULTCOMP'] == dt][['FANTASIA', 'DESCRICAO']].drop_duplicates().to_dict('records')
g:\Meu Drive\offtrade\exportacao_meta.py:53: UserWarning: DataFrame columns are not unique, some columns will be omitted.
  prods = grp[grp['DTULTCOMP'] == dt][['FANTASIA', 'DESCRICAO']].drop_duplicates().to_dict('records')
g:\Meu Drive\offtrade\exportacao_meta.py:53: UserWarning: DataFrame columns are not unique, some columns will be omitted.
  prods = grp[grp['DTULTCOMP'] == dt][['FANTASIA', 'DESCRICAO']].drop_duplicates().to_dict('records')
g:\Meu Drive\offtrade\exportacao_meta.py:53: UserWarning: DataFrame columns are not unique, some columns will be omitted.
  prods = grp[grp['DTULTCOMP'] == dt][['FANTASIA', 'DESCRICAO']].drop_duplicates().to_dict('records')
g:\Meu Drive\offtrade\exportacao_meta.py:53: UserWarning: DataFrame columns are not unique, some columns will be omitted.
  prods = grp[grp['DTULTCOMP'] == dt][['FANTASIA', 'DESCRICAO']].drop_duplicates().to_dict('records')
g:\Meu Drive\offtrade\exportacao_meta.py:53: UserWarning: DataFrame columns are not unique, some columns will be omitted.
  prods = grp[grp['DTULTCOMP'] == dt][['FANTASIA', 'DESCRICAO']].drop_duplicates().to_dict('records')
g:\Meu Drive\offtrade\exportacao_meta.py:53: UserWarning: DataFrame columns are not unique, some columns will be omitted.
  prods = grp[grp['DTULTCOMP'] == dt][['FANTASIA', 'DESCRICAO']].drop_duplicates().to_dict('records')
g:\Meu Drive\offtrade\exportacao_meta.py:53: UserWarning: DataFrame columns are not unique, some columns will be omitted.
  prods = grp[grp['DTULTCOMP'] == dt][['FANTASIA', 'DESCRICAO']].drop_duplicates().to_dict('records')
g:\Meu Drive\offtrade\exportacao_meta.py:53: UserWarning: DataFrame columns are not unique, some columns will be omitted.
  prods = grp[grp['DTULTCOMP'] == dt][['FANTASIA', 'DESCRICAO']].drop_duplicates().to_dict('records')
g:\Meu Drive\offtrade\exportacao_meta.py:53: UserWarning: DataFrame columns are not unique, some columns will be omitted.
  prods = grp[grp['DTULTCOMP'] == dt][['FANTASIA', 'DESCRICAO']].drop_duplicates().to_dict('records')
g:\Meu Drive\offtrade\exportacao_meta.py:53: UserWarning: DataFrame columns are not unique, some columns will be omitted.
  prods = grp[grp['DTULTCOMP'] == dt][['FANTASIA', 'DESCRICAO']].drop_duplicates().to_dict('records')
g:\Meu Drive\offtrade\exportacao_meta.py:53: UserWarning: DataFrame columns are not unique, some columns will be omitted.
  prods = grp[grp['DTULTCOMP'] == dt][['FANTASIA', 'DESCRICAO']].drop_duplicates().to_dict('records')
g:\Meu Drive\offtrade\exportacao_meta.py:53: UserWarning: DataFrame columns are not unique, some columns will be omitted.
  prods = grp[grp['DTULTCOMP'] == dt][['FANTASIA', 'DESCRICAO']].drop_duplicates().to_dict('records')
g:\Meu Drive\offtrade\exportacao_meta.py:53: UserWarning: DataFrame columns are not unique, some columns will be omitted.
  prods = grp[grp['DTULTCOMP'] == dt][['FANTASIA', 'DESCRICAO']].drop_duplicates().to_dict('records')
g:\Meu Drive\offtrade\exportacao_meta.py:53: UserWarning: DataFrame columns are not unique, some columns will be omitted.
  prods = grp[grp['DTULTCOMP'] == dt][['FANTASIA', 'DESCRICAO']].drop_duplicates().to_dict('records')
g:\Meu Drive\offtrade\exportacao_meta.py:53: UserWarning: DataFrame columns are not unique, some columns will be omitted.
  prods = grp[grp['DTULTCOMP'] == dt][['FANTASIA', 'DESCRICAO']].drop_duplicates().to_dict('records')
g:\Meu Drive\offtrade\exportacao_meta.py:53: UserWarning: DataFrame columns are not unique, some columns will be omitted.
  prods = grp[grp['DTULTCOMP'] == dt][['FANTASIA', 'DESCRICAO']].drop_duplicates().to_dict('records')
g:\Meu Drive\offtrade\exportacao_meta.py:53: UserWarning: DataFrame columns are not unique, some columns will be omitted.
  prods = grp[grp['DTULTCOMP'] == dt][['FANTASIA', 'DESCRICAO']].drop_duplicates().to_dict('records')
g:\Meu Drive\offtrade\exportacao_meta.py:53: UserWarning: DataFrame columns are not unique, some columns will be omitted.
  prods = grp[grp['DTULTCOMP'] == dt][['FANTASIA', 'DESCRICAO']].drop_duplicates().to_dict('records')
g:\Meu Drive\offtrade\exportacao_meta.py:53: UserWarning: DataFrame columns are not unique, some columns will be omitted.
  prods = grp[grp['DTULTCOMP'] == dt][['FANTASIA', 'DESCRICAO']].drop_duplicates().to_dict('records')
g:\Meu Drive\offtrade\exportacao_meta.py:53: UserWarning: DataFrame columns are not unique, some columns will be omitted.
  prods = grp[grp['DTULTCOMP'] == dt][['FANTASIA', 'DESCRICAO']].drop_duplicates().to_dict('records')
g:\Meu Drive\offtrade\exportacao_meta.py:53: UserWarning: DataFrame columns are not unique, some columns will be omitted.
  prods = grp[grp['DTULTCOMP'] == dt][['FANTASIA', 'DESCRICAO']].drop_duplicates().to_dict('records')
g:\Meu Drive\offtrade\exportacao_meta.py:53: UserWarning: DataFrame columns are not unique, some columns will be omitted.
  prods = grp[grp['DTULTCOMP'] == dt][['FANTASIA', 'DESCRICAO']].drop_duplicates().to_dict('records')
g:\Meu Drive\offtrade\exportacao_meta.py:53: UserWarning: DataFrame columns are not unique, some columns will be omitted.
  prods = grp[grp['DTULTCOMP'] == dt][['FANTASIA', 'DESCRICAO']].drop_duplicates().to_dict('records')
g:\Meu Drive\offtrade\exportacao_meta.py:53: UserWarning: DataFrame columns are not unique, some columns will be omitted.
  prods = grp[grp['DTULTCOMP'] == dt][['FANTASIA', 'DESCRICAO']].drop_duplicates().to_dict('records')
g:\Meu Drive\offtrade\exportacao_meta.py:53: UserWarning: DataFrame columns are not unique, some columns will be omitted.
  prods = grp[grp['DTULTCOMP'] == dt][['FANTASIA', 'DESCRICAO']].drop_duplicates().to_dict('records')
g:\Meu Drive\offtrade\exportacao_meta.py:53: UserWarning: DataFrame columns are not unique, some columns will be omitted.
  prods = grp[grp['DTULTCOMP'] == dt][['FANTASIA', 'DESCRICAO']].drop_duplicates().to_dict('records')
g:\Meu Drive\offtrade\exportacao_meta.py:53: UserWarning: DataFrame columns are not unique, some columns will be omitted.
  prods = grp[grp['DTULTCOMP'] == dt][['FANTASIA', 'DESCRICAO']].drop_duplicates().to_dict('records')
g:\Meu Drive\offtrade\exportacao_meta.py:53: UserWarning: DataFrame columns are not unique, some columns will be omitted.
  prods = grp[grp['DTULTCOMP'] == dt][['FANTASIA', 'DESCRICAO']].drop_duplicates().to_dict('records')
g:\Meu Drive\offtrade\exportacao_meta.py:53: UserWarning: DataFrame columns are not unique, some columns will be omitted.
  prods = grp[grp['DTULTCOMP'] == dt][['FANTASIA', 'DESCRICAO']].drop_duplicates().to_dict('records')
g:\Meu Drive\offtrade\exportacao_meta.py:53: UserWarning: DataFrame columns are not unique, some columns will be omitted.
  prods = grp[grp['DTULTCOMP'] == dt][['FANTASIA', 'DESCRICAO']].drop_duplicates().to_dict('records')
g:\Meu Drive\offtrade\exportacao_meta.py:53: UserWarning: DataFrame columns are not unique, some columns will be omitted.
  prods = grp[grp['DTULTCOMP'] == dt][['FANTASIA', 'DESCRICAO']].drop_duplicates().to_dict('records')
g:\Meu Drive\offtrade\exportacao_meta.py:53: UserWarning: DataFrame columns are not unique, some columns will be omitted.
  prods = grp[grp['DTULTCOMP'] == dt][['FANTASIA', 'DESCRICAO']].drop_duplicates().to_dict('records')
g:\Meu Drive\offtrade\exportacao_meta.py:53: UserWarning: DataFrame columns are not unique, some columns will be omitted.
  prods = grp[grp['DTULTCOMP'] == dt][['FANTASIA', 'DESCRICAO']].drop_duplicates().to_dict('records')
g:\Meu Drive\offtrade\exportacao_meta.py:53: UserWarning: DataFrame columns are not unique, some columns will be omitted.
  prods = grp[grp['DTULTCOMP'] == dt][['FANTASIA', 'DESCRICAO']].drop_duplicates().to_dict('records')
g:\Meu Drive\offtrade\exportacao_meta.py:53: UserWarning: DataFrame columns are not unique, some columns will be omitted.
  prods = grp[grp['DTULTCOMP'] == dt][['FANTASIA', 'DESCRICAO']].drop_duplicates().to_dict('records')
g:\Meu Drive\offtrade\exportacao_meta.py:53: UserWarning: DataFrame columns are not unique, some columns will be omitted.
  prods = grp[grp['DTULTCOMP'] == dt][['FANTASIA', 'DESCRICAO']].drop_duplicates().to_dict('records')
g:\Meu Drive\offtrade\exportacao_meta.py:53: UserWarning: DataFrame columns are not unique, some columns will be omitted.
  prods = grp[grp['DTULTCOMP'] == dt][['FANTASIA', 'DESCRICAO']].drop_duplicates().to_dict('records')
g:\Meu Drive\offtrade\exportacao_meta.py:53: UserWarning: DataFrame columns are not unique, some columns will be omitted.
  prods = grp[grp['DTULTCOMP'] == dt][['FANTASIA', 'DESCRICAO']].drop_duplicates().to_dict('records')
g:\Meu Drive\offtrade\exportacao_meta.py:53: UserWarning: DataFrame columns are not unique, some columns will be omitted.
  prods = grp[grp['DTULTCOMP'] == dt][['FANTASIA', 'DESCRICAO']].drop_duplicates().to_dict('records')
g:\Meu Drive\offtrade\exportacao_meta.py:53: UserWarning: DataFrame columns are not unique, some columns will be omitted.
  prods = grp[grp['DTULTCOMP'] == dt][['FANTASIA', 'DESCRICAO']].drop_duplicates().to_dict('records')
g:\Meu Drive\offtrade\exportacao_meta.py:53: UserWarning: DataFrame columns are not unique, some columns will be omitted.
  prods = grp[grp['DTULTCOMP'] == dt][['FANTASIA', 'DESCRICAO']].drop_duplicates().to_dict('records')
g:\Meu Drive\offtrade\exportacao_meta.py:53: UserWarning: DataFrame columns are not unique, some columns will be omitted.
  prods = grp[grp['DTULTCOMP'] == dt][['FANTASIA', 'DESCRICAO']].drop_duplicates().to_dict('records')
g:\Meu Drive\offtrade\exportacao_meta.py:53: UserWarning: DataFrame columns are not unique, some columns will be omitted.
  prods = grp[grp['DTULTCOMP'] == dt][['FANTASIA', 'DESCRICAO']].drop_duplicates().to_dict('records')
g:\Meu Drive\offtrade\exportacao_meta.py:53: UserWarning: DataFrame columns are not unique, some columns will be omitted.
  prods = grp[grp['DTULTCOMP'] == dt][['FANTASIA', 'DESCRICAO']].drop_duplicates().to_dict('records')
g:\Meu Drive\offtrade\exportacao_meta.py:53: UserWarning: DataFrame columns are not unique, some columns will be omitted.
  prods = grp[grp['DTULTCOMP'] == dt][['FANTASIA', 'DESCRICAO']].drop_duplicates().to_dict('records')
g:\Meu Drive\offtrade\exportacao_meta.py:53: UserWarning: DataFrame columns are not unique, some columns will be omitted.
  prods = grp[grp['DTULTCOMP'] == dt][['FANTASIA', 'DESCRICAO']].drop_duplicates().to_dict('records')
g:\Meu Drive\offtrade\exportacao_meta.py:53: UserWarning: DataFrame columns are not unique, some columns will be omitted.
  prods = grp[grp['DTULTCOMP'] == dt][['FANTASIA', 'DESCRICAO']].drop_duplicates().to_dict('records')
g:\Meu Drive\offtrade\exportacao_meta.py:53: UserWarning: DataFrame columns are not unique, some columns will be omitted.
  prods = grp[grp['DTULTCOMP'] == dt][['FANTASIA', 'DESCRICAO']].drop_duplicates().to_dict('records')
g:\Meu Drive\offtrade\exportacao_meta.py:53: UserWarning: DataFrame columns are not unique, some columns will be omitted.
  prods = grp[grp['DTULTCOMP'] == dt][['FANTASIA', 'DESCRICAO']].drop_duplicates().to_dict('records')
g:\Meu Drive\offtrade\exportacao_meta.py:53: UserWarning: DataFrame columns are not unique, some columns will be omitted.
  prods = grp[grp['DTULTCOMP'] == dt][['FANTASIA', 'DESCRICAO']].drop_duplicates().to_dict('records')
g:\Meu Drive\offtrade\exportacao_meta.py:53: UserWarning: DataFrame columns are not unique, some columns will be omitted.
  prods = grp[grp['DTULTCOMP'] == dt][['FANTASIA', 'DESCRICAO']].drop_duplicates().to_dict('records')
g:\Meu Drive\offtrade\exportacao_meta.py:53: UserWarning: DataFrame columns are not unique, some columns will be omitted.
  prods = grp[grp['DTULTCOMP'] == dt][['FANTASIA', 'DESCRICAO']].drop_duplicates().to_dict('records')
g:\Meu Drive\offtrade\exportacao_meta.py:53: UserWarning: DataFrame columns are not unique, some columns will be omitted.
  prods = grp[grp['DTULTCOMP'] == dt][['FANTASIA', 'DESCRICAO']].drop_duplicates().to_dict('records')
g:\Meu Drive\offtrade\exportacao_meta.py:53: UserWarning: DataFrame columns are not unique, some columns will be omitted.
  prods = grp[grp['DTULTCOMP'] == dt][['FANTASIA', 'DESCRICAO']].drop_duplicates().to_dict('records')
g:\Meu Drive\offtrade\exportacao_meta.py:53: UserWarning: DataFrame columns are not unique, some columns will be omitted.
  prods = grp[grp['DTULTCOMP'] == dt][['FANTASIA', 'DESCRICAO']].drop_duplicates().to_dict('records')
g:\Meu Drive\offtrade\exportacao_meta.py:53: UserWarning: DataFrame columns are not unique, some columns will be omitted.
  prods = grp[grp['DTULTCOMP'] == dt][['FANTASIA', 'DESCRICAO']].drop_duplicates().to_dict('records')
g:\Meu Drive\offtrade\exportacao_meta.py:53: UserWarning: DataFrame columns are not unique, some columns will be omitted.
  prods = grp[grp['DTULTCOMP'] == dt][['FANTASIA', 'DESCRICAO']].drop_duplicates().to_dict('records')
g:\Meu Drive\offtrade\exportacao_meta.py:53: UserWarning: DataFrame columns are not unique, some columns will be omitted.
  prods = grp[grp['DTULTCOMP'] == dt][['FANTASIA', 'DESCRICAO']].drop_duplicates().to_dict('records')
g:\Meu Drive\offtrade\exportacao_meta.py:53: UserWarning: DataFrame columns are not unique, some columns will be omitted.
  prods = grp[grp['DTULTCOMP'] == dt][['FANTASIA', 'DESCRICAO']].drop_duplicates().to_dict('records')
g:\Meu Drive\offtrade\exportacao_meta.py:53: UserWarning: DataFrame columns are not unique, some columns will be omitted.
  prods = grp[grp['DTULTCOMP'] == dt][['FANTASIA', 'DESCRICAO']].drop_duplicates().to_dict('records')
g:\Meu Drive\offtrade\exportacao_meta.py:53: UserWarning: DataFrame columns are not unique, some columns will be omitted.
  prods = grp[grp['DTULTCOMP'] == dt][['FANTASIA', 'DESCRICAO']].drop_duplicates().to_dict('records')
g:\Meu Drive\offtrade\exportacao_meta.py:53: UserWarning: DataFrame columns are not unique, some columns will be omitted.
  prods = grp[grp['DTULTCOMP'] == dt][['FANTASIA', 'DESCRICAO']].drop_duplicates().to_dict('records')
g:\Meu Drive\offtrade\exportacao_meta.py:53: UserWarning: DataFrame columns are not unique, some columns will be omitted.
  prods = grp[grp['DTULTCOMP'] == dt][['FANTASIA', 'DESCRICAO']].drop_duplicates().to_dict('records')
g:\Meu Drive\offtrade\exportacao_meta.py:53: UserWarning: DataFrame columns are not unique, some columns will be omitted.
  prods = grp[grp['DTULTCOMP'] == dt][['FANTASIA', 'DESCRICAO']].drop_duplicates().to_dict('records')
g:\Meu Drive\offtrade\exportacao_meta.py:53: UserWarning: DataFrame columns are not unique, some columns will be omitted.
  prods = grp[grp['DTULTCOMP'] == dt][['FANTASIA', 'DESCRICAO']].drop_duplicates().to_dict('records')
g:\Meu Drive\offtrade\exportacao_meta.py:53: UserWarning: DataFrame columns are not unique, some columns will be omitted.
  prods = grp[grp['DTULTCOMP'] == dt][['FANTASIA', 'DESCRICAO']].drop_duplicates().to_dict('records')
g:\Meu Drive\offtrade\exportacao_meta.py:53: UserWarning: DataFrame columns are not unique, some columns will be omitted.
  prods = grp[grp['DTULTCOMP'] == dt][['FANTASIA', 'DESCRICAO']].drop_duplicates().to_dict('records')
g:\Meu Drive\offtrade\exportacao_meta.py:53: UserWarning: DataFrame columns are not unique, some columns will be omitted.
  prods = grp[grp['DTULTCOMP'] == dt][['FANTASIA', 'DESCRICAO']].drop_duplicates().to_dict('records')
g:\Meu Drive\offtrade\exportacao_meta.py:53: UserWarning: DataFrame columns are not unique, some columns will be omitted.
  prods = grp[grp['DTULTCOMP'] == dt][['FANTASIA', 'DESCRICAO']].drop_duplicates().to_dict('records')
g:\Meu Drive\offtrade\exportacao_meta.py:53: UserWarning: DataFrame columns are not unique, some columns will be omitted.
  prods = grp[grp['DTULTCOMP'] == dt][['FANTASIA', 'DESCRICAO']].drop_duplicates().to_dict('records')
g:\Meu Drive\offtrade\exportacao_meta.py:53: UserWarning: DataFrame columns are not unique, some columns will be omitted.
  prods = grp[grp['DTULTCOMP'] == dt][['FANTASIA', 'DESCRICAO']].drop_duplicates().to_dict('records')
g:\Meu Drive\offtrade\exportacao_meta.py:53: UserWarning: DataFrame columns are not unique, some columns will be omitted.
  prods = grp[grp['DTULTCOMP'] == dt][['FANTASIA', 'DESCRICAO']].drop_duplicates().to_dict('records')
g:\Meu Drive\offtrade\exportacao_meta.py:53: UserWarning: DataFrame columns are not unique, some columns will be omitted.
  prods = grp[grp['DTULTCOMP'] == dt][['FANTASIA', 'DESCRICAO']].drop_duplicates().to_dict('records')
g:\Meu Drive\offtrade\exportacao_meta.py:53: UserWarning: DataFrame columns are not unique, some columns will be omitted.
  prods = grp[grp['DTULTCOMP'] == dt][['FANTASIA', 'DESCRICAO']].drop_duplicates().to_dict('records')
g:\Meu Drive\offtrade\exportacao_meta.py:53: UserWarning: DataFrame columns are not unique, some columns will be omitted.
  prods = grp[grp['DTULTCOMP'] == dt][['FANTASIA', 'DESCRICAO']].drop_duplicates().to_dict('records')
g:\Meu Drive\offtrade\exportacao_meta.py:53: UserWarning: DataFrame columns are not unique, some columns will be omitted.
  prods = grp[grp['DTULTCOMP'] == dt][['FANTASIA', 'DESCRICAO']].drop_duplicates().to_dict('records')
g:\Meu Drive\offtrade\exportacao_meta.py:53: UserWarning: DataFrame columns are not unique, some columns will be omitted.
  prods = grp[grp['DTULTCOMP'] == dt][['FANTASIA', 'DESCRICAO']].drop_duplicates().to_dict('records')
g:\Meu Drive\offtrade\exportacao_meta.py:53: UserWarning: DataFrame columns are not unique, some columns will be omitted.
  prods = grp[grp['DTULTCOMP'] == dt][['FANTASIA', 'DESCRICAO']].drop_duplicates().to_dict('records')
g:\Meu Drive\offtrade\exportacao_meta.py:53: UserWarning: DataFrame columns are not unique, some columns will be omitted.
  prods = grp[grp['DTULTCOMP'] == dt][['FANTASIA', 'DESCRICAO']].drop_duplicates().to_dict('records')
g:\Meu Drive\offtrade\exportacao_meta.py:53: UserWarning: DataFrame columns are not unique, some columns will be omitted.
  prods = grp[grp['DTULTCOMP'] == dt][['FANTASIA', 'DESCRICAO']].drop_duplicates().to_dict('records')
g:\Meu Drive\offtrade\exportacao_meta.py:53: UserWarning: DataFrame columns are not unique, some columns will be omitted.
  prods = grp[grp['DTULTCOMP'] == dt][['FANTASIA', 'DESCRICAO']].drop_duplicates().to_dict('records')
g:\Meu Drive\offtrade\exportacao_meta.py:53: UserWarning: DataFrame columns are not unique, some columns will be omitted.
  prods = grp[grp['DTULTCOMP'] == dt][['FANTASIA', 'DESCRICAO']].drop_duplicates().to_dict('records')
g:\Meu Drive\offtrade\exportacao_meta.py:53: UserWarning: DataFrame columns are not unique, some columns will be omitted.
  prods = grp[grp['DTULTCOMP'] == dt][['FANTASIA', 'DESCRICAO']].drop_duplicates().to_dict('records')
g:\Meu Drive\offtrade\exportacao_meta.py:53: UserWarning: DataFrame columns are not unique, some columns will be omitted.
  prods = grp[grp['DTULTCOMP'] == dt][['FANTASIA', 'DESCRICAO']].drop_duplicates().to_dict('records')
g:\Meu Drive\offtrade\exportacao_meta.py:53: UserWarning: DataFrame columns are not unique, some columns will be omitted.
  prods = grp[grp['DTULTCOMP'] == dt][['FANTASIA', 'DESCRICAO']].drop_duplicates().to_dict('records')
g:\Meu Drive\offtrade\exportacao_meta.py:53: UserWarning: DataFrame columns are not unique, some columns will be omitted.
  prods = grp[grp['DTULTCOMP'] == dt][['FANTASIA', 'DESCRICAO']].drop_duplicates().to_dict('records')
g:\Meu Drive\offtrade\exportacao_meta.py:53: UserWarning: DataFrame columns are not unique, some columns will be omitted.
  prods = grp[grp['DTULTCOMP'] == dt][['FANTASIA', 'DESCRICAO']].drop_duplicates().to_dict('records')
g:\Meu Drive\offtrade\exportacao_meta.py:53: UserWarning: DataFrame columns are not unique, some columns will be omitted.
  prods = grp[grp['DTULTCOMP'] == dt][['FANTASIA', 'DESCRICAO']].drop_duplicates().to_dict('records')
g:\Meu Drive\offtrade\exportacao_meta.py:53: UserWarning: DataFrame columns are not unique, some columns will be omitted.
  prods = grp[grp['DTULTCOMP'] == dt][['FANTASIA', 'DESCRICAO']].drop_duplicates().to_dict('records')
g:\Meu Drive\offtrade\exportacao_meta.py:53: UserWarning: DataFrame columns are not unique, some columns will be omitted.
  prods = grp[grp['DTULTCOMP'] == dt][['FANTASIA', 'DESCRICAO']].drop_duplicates().to_dict('records')
g:\Meu Drive\offtrade\exportacao_meta.py:53: UserWarning: DataFrame columns are not unique, some columns will be omitted.
  prods = grp[grp['DTULTCOMP'] == dt][['FANTASIA', 'DESCRICAO']].drop_duplicates().to_dict('records')
g:\Meu Drive\offtrade\exportacao_meta.py:53: UserWarning: DataFrame columns are not unique, some columns will be omitted.
  prods = grp[grp['DTULTCOMP'] == dt][['FANTASIA', 'DESCRICAO']].drop_duplicates().to_dict('records')
g:\Meu Drive\offtrade\exportacao_meta.py:53: UserWarning: DataFrame columns are not unique, some columns will be omitted.
  prods = grp[grp['DTULTCOMP'] == dt][['FANTASIA', 'DESCRICAO']].drop_duplicates().to_dict('records')
g:\Meu Drive\offtrade\exportacao_meta.py:53: UserWarning: DataFrame columns are not unique, some columns will be omitted.
  prods = grp[grp['DTULTCOMP'] == dt][['FANTASIA', 'DESCRICAO']].drop_duplicates().to_dict('records')
g:\Meu Drive\offtrade\exportacao_meta.py:53: UserWarning: DataFrame columns are not unique, some columns will be omitted.
  prods = grp[grp['DTULTCOMP'] == dt][['FANTASIA', 'DESCRICAO']].drop_duplicates().to_dict('records')
g:\Meu Drive\offtrade\exportacao_meta.py:53: UserWarning: DataFrame columns are not unique, some columns will be omitted.
  prods = grp[grp['DTULTCOMP'] == dt][['FANTASIA', 'DESCRICAO']].drop_duplicates().to_dict('records')
g:\Meu Drive\offtrade\exportacao_meta.py:53: UserWarning: DataFrame columns are not unique, some columns will be omitted.
  prods = grp[grp['DTULTCOMP'] == dt][['FANTASIA', 'DESCRICAO']].drop_duplicates().to_dict('records')
g:\Meu Drive\offtrade\exportacao_meta.py:53: UserWarning: DataFrame columns are not unique, some columns will be omitted.
  prods = grp[grp['DTULTCOMP'] == dt][['FANTASIA', 'DESCRICAO']].drop_duplicates().to_dict('records')
g:\Meu Drive\offtrade\exportacao_meta.py:53: UserWarning: DataFrame columns are not unique, some columns will be omitted.
  prods = grp[grp['DTULTCOMP'] == dt][['FANTASIA', 'DESCRICAO']].drop_duplicates().to_dict('records')
g:\Meu Drive\offtrade\exportacao_meta.py:53: UserWarning: DataFrame columns are not unique, some columns will be omitted.
  prods = grp[grp['DTULTCOMP'] == dt][['FANTASIA', 'DESCRICAO']].drop_duplicates().to_dict('records')
g:\Meu Drive\offtrade\exportacao_meta.py:53: UserWarning: DataFrame columns are not unique, some columns will be omitted.
  prods = grp[grp['DTULTCOMP'] == dt][['FANTASIA', 'DESCRICAO']].drop_duplicates().to_dict('records')
g:\Meu Drive\offtrade\exportacao_meta.py:53: UserWarning: DataFrame columns are not unique, some columns will be omitted.
  prods = grp[grp['DTULTCOMP'] == dt][['FANTASIA', 'DESCRICAO']].drop_duplicates().to_dict('records')
g:\Meu Drive\offtrade\exportacao_meta.py:53: UserWarning: DataFrame columns are not unique, some columns will be omitted.
  prods = grp[grp['DTULTCOMP'] == dt][['FANTASIA', 'DESCRICAO']].drop_duplicates().to_dict('records')
g:\Meu Drive\offtrade\exportacao_meta.py:53: UserWarning: DataFrame columns are not unique, some columns will be omitted.
  prods = grp[grp['DTULTCOMP'] == dt][['FANTASIA', 'DESCRICAO']].drop_duplicates().to_dict('records')
g:\Meu Drive\offtrade\exportacao_meta.py:53: UserWarning: DataFrame columns are not unique, some columns will be omitted.
  prods = grp[grp['DTULTCOMP'] == dt][['FANTASIA', 'DESCRICAO']].drop_duplicates().to_dict('records')
g:\Meu Drive\offtrade\exportacao_meta.py:53: UserWarning: DataFrame columns are not unique, some columns will be omitted.
  prods = grp[grp['DTULTCOMP'] == dt][['FANTASIA', 'DESCRICAO']].drop_duplicates().to_dict('records')
g:\Meu Drive\offtrade\exportacao_meta.py:53: UserWarning: DataFrame columns are not unique, some columns will be omitted.
  prods = grp[grp['DTULTCOMP'] == dt][['FANTASIA', 'DESCRICAO']].drop_duplicates().to_dict('records')
g:\Meu Drive\offtrade\exportacao_meta.py:53: UserWarning: DataFrame columns are not unique, some columns will be omitted.
  prods = grp[grp['DTULTCOMP'] == dt][['FANTASIA', 'DESCRICAO']].drop_duplicates().to_dict('records')
g:\Meu Drive\offtrade\exportacao_meta.py:53: UserWarning: DataFrame columns are not unique, some columns will be omitted.
  prods = grp[grp['DTULTCOMP'] == dt][['FANTASIA', 'DESCRICAO']].drop_duplicates().to_dict('records')
g:\Meu Drive\offtrade\exportacao_meta.py:53: UserWarning: DataFrame columns are not unique, some columns will be omitted.
  prods = grp[grp['DTULTCOMP'] == dt][['FANTASIA', 'DESCRICAO']].drop_duplicates().to_dict('records')
g:\Meu Drive\offtrade\exportacao_meta.py:53: UserWarning: DataFrame columns are not unique, some columns will be omitted.
  prods = grp[grp['DTULTCOMP'] == dt][['FANTASIA', 'DESCRICAO']].drop_duplicates().to_dict('records')
g:\Meu Drive\offtrade\exportacao_meta.py:53: UserWarning: DataFrame columns are not unique, some columns will be omitted.
  prods = grp[grp['DTULTCOMP'] == dt][['FANTASIA', 'DESCRICAO']].drop_duplicates().to_dict('records')
g:\Meu Drive\offtrade\exportacao_meta.py:53: UserWarning: DataFrame columns are not unique, some columns will be omitted.
  prods = grp[grp['DTULTCOMP'] == dt][['FANTASIA', 'DESCRICAO']].drop_duplicates().to_dict('records')
g:\Meu Drive\offtrade\exportacao_meta.py:53: UserWarning: DataFrame columns are not unique, some columns will be omitted.
  prods = grp[grp['DTULTCOMP'] == dt][['FANTASIA', 'DESCRICAO']].drop_duplicates().to_dict('records')
g:\Meu Drive\offtrade\exportacao_meta.py:53: UserWarning: DataFrame columns are not unique, some columns will be omitted.
  prods = grp[grp['DTULTCOMP'] == dt][['FANTASIA', 'DESCRICAO']].drop_duplicates().to_dict('records')
g:\Meu Drive\offtrade\exportacao_meta.py:53: UserWarning: DataFrame columns are not unique, some columns will be omitted.
  prods = grp[grp['DTULTCOMP'] == dt][['FANTASIA', 'DESCRICAO']].drop_duplicates().to_dict('records')
g:\Meu Drive\offtrade\exportacao_meta.py:53: UserWarning: DataFrame columns are not unique, some columns will be omitted.
  prods = grp[grp['DTULTCOMP'] == dt][['FANTASIA', 'DESCRICAO']].drop_duplicates().to_dict('records')
g:\Meu Drive\offtrade\exportacao_meta.py:53: UserWarning: DataFrame columns are not unique, some columns will be omitted.
  prods = grp[grp['DTULTCOMP'] == dt][['FANTASIA', 'DESCRICAO']].drop_duplicates().to_dict('records')
g:\Meu Drive\offtrade\exportacao_meta.py:53: UserWarning: DataFrame columns are not unique, some columns will be omitted.
  prods = grp[grp['DTULTCOMP'] == dt][['FANTASIA', 'DESCRICAO']].drop_duplicates().to_dict('records')
g:\Meu Drive\offtrade\exportacao_meta.py:53: UserWarning: DataFrame columns are not unique, some columns will be omitted.
  prods = grp[grp['DTULTCOMP'] == dt][['FANTASIA', 'DESCRICAO']].drop_duplicates().to_dict('records')
g:\Meu Drive\offtrade\exportacao_meta.py:53: UserWarning: DataFrame columns are not unique, some columns will be omitted.
  prods = grp[grp['DTULTCOMP'] == dt][['FANTASIA', 'DESCRICAO']].drop_duplicates().to_dict('records')
g:\Meu Drive\offtrade\exportacao_meta.py:53: UserWarning: DataFrame columns are not unique, some columns will be omitted.
  prods = grp[grp['DTULTCOMP'] == dt][['FANTASIA', 'DESCRICAO']].drop_duplicates().to_dict('records')
g:\Meu Drive\offtrade\exportacao_meta.py:53: UserWarning: DataFrame columns are not unique, some columns will be omitted.
  prods = grp[grp['DTULTCOMP'] == dt][['FANTASIA', 'DESCRICAO']].drop_duplicates().to_dict('records')
g:\Meu Drive\offtrade\exportacao_meta.py:53: UserWarning: DataFrame columns are not unique, some columns will be omitted.
  prods = grp[grp['DTULTCOMP'] == dt][['FANTASIA', 'DESCRICAO']].drop_duplicates().to_dict('records')
g:\Meu Drive\offtrade\exportacao_meta.py:53: UserWarning: DataFrame columns are not unique, some columns will be omitted.
  prods = grp[grp['DTULTCOMP'] == dt][['FANTASIA', 'DESCRICAO']].drop_duplicates().to_dict('records')
g:\Meu Drive\offtrade\exportacao_meta.py:53: UserWarning: DataFrame columns are not unique, some columns will be omitted.
  prods = grp[grp['DTULTCOMP'] == dt][['FANTASIA', 'DESCRICAO']].drop_duplicates().to_dict('records')
g:\Meu Drive\offtrade\exportacao_meta.py:53: UserWarning: DataFrame columns are not unique, some columns will be omitted.
  prods = grp[grp['DTULTCOMP'] == dt][['FANTASIA', 'DESCRICAO']].drop_duplicates().to_dict('records')
g:\Meu Drive\offtrade\exportacao_meta.py:53: UserWarning: DataFrame columns are not unique, some columns will be omitted.
  prods = grp[grp['DTULTCOMP'] == dt][['FANTASIA', 'DESCRICAO']].drop_duplicates().to_dict('records')
g:\Meu Drive\offtrade\exportacao_meta.py:53: UserWarning: DataFrame columns are not unique, some columns will be omitted.
  prods = grp[grp['DTULTCOMP'] == dt][['FANTASIA', 'DESCRICAO']].drop_duplicates().to_dict('records')
g:\Meu Drive\offtrade\exportacao_meta.py:53: UserWarning: DataFrame columns are not unique, some columns will be omitted.
  prods = grp[grp['DTULTCOMP'] == dt][['FANTASIA', 'DESCRICAO']].drop_duplicates().to_dict('records')
g:\Meu Drive\offtrade\exportacao_meta.py:53: UserWarning: DataFrame columns are not unique, some columns will be omitted.
  prods = grp[grp['DTULTCOMP'] == dt][['FANTASIA', 'DESCRICAO']].drop_duplicates().to_dict('records')
g:\Meu Drive\offtrade\exportacao_meta.py:53: UserWarning: DataFrame columns are not unique, some columns will be omitted.
  prods = grp[grp['DTULTCOMP'] == dt][['FANTASIA', 'DESCRICAO']].drop_duplicates().to_dict('records')
g:\Meu Drive\offtrade\exportacao_meta.py:53: UserWarning: DataFrame columns are not unique, some columns will be omitted.
  prods = grp[grp['DTULTCOMP'] == dt][['FANTASIA', 'DESCRICAO']].drop_duplicates().to_dict('records')
g:\Meu Drive\offtrade\exportacao_meta.py:53: UserWarning: DataFrame columns are not unique, some columns will be omitted.
  prods = grp[grp['DTULTCOMP'] == dt][['FANTASIA', 'DESCRICAO']].drop_duplicates().to_dict('records')
g:\Meu Drive\offtrade\exportacao_meta.py:53: UserWarning: DataFrame columns are not unique, some columns will be omitted.
  prods = grp[grp['DTULTCOMP'] == dt][['FANTASIA', 'DESCRICAO']].drop_duplicates().to_dict('records')
g:\Meu Drive\offtrade\exportacao_meta.py:53: UserWarning: DataFrame columns are not unique, some columns will be omitted.
  prods = grp[grp['DTULTCOMP'] == dt][['FANTASIA', 'DESCRICAO']].drop_duplicates().to_dict('records')
g:\Meu Drive\offtrade\exportacao_meta.py:53: UserWarning: DataFrame columns are not unique, some columns will be omitted.
  prods = grp[grp['DTULTCOMP'] == dt][['FANTASIA', 'DESCRICAO']].drop_duplicates().to_dict('records')
g:\Meu Drive\offtrade\exportacao_meta.py:53: UserWarning: DataFrame columns are not unique, some columns will be omitted.
  prods = grp[grp['DTULTCOMP'] == dt][['FANTASIA', 'DESCRICAO']].drop_duplicates().to_dict('records')
g:\Meu Drive\offtrade\exportacao_meta.py:53: UserWarning: DataFrame columns are not unique, some columns will be omitted.
  prods = grp[grp['DTULTCOMP'] == dt][['FANTASIA', 'DESCRICAO']].drop_duplicates().to_dict('records')
g:\Meu Drive\offtrade\exportacao_meta.py:53: UserWarning: DataFrame columns are not unique, some columns will be omitted.
  prods = grp[grp['DTULTCOMP'] == dt][['FANTASIA', 'DESCRICAO']].drop_duplicates().to_dict('records')
g:\Meu Drive\offtrade\exportacao_meta.py:53: UserWarning: DataFrame columns are not unique, some columns will be omitted.
  prods = grp[grp['DTULTCOMP'] == dt][['FANTASIA', 'DESCRICAO']].drop_duplicates().to_dict('records')
g:\Meu Drive\offtrade\exportacao_meta.py:53: UserWarning: DataFrame columns are not unique, some columns will be omitted.
  prods = grp[grp['DTULTCOMP'] == dt][['FANTASIA', 'DESCRICAO']].drop_duplicates().to_dict('records')
g:\Meu Drive\offtrade\exportacao_meta.py:53: UserWarning: DataFrame columns are not unique, some columns will be omitted.
  prods = grp[grp['DTULTCOMP'] == dt][['FANTASIA', 'DESCRICAO']].drop_duplicates().to_dict('records')
g:\Meu Drive\offtrade\exportacao_meta.py:53: UserWarning: DataFrame columns are not unique, some columns will be omitted.
  prods = grp[grp['DTULTCOMP'] == dt][['FANTASIA', 'DESCRICAO']].drop_duplicates().to_dict('records')
g:\Meu Drive\offtrade\exportacao_meta.py:53: UserWarning: DataFrame columns are not unique, some columns will be omitted.
  prods = grp[grp['DTULTCOMP'] == dt][['FANTASIA', 'DESCRICAO']].drop_duplicates().to_dict('records')
g:\Meu Drive\offtrade\exportacao_meta.py:53: UserWarning: DataFrame columns are not unique, some columns will be omitted.
  prods = grp[grp['DTULTCOMP'] == dt][['FANTASIA', 'DESCRICAO']].drop_duplicates().to_dict('records')
g:\Meu Drive\offtrade\exportacao_meta.py:53: UserWarning: DataFrame columns are not unique, some columns will be omitted.
  prods = grp[grp['DTULTCOMP'] == dt][['FANTASIA', 'DESCRICAO']].drop_duplicates().to_dict('records')
g:\Meu Drive\offtrade\exportacao_meta.py:53: UserWarning: DataFrame columns are not unique, some columns will be omitted.
  prods = grp[grp['DTULTCOMP'] == dt][['FANTASIA', 'DESCRICAO']].drop_duplicates().to_dict('records')
g:\Meu Drive\offtrade\exportacao_meta.py:53: UserWarning: DataFrame columns are not unique, some columns will be omitted.
  prods = grp[grp['DTULTCOMP'] == dt][['FANTASIA', 'DESCRICAO']].drop_duplicates().to_dict('records')
g:\Meu Drive\offtrade\exportacao_meta.py:53: UserWarning: DataFrame columns are not unique, some columns will be omitted.
  prods = grp[grp['DTULTCOMP'] == dt][['FANTASIA', 'DESCRICAO']].drop_duplicates().to_dict('records')
g:\Meu Drive\offtrade\exportacao_meta.py:53: UserWarning: DataFrame columns are not unique, some columns will be omitted.
  prods = grp[grp['DTULTCOMP'] == dt][['FANTASIA', 'DESCRICAO']].drop_duplicates().to_dict('records')
g:\Meu Drive\offtrade\exportacao_meta.py:53: UserWarning: DataFrame columns are not unique, some columns will be omitted.
  prods = grp[grp['DTULTCOMP'] == dt][['FANTASIA', 'DESCRICAO']].drop_duplicates().to_dict('records')
g:\Meu Drive\offtrade\exportacao_meta.py:53: UserWarning: DataFrame columns are not unique, some columns will be omitted.
  prods = grp[grp['DTULTCOMP'] == dt][['FANTASIA', 'DESCRICAO']].drop_duplicates().to_dict('records')
g:\Meu Drive\offtrade\exportacao_meta.py:53: UserWarning: DataFrame columns are not unique, some columns will be omitted.
  prods = grp[grp['DTULTCOMP'] == dt][['FANTASIA', 'DESCRICAO']].drop_duplicates().to_dict('records')
g:\Meu Drive\offtrade\exportacao_meta.py:53: UserWarning: DataFrame columns are not unique, some columns will be omitted.
  prods = grp[grp['DTULTCOMP'] == dt][['FANTASIA', 'DESCRICAO']].drop_duplicates().to_dict('records')
g:\Meu Drive\offtrade\exportacao_meta.py:53: UserWarning: DataFrame columns are not unique, some columns will be omitted.
  prods = grp[grp['DTULTCOMP'] == dt][['FANTASIA', 'DESCRICAO']].drop_duplicates().to_dict('records')
g:\Meu Drive\offtrade\exportacao_meta.py:53: UserWarning: DataFrame columns are not unique, some columns will be omitted.
  prods = grp[grp['DTULTCOMP'] == dt][['FANTASIA', 'DESCRICAO']].drop_duplicates().to_dict('records')
g:\Meu Drive\offtrade\exportacao_meta.py:53: UserWarning: DataFrame columns are not unique, some columns will be omitted.
  prods = grp[grp['DTULTCOMP'] == dt][['FANTASIA', 'DESCRICAO']].drop_duplicates().to_dict('records')
g:\Meu Drive\offtrade\exportacao_meta.py:53: UserWarning: DataFrame columns are not unique, some columns will be omitted.
  prods = grp[grp['DTULTCOMP'] == dt][['FANTASIA', 'DESCRICAO']].drop_duplicates().to_dict('records')
g:\Meu Drive\offtrade\exportacao_meta.py:53: UserWarning: DataFrame columns are not unique, some columns will be omitted.
  prods = grp[grp['DTULTCOMP'] == dt][['FANTASIA', 'DESCRICAO']].drop_duplicates().to_dict('records')
g:\Meu Drive\offtrade\exportacao_meta.py:53: UserWarning: DataFrame columns are not unique, some columns will be omitted.
  prods = grp[grp['DTULTCOMP'] == dt][['FANTASIA', 'DESCRICAO']].drop_duplicates().to_dict('records')
g:\Meu Drive\offtrade\exportacao_meta.py:53: UserWarning: DataFrame columns are not unique, some columns will be omitted.
  prods = grp[grp['DTULTCOMP'] == dt][['FANTASIA', 'DESCRICAO']].drop_duplicates().to_dict('records')
g:\Meu Drive\offtrade\exportacao_meta.py:53: UserWarning: DataFrame columns are not unique, some columns will be omitted.
  prods = grp[grp['DTULTCOMP'] == dt][['FANTASIA', 'DESCRICAO']].drop_duplicates().to_dict('records')
g:\Meu Drive\offtrade\exportacao_meta.py:53: UserWarning: DataFrame columns are not unique, some columns will be omitted.
  prods = grp[grp['DTULTCOMP'] == dt][['FANTASIA', 'DESCRICAO']].drop_duplicates().to_dict('records')
g:\Meu Drive\offtrade\exportacao_meta.py:53: UserWarning: DataFrame columns are not unique, some columns will be omitted.
  prods = grp[grp['DTULTCOMP'] == dt][['FANTASIA', 'DESCRICAO']].drop_duplicates().to_dict('records')
g:\Meu Drive\offtrade\exportacao_meta.py:53: UserWarning: DataFrame columns are not unique, some columns will be omitted.
  prods = grp[grp['DTULTCOMP'] == dt][['FANTASIA', 'DESCRICAO']].drop_duplicates().to_dict('records')
g:\Meu Drive\offtrade\exportacao_meta.py:53: UserWarning: DataFrame columns are not unique, some columns will be omitted.
  prods = grp[grp['DTULTCOMP'] == dt][['FANTASIA', 'DESCRICAO']].drop_duplicates().to_dict('records')
g:\Meu Drive\offtrade\exportacao_meta.py:53: UserWarning: DataFrame columns are not unique, some columns will be omitted.
  prods = grp[grp['DTULTCOMP'] == dt][['FANTASIA', 'DESCRICAO']].drop_duplicates().to_dict('records')
g:\Meu Drive\offtrade\exportacao_meta.py:53: UserWarning: DataFrame columns are not unique, some columns will be omitted.
  prods = grp[grp['DTULTCOMP'] == dt][['FANTASIA', 'DESCRICAO']].drop_duplicates().to_dict('records')
g:\Meu Drive\offtrade\exportacao_meta.py:53: UserWarning: DataFrame columns are not unique, some columns will be omitted.
  prods = grp[grp['DTULTCOMP'] == dt][['FANTASIA', 'DESCRICAO']].drop_duplicates().to_dict('records')
g:\Meu Drive\offtrade\exportacao_meta.py:53: UserWarning: DataFrame columns are not unique, some columns will be omitted.
  prods = grp[grp['DTULTCOMP'] == dt][['FANTASIA', 'DESCRICAO']].drop_duplicates().to_dict('records')
g:\Meu Drive\offtrade\exportacao_meta.py:53: UserWarning: DataFrame columns are not unique, some columns will be omitted.
  prods = grp[grp['DTULTCOMP'] == dt][['FANTASIA', 'DESCRICAO']].drop_duplicates().to_dict('records')
g:\Meu Drive\offtrade\exportacao_meta.py:53: UserWarning: DataFrame columns are not unique, some columns will be omitted.
  prods = grp[grp['DTULTCOMP'] == dt][['FANTASIA', 'DESCRICAO']].drop_duplicates().to_dict('records')
g:\Meu Drive\offtrade\exportacao_meta.py:53: UserWarning: DataFrame columns are not unique, some columns will be omitted.
  prods = grp[grp['DTULTCOMP'] == dt][['FANTASIA', 'DESCRICAO']].drop_duplicates().to_dict('records')
g:\Meu Drive\offtrade\exportacao_meta.py:53: UserWarning: DataFrame columns are not unique, some columns will be omitted.
  prods = grp[grp['DTULTCOMP'] == dt][['FANTASIA', 'DESCRICAO']].drop_duplicates().to_dict('records')
g:\Meu Drive\offtrade\exportacao_meta.py:53: UserWarning: DataFrame columns are not unique, some columns will be omitted.
  prods = grp[grp['DTULTCOMP'] == dt][['FANTASIA', 'DESCRICAO']].drop_duplicates().to_dict('records')
g:\Meu Drive\offtrade\exportacao_meta.py:53: UserWarning: DataFrame columns are not unique, some columns will be omitted.
  prods = grp[grp['DTULTCOMP'] == dt][['FANTASIA', 'DESCRICAO']].drop_duplicates().to_dict('records')
g:\Meu Drive\offtrade\exportacao_meta.py:53: UserWarning: DataFrame columns are not unique, some columns will be omitted.
  prods = grp[grp['DTULTCOMP'] == dt][['FANTASIA', 'DESCRICAO']].drop_duplicates().to_dict('records')
g:\Meu Drive\offtrade\exportacao_meta.py:53: UserWarning: DataFrame columns are not unique, some columns will be omitted.
  prods = grp[grp['DTULTCOMP'] == dt][['FANTASIA', 'DESCRICAO']].drop_duplicates().to_dict('records')
g:\Meu Drive\offtrade\exportacao_meta.py:53: UserWarning: DataFrame columns are not unique, some columns will be omitted.
  prods = grp[grp['DTULTCOMP'] == dt][['FANTASIA', 'DESCRICAO']].drop_duplicates().to_dict('records')
g:\Meu Drive\offtrade\exportacao_meta.py:53: UserWarning: DataFrame columns are not unique, some columns will be omitted.
  prods = grp[grp['DTULTCOMP'] == dt][['FANTASIA', 'DESCRICAO']].drop_duplicates().to_dict('records')
g:\Meu Drive\offtrade\exportacao_meta.py:53: UserWarning: DataFrame columns are not unique, some columns will be omitted.
  prods = grp[grp['DTULTCOMP'] == dt][['FANTASIA', 'DESCRICAO']].drop_duplicates().to_dict('records')
g:\Meu Drive\offtrade\exportacao_meta.py:53: UserWarning: DataFrame columns are not unique, some columns will be omitted.
  prods = grp[grp['DTULTCOMP'] == dt][['FANTASIA', 'DESCRICAO']].drop_duplicates().to_dict('records')
g:\Meu Drive\offtrade\exportacao_meta.py:53: UserWarning: DataFrame columns are not unique, some columns will be omitted.
  prods = grp[grp['DTULTCOMP'] == dt][['FANTASIA', 'DESCRICAO']].drop_duplicates().to_dict('records')
g:\Meu Drive\offtrade\exportacao_meta.py:53: UserWarning: DataFrame columns are not unique, some columns will be omitted.
  prods = grp[grp['DTULTCOMP'] == dt][['FANTASIA', 'DESCRICAO']].drop_duplicates().to_dict('records')
g:\Meu Drive\offtrade\exportacao_meta.py:53: UserWarning: DataFrame columns are not unique, some columns will be omitted.
  prods = grp[grp['DTULTCOMP'] == dt][['FANTASIA', 'DESCRICAO']].drop_duplicates().to_dict('records')
g:\Meu Drive\offtrade\exportacao_meta.py:53: UserWarning: DataFrame columns are not unique, some columns will be omitted.
  prods = grp[grp['DTULTCOMP'] == dt][['FANTASIA', 'DESCRICAO']].drop_duplicates().to_dict('records')
g:\Meu Drive\offtrade\exportacao_meta.py:53: UserWarning: DataFrame columns are not unique, some columns will be omitted.
  prods = grp[grp['DTULTCOMP'] == dt][['FANTASIA', 'DESCRICAO']].drop_duplicates().to_dict('records')
g:\Meu Drive\offtrade\exportacao_meta.py:53: UserWarning: DataFrame columns are not unique, some columns will be omitted.
  prods = grp[grp['DTULTCOMP'] == dt][['FANTASIA', 'DESCRICAO']].drop_duplicates().to_dict('records')
g:\Meu Drive\offtrade\exportacao_meta.py:53: UserWarning: DataFrame columns are not unique, some columns will be omitted.
  prods = grp[grp['DTULTCOMP'] == dt][['FANTASIA', 'DESCRICAO']].drop_duplicates().to_dict('records')
g:\Meu Drive\offtrade\exportacao_meta.py:53: UserWarning: DataFrame columns are not unique, some columns will be omitted.
  prods = grp[grp['DTULTCOMP'] == dt][['FANTASIA', 'DESCRICAO']].drop_duplicates().to_dict('records')
g:\Meu Drive\offtrade\exportacao_meta.py:53: UserWarning: DataFrame columns are not unique, some columns will be omitted.
  prods = grp[grp['DTULTCOMP'] == dt][['FANTASIA', 'DESCRICAO']].drop_duplicates().to_dict('records')
g:\Meu Drive\offtrade\exportacao_meta.py:53: UserWarning: DataFrame columns are not unique, some columns will be omitted.
  prods = grp[grp['DTULTCOMP'] == dt][['FANTASIA', 'DESCRICAO']].drop_duplicates().to_dict('records')
g:\Meu Drive\offtrade\exportacao_meta.py:53: UserWarning: DataFrame columns are not unique, some columns will be omitted.
  prods = grp[grp['DTULTCOMP'] == dt][['FANTASIA', 'DESCRICAO']].drop_duplicates().to_dict('records')
g:\Meu Drive\offtrade\exportacao_meta.py:53: UserWarning: DataFrame columns are not unique, some columns will be omitted.
  prods = grp[grp['DTULTCOMP'] == dt][['FANTASIA', 'DESCRICAO']].drop_duplicates().to_dict('records')
g:\Meu Drive\offtrade\exportacao_meta.py:53: UserWarning: DataFrame columns are not unique, some columns will be omitted.
  prods = grp[grp['DTULTCOMP'] == dt][['FANTASIA', 'DESCRICAO']].drop_duplicates().to_dict('records')
g:\Meu Drive\offtrade\exportacao_meta.py:53: UserWarning: DataFrame columns are not unique, some columns will be omitted.
  prods = grp[grp['DTULTCOMP'] == dt][['FANTASIA', 'DESCRICAO']].drop_duplicates().to_dict('records')
g:\Meu Drive\offtrade\exportacao_meta.py:53: UserWarning: DataFrame columns are not unique, some columns will be omitted.
  prods = grp[grp['DTULTCOMP'] == dt][['FANTASIA', 'DESCRICAO']].drop_duplicates().to_dict('records')
g:\Meu Drive\offtrade\exportacao_meta.py:53: UserWarning: DataFrame columns are not unique, some columns will be omitted.
  prods = grp[grp['DTULTCOMP'] == dt][['FANTASIA', 'DESCRICAO']].drop_duplicates().to_dict('records')
g:\Meu Drive\offtrade\exportacao_meta.py:53: UserWarning: DataFrame columns are not unique, some columns will be omitted.
  prods = grp[grp['DTULTCOMP'] == dt][['FANTASIA', 'DESCRICAO']].drop_duplicates().to_dict('records')
g:\Meu Drive\offtrade\exportacao_meta.py:53: UserWarning: DataFrame columns are not unique, some columns will be omitted.
  prods = grp[grp['DTULTCOMP'] == dt][['FANTASIA', 'DESCRICAO']].drop_duplicates().to_dict('records')
g:\Meu Drive\offtrade\exportacao_meta.py:53: UserWarning: DataFrame columns are not unique, some columns will be omitted.
  prods = grp[grp['DTULTCOMP'] == dt][['FANTASIA', 'DESCRICAO']].drop_duplicates().to_dict('records')
g:\Meu Drive\offtrade\exportacao_meta.py:53: UserWarning: DataFrame columns are not unique, some columns will be omitted.
  prods = grp[grp['DTULTCOMP'] == dt][['FANTASIA', 'DESCRICAO']].drop_duplicates().to_dict('records')
g:\Meu Drive\offtrade\exportacao_meta.py:53: UserWarning: DataFrame columns are not unique, some columns will be omitted.
  prods = grp[grp['DTULTCOMP'] == dt][['FANTASIA', 'DESCRICAO']].drop_duplicates().to_dict('records')
g:\Meu Drive\offtrade\exportacao_meta.py:53: UserWarning: DataFrame columns are not unique, some columns will be omitted.
  prods = grp[grp['DTULTCOMP'] == dt][['FANTASIA', 'DESCRICAO']].drop_duplicates().to_dict('records')
g:\Meu Drive\offtrade\exportacao_meta.py:53: UserWarning: DataFrame columns are not unique, some columns will be omitted.
  prods = grp[grp['DTULTCOMP'] == dt][['FANTASIA', 'DESCRICAO']].drop_duplicates().to_dict('records')
g:\Meu Drive\offtrade\exportacao_meta.py:53: UserWarning: DataFrame columns are not unique, some columns will be omitted.
  prods = grp[grp['DTULTCOMP'] == dt][['FANTASIA', 'DESCRICAO']].drop_duplicates().to_dict('records')
g:\Meu Drive\offtrade\exportacao_meta.py:53: UserWarning: DataFrame columns are not unique, some columns will be omitted.
  prods = grp[grp['DTULTCOMP'] == dt][['FANTASIA', 'DESCRICAO']].drop_duplicates().to_dict('records')
g:\Meu Drive\offtrade\exportacao_meta.py:53: UserWarning: DataFrame columns are not unique, some columns will be omitted.
  prods = grp[grp['DTULTCOMP'] == dt][['FANTASIA', 'DESCRICAO']].drop_duplicates().to_dict('records')
g:\Meu Drive\offtrade\exportacao_meta.py:53: UserWarning: DataFrame columns are not unique, some columns will be omitted.
  prods = grp[grp['DTULTCOMP'] == dt][['FANTASIA', 'DESCRICAO']].drop_duplicates().to_dict('records')
g:\Meu Drive\offtrade\exportacao_meta.py:53: UserWarning: DataFrame columns are not unique, some columns will be omitted.
  prods = grp[grp['DTULTCOMP'] == dt][['FANTASIA', 'DESCRICAO']].drop_duplicates().to_dict('records')
g:\Meu Drive\offtrade\exportacao_meta.py:53: UserWarning: DataFrame columns are not unique, some columns will be omitted.
  prods = grp[grp['DTULTCOMP'] == dt][['FANTASIA', 'DESCRICAO']].drop_duplicates().to_dict('records')
g:\Meu Drive\offtrade\exportacao_meta.py:53: UserWarning: DataFrame columns are not unique, some columns will be omitted.
  prods = grp[grp['DTULTCOMP'] == dt][['FANTASIA', 'DESCRICAO']].drop_duplicates().to_dict('records')
g:\Meu Drive\offtrade\exportacao_meta.py:53: UserWarning: DataFrame columns are not unique, some columns will be omitted.
  prods = grp[grp['DTULTCOMP'] == dt][['FANTASIA', 'DESCRICAO']].drop_duplicates().to_dict('records')
g:\Meu Drive\offtrade\exportacao_meta.py:53: UserWarning: DataFrame columns are not unique, some columns will be omitted.
  prods = grp[grp['DTULTCOMP'] == dt][['FANTASIA', 'DESCRICAO']].drop_duplicates().to_dict('records')
g:\Meu Drive\offtrade\exportacao_meta.py:53: UserWarning: DataFrame columns are not unique, some columns will be omitted.
  prods = grp[grp['DTULTCOMP'] == dt][['FANTASIA', 'DESCRICAO']].drop_duplicates().to_dict('records')
g:\Meu Drive\offtrade\exportacao_meta.py:53: UserWarning: DataFrame columns are not unique, some columns will be omitted.
  prods = grp[grp['DTULTCOMP'] == dt][['FANTASIA', 'DESCRICAO']].drop_duplicates().to_dict('records')
g:\Meu Drive\offtrade\exportacao_meta.py:53: UserWarning: DataFrame columns are not unique, some columns will be omitted.
  prods = grp[grp['DTULTCOMP'] == dt][['FANTASIA', 'DESCRICAO']].drop_duplicates().to_dict('records')
g:\Meu Drive\offtrade\exportacao_meta.py:53: UserWarning: DataFrame columns are not unique, some columns will be omitted.
  prods = grp[grp['DTULTCOMP'] == dt][['FANTASIA', 'DESCRICAO']].drop_duplicates().to_dict('records')
g:\Meu Drive\offtrade\exportacao_meta.py:53: UserWarning: DataFrame columns are not unique, some columns will be omitted.
  prods = grp[grp['DTULTCOMP'] == dt][['FANTASIA', 'DESCRICAO']].drop_duplicates().to_dict('records')
g:\Meu Drive\offtrade\exportacao_meta.py:53: UserWarning: DataFrame columns are not unique, some columns will be omitted.
  prods = grp[grp['DTULTCOMP'] == dt][['FANTASIA', 'DESCRICAO']].drop_duplicates().to_dict('records')
g:\Meu Drive\offtrade\exportacao_meta.py:53: UserWarning: DataFrame columns are not unique, some columns will be omitted.
  prods = grp[grp['DTULTCOMP'] == dt][['FANTASIA', 'DESCRICAO']].drop_duplicates().to_dict('records')
g:\Meu Drive\offtrade\exportacao_meta.py:53: UserWarning: DataFrame columns are not unique, some columns will be omitted.
  prods = grp[grp['DTULTCOMP'] == dt][['FANTASIA', 'DESCRICAO']].drop_duplicates().to_dict('records')
g:\Meu Drive\offtrade\exportacao_meta.py:53: UserWarning: DataFrame columns are not unique, some columns will be omitted.
  prods = grp[grp['DTULTCOMP'] == dt][['FANTASIA', 'DESCRICAO']].drop_duplicates().to_dict('records')
g:\Meu Drive\offtrade\exportacao_meta.py:53: UserWarning: DataFrame columns are not unique, some columns will be omitted.
  prods = grp[grp['DTULTCOMP'] == dt][['FANTASIA', 'DESCRICAO']].drop_duplicates().to_dict('records')
g:\Meu Drive\offtrade\exportacao_meta.py:53: UserWarning: DataFrame columns are not unique, some columns will be omitted.
  prods = grp[grp['DTULTCOMP'] == dt][['FANTASIA', 'DESCRICAO']].drop_duplicates().to_dict('records')
g:\Meu Drive\offtrade\exportacao_meta.py:53: UserWarning: DataFrame columns are not unique, some columns will be omitted.
  prods = grp[grp['DTULTCOMP'] == dt][['FANTASIA', 'DESCRICAO']].drop_duplicates().to_dict('records')
g:\Meu Drive\offtrade\exportacao_meta.py:53: UserWarning: DataFrame columns are not unique, some columns will be omitted.
  prods = grp[grp['DTULTCOMP'] == dt][['FANTASIA', 'DESCRICAO']].drop_duplicates().to_dict('records')
g:\Meu Drive\offtrade\exportacao_meta.py:53: UserWarning: DataFrame columns are not unique, some columns will be omitted.
  prods = grp[grp['DTULTCOMP'] == dt][['FANTASIA', 'DESCRICAO']].drop_duplicates().to_dict('records')
g:\Meu Drive\offtrade\exportacao_meta.py:53: UserWarning: DataFrame columns are not unique, some columns will be omitted.
  prods = grp[grp['DTULTCOMP'] == dt][['FANTASIA', 'DESCRICAO']].drop_duplicates().to_dict('records')
g:\Meu Drive\offtrade\exportacao_meta.py:53: UserWarning: DataFrame columns are not unique, some columns will be omitted.
  prods = grp[grp['DTULTCOMP'] == dt][['FANTASIA', 'DESCRICAO']].drop_duplicates().to_dict('records')
g:\Meu Drive\offtrade\exportacao_meta.py:53: UserWarning: DataFrame columns are not unique, some columns will be omitted.
  prods = grp[grp['DTULTCOMP'] == dt][['FANTASIA', 'DESCRICAO']].drop_duplicates().to_dict('records')
g:\Meu Drive\offtrade\exportacao_meta.py:53: UserWarning: DataFrame columns are not unique, some columns will be omitted.
  prods = grp[grp['DTULTCOMP'] == dt][['FANTASIA', 'DESCRICAO']].drop_duplicates().to_dict('records')
g:\Meu Drive\offtrade\exportacao_meta.py:53: UserWarning: DataFrame columns are not unique, some columns will be omitted.
  prods = grp[grp['DTULTCOMP'] == dt][['FANTASIA', 'DESCRICAO']].drop_duplicates().to_dict('records')
g:\Meu Drive\offtrade\exportacao_meta.py:53: UserWarning: DataFrame columns are not unique, some columns will be omitted.
  prods = grp[grp['DTULTCOMP'] == dt][['FANTASIA', 'DESCRICAO']].drop_duplicates().to_dict('records')
g:\Meu Drive\offtrade\exportacao_meta.py:53: UserWarning: DataFrame columns are not unique, some columns will be omitted.
  prods = grp[grp['DTULTCOMP'] == dt][['FANTASIA', 'DESCRICAO']].drop_duplicates().to_dict('records')
g:\Meu Drive\offtrade\exportacao_meta.py:53: UserWarning: DataFrame columns are not unique, some columns will be omitted.
  prods = grp[grp['DTULTCOMP'] == dt][['FANTASIA', 'DESCRICAO']].drop_duplicates().to_dict('records')
g:\Meu Drive\offtrade\exportacao_meta.py:53: UserWarning: DataFrame columns are not unique, some columns will be omitted.
  prods = grp[grp['DTULTCOMP'] == dt][['FANTASIA', 'DESCRICAO']].drop_duplicates().to_dict('records')
g:\Meu Drive\offtrade\exportacao_meta.py:53: UserWarning: DataFrame columns are not unique, some columns will be omitted.
  prods = grp[grp['DTULTCOMP'] == dt][['FANTASIA', 'DESCRICAO']].drop_duplicates().to_dict('records')
g:\Meu Drive\offtrade\exportacao_meta.py:53: UserWarning: DataFrame columns are not unique, some columns will be omitted.
  prods = grp[grp['DTULTCOMP'] == dt][['FANTASIA', 'DESCRICAO']].drop_duplicates().to_dict('records')
g:\Meu Drive\offtrade\exportacao_meta.py:53: UserWarning: DataFrame columns are not unique, some columns will be omitted.
  prods = grp[grp['DTULTCOMP'] == dt][['FANTASIA', 'DESCRICAO']].drop_duplicates().to_dict('records')
g:\Meu Drive\offtrade\exportacao_meta.py:53: UserWarning: DataFrame columns are not unique, some columns will be omitted.
  prods = grp[grp['DTULTCOMP'] == dt][['FANTASIA', 'DESCRICAO']].drop_duplicates().to_dict('records')
g:\Meu Drive\offtrade\exportacao_meta.py:53: UserWarning: DataFrame columns are not unique, some columns will be omitted.
  prods = grp[grp['DTULTCOMP'] == dt][['FANTASIA', 'DESCRICAO']].drop_duplicates().to_dict('records')
g:\Meu Drive\offtrade\exportacao_meta.py:53: UserWarning: DataFrame columns are not unique, some columns will be omitted.
  prods = grp[grp['DTULTCOMP'] == dt][['FANTASIA', 'DESCRICAO']].drop_duplicates().to_dict('records')
g:\Meu Drive\offtrade\exportacao_meta.py:53: UserWarning: DataFrame columns are not unique, some columns will be omitted.
  prods = grp[grp['DTULTCOMP'] == dt][['FANTASIA', 'DESCRICAO']].drop_duplicates().to_dict('records')
g:\Meu Drive\offtrade\exportacao_meta.py:53: UserWarning: DataFrame columns are not unique, some columns will be omitted.
  prods = grp[grp['DTULTCOMP'] == dt][['FANTASIA', 'DESCRICAO']].drop_duplicates().to_dict('records')
g:\Meu Drive\offtrade\exportacao_meta.py:53: UserWarning: DataFrame columns are not unique, some columns will be omitted.
  prods = grp[grp['DTULTCOMP'] == dt][['FANTASIA', 'DESCRICAO']].drop_duplicates().to_dict('records')
g:\Meu Drive\offtrade\exportacao_meta.py:53: UserWarning: DataFrame columns are not unique, some columns will be omitted.
  prods = grp[grp['DTULTCOMP'] == dt][['FANTASIA', 'DESCRICAO']].drop_duplicates().to_dict('records')
g:\Meu Drive\offtrade\exportacao_meta.py:53: UserWarning: DataFrame columns are not unique, some columns will be omitted.
  prods = grp[grp['DTULTCOMP'] == dt][['FANTASIA', 'DESCRICAO']].drop_duplicates().to_dict('records')
g:\Meu Drive\offtrade\exportacao_meta.py:53: UserWarning: DataFrame columns are not unique, some columns will be omitted.
  prods = grp[grp['DTULTCOMP'] == dt][['FANTASIA', 'DESCRICAO']].drop_duplicates().to_dict('records')
g:\Meu Drive\offtrade\exportacao_meta.py:53: UserWarning: DataFrame columns are not unique, some columns will be omitted.
  prods = grp[grp['DTULTCOMP'] == dt][['FANTASIA', 'DESCRICAO']].drop_duplicates().to_dict('records')
g:\Meu Drive\offtrade\exportacao_meta.py:53: UserWarning: DataFrame columns are not unique, some columns will be omitted.
  prods = grp[grp['DTULTCOMP'] == dt][['FANTASIA', 'DESCRICAO']].drop_duplicates().to_dict('records')
g:\Meu Drive\offtrade\exportacao_meta.py:53: UserWarning: DataFrame columns are not unique, some columns will be omitted.
  prods = grp[grp['DTULTCOMP'] == dt][['FANTASIA', 'DESCRICAO']].drop_duplicates().to_dict('records')
g:\Meu Drive\offtrade\exportacao_meta.py:53: UserWarning: DataFrame columns are not unique, some columns will be omitted.
  prods = grp[grp['DTULTCOMP'] == dt][['FANTASIA', 'DESCRICAO']].drop_duplicates().to_dict('records')
g:\Meu Drive\offtrade\exportacao_meta.py:53: UserWarning: DataFrame columns are not unique, some columns will be omitted.
  prods = grp[grp['DTULTCOMP'] == dt][['FANTASIA', 'DESCRICAO']].drop_duplicates().to_dict('records')
g:\Meu Drive\offtrade\exportacao_meta.py:53: UserWarning: DataFrame columns are not unique, some columns will be omitted.
  prods = grp[grp['DTULTCOMP'] == dt][['FANTASIA', 'DESCRICAO']].drop_duplicates().to_dict('records')
g:\Meu Drive\offtrade\exportacao_meta.py:53: UserWarning: DataFrame columns are not unique, some columns will be omitted.
  prods = grp[grp['DTULTCOMP'] == dt][['FANTASIA', 'DESCRICAO']].drop_duplicates().to_dict('records')
g:\Meu Drive\offtrade\exportacao_meta.py:53: UserWarning: DataFrame columns are not unique, some columns will be omitted.
  prods = grp[grp['DTULTCOMP'] == dt][['FANTASIA', 'DESCRICAO']].drop_duplicates().to_dict('records')
g:\Meu Drive\offtrade\exportacao_meta.py:53: UserWarning: DataFrame columns are not unique, some columns will be omitted.
  prods = grp[grp['DTULTCOMP'] == dt][['FANTASIA', 'DESCRICAO']].drop_duplicates().to_dict('records')
g:\Meu Drive\offtrade\exportacao_meta.py:53: UserWarning: DataFrame columns are not unique, some columns will be omitted.
  prods = grp[grp['DTULTCOMP'] == dt][['FANTASIA', 'DESCRICAO']].drop_duplicates().to_dict('records')
g:\Meu Drive\offtrade\exportacao_meta.py:53: UserWarning: DataFrame columns are not unique, some columns will be omitted.
  prods = grp[grp['DTULTCOMP'] == dt][['FANTASIA', 'DESCRICAO']].drop_duplicates().to_dict('records')
g:\Meu Drive\offtrade\exportacao_meta.py:53: UserWarning: DataFrame columns are not unique, some columns will be omitted.
  prods = grp[grp['DTULTCOMP'] == dt][['FANTASIA', 'DESCRICAO']].drop_duplicates().to_dict('records')
g:\Meu Drive\offtrade\exportacao_meta.py:53: UserWarning: DataFrame columns are not unique, some columns will be omitted.
  prods = grp[grp['DTULTCOMP'] == dt][['FANTASIA', 'DESCRICAO']].drop_duplicates().to_dict('records')
g:\Meu Drive\offtrade\exportacao_meta.py:53: UserWarning: DataFrame columns are not unique, some columns will be omitted.
  prods = grp[grp['DTULTCOMP'] == dt][['FANTASIA', 'DESCRICAO']].drop_duplicates().to_dict('records')
g:\Meu Drive\offtrade\exportacao_meta.py:53: UserWarning: DataFrame columns are not unique, some columns will be omitted.
  prods = grp[grp['DTULTCOMP'] == dt][['FANTASIA', 'DESCRICAO']].drop_duplicates().to_dict('records')
g:\Meu Drive\offtrade\exportacao_meta.py:53: UserWarning: DataFrame columns are not unique, some columns will be omitted.
  prods = grp[grp['DTULTCOMP'] == dt][['FANTASIA', 'DESCRICAO']].drop_duplicates().to_dict('records')
g:\Meu Drive\offtrade\exportacao_meta.py:53: UserWarning: DataFrame columns are not unique, some columns will be omitted.
  prods = grp[grp['DTULTCOMP'] == dt][['FANTASIA', 'DESCRICAO']].drop_duplicates().to_dict('records')
g:\Meu Drive\offtrade\exportacao_meta.py:53: UserWarning: DataFrame columns are not unique, some columns will be omitted.
  prods = grp[grp['DTULTCOMP'] == dt][['FANTASIA', 'DESCRICAO']].drop_duplicates().to_dict('records')
g:\Meu Drive\offtrade\exportacao_meta.py:53: UserWarning: DataFrame columns are not unique, some columns will be omitted.
  prods = grp[grp['DTULTCOMP'] == dt][['FANTASIA', 'DESCRICAO']].drop_duplicates().to_dict('records')
g:\Meu Drive\offtrade\exportacao_meta.py:53: UserWarning: DataFrame columns are not unique, some columns will be omitted.
  prods = grp[grp['DTULTCOMP'] == dt][['FANTASIA', 'DESCRICAO']].drop_duplicates().to_dict('records')
g:\Meu Drive\offtrade\exportacao_meta.py:53: UserWarning: DataFrame columns are not unique, some columns will be omitted.
  prods = grp[grp['DTULTCOMP'] == dt][['FANTASIA', 'DESCRICAO']].drop_duplicates().to_dict('records')
g:\Meu Drive\offtrade\exportacao_meta.py:53: UserWarning: DataFrame columns are not unique, some columns will be omitted.
  prods = grp[grp['DTULTCOMP'] == dt][['FANTASIA', 'DESCRICAO']].drop_duplicates().to_dict('records')
g:\Meu Drive\offtrade\exportacao_meta.py:53: UserWarning: DataFrame columns are not unique, some columns will be omitted.
  prods = grp[grp['DTULTCOMP'] == dt][['FANTASIA', 'DESCRICAO']].drop_duplicates().to_dict('records')
g:\Meu Drive\offtrade\exportacao_meta.py:53: UserWarning: DataFrame columns are not unique, some columns will be omitted.
  prods = grp[grp['DTULTCOMP'] == dt][['FANTASIA', 'DESCRICAO']].drop_duplicates().to_dict('records')
g:\Meu Drive\offtrade\exportacao_meta.py:53: UserWarning: DataFrame columns are not unique, some columns will be omitted.
  prods = grp[grp['DTULTCOMP'] == dt][['FANTASIA', 'DESCRICAO']].drop_duplicates().to_dict('records')
g:\Meu Drive\offtrade\exportacao_meta.py:53: UserWarning: DataFrame columns are not unique, some columns will be omitted.
  prods = grp[grp['DTULTCOMP'] == dt][['FANTASIA', 'DESCRICAO']].drop_duplicates().to_dict('records')
g:\Meu Drive\offtrade\exportacao_meta.py:53: UserWarning: DataFrame columns are not unique, some columns will be omitted.
  prods = grp[grp['DTULTCOMP'] == dt][['FANTASIA', 'DESCRICAO']].drop_duplicates().to_dict('records')
g:\Meu Drive\offtrade\exportacao_meta.py:53: UserWarning: DataFrame columns are not unique, some columns will be omitted.
  prods = grp[grp['DTULTCOMP'] == dt][['FANTASIA', 'DESCRICAO']].drop_duplicates().to_dict('records')
g:\Meu Drive\offtrade\exportacao_meta.py:53: UserWarning: DataFrame columns are not unique, some columns will be omitted.
  prods = grp[grp['DTULTCOMP'] == dt][['FANTASIA', 'DESCRICAO']].drop_duplicates().to_dict('records')
g:\Meu Drive\offtrade\exportacao_meta.py:53: UserWarning: DataFrame columns are not unique, some columns will be omitted.
  prods = grp[grp['DTULTCOMP'] == dt][['FANTASIA', 'DESCRICAO']].drop_duplicates().to_dict('records')
g:\Meu Drive\offtrade\exportacao_meta.py:53: UserWarning: DataFrame columns are not unique, some columns will be omitted.
  prods = grp[grp['DTULTCOMP'] == dt][['FANTASIA', 'DESCRICAO']].drop_duplicates().to_dict('records')
g:\Meu Drive\offtrade\exportacao_meta.py:53: UserWarning: DataFrame columns are not unique, some columns will be omitted.
  prods = grp[grp['DTULTCOMP'] == dt][['FANTASIA', 'DESCRICAO']].drop_duplicates().to_dict('records')
g:\Meu Drive\offtrade\exportacao_meta.py:53: UserWarning: DataFrame columns are not unique, some columns will be omitted.
  prods = grp[grp['DTULTCOMP'] == dt][['FANTASIA', 'DESCRICAO']].drop_duplicates().to_dict('records')
g:\Meu Drive\offtrade\exportacao_meta.py:53: UserWarning: DataFrame columns are not unique, some columns will be omitted.
  prods = grp[grp['DTULTCOMP'] == dt][['FANTASIA', 'DESCRICAO']].drop_duplicates().to_dict('records')
g:\Meu Drive\offtrade\exportacao_meta.py:53: UserWarning: DataFrame columns are not unique, some columns will be omitted.
  prods = grp[grp['DTULTCOMP'] == dt][['FANTASIA', 'DESCRICAO']].drop_duplicates().to_dict('records')
g:\Meu Drive\offtrade\exportacao_meta.py:53: UserWarning: DataFrame columns are not unique, some columns will be omitted.
  prods = grp[grp['DTULTCOMP'] == dt][['FANTASIA', 'DESCRICAO']].drop_duplicates().to_dict('records')
g:\Meu Drive\offtrade\exportacao_meta.py:53: UserWarning: DataFrame columns are not unique, some columns will be omitted.
  prods = grp[grp['DTULTCOMP'] == dt][['FANTASIA', 'DESCRICAO']].drop_duplicates().to_dict('records')
g:\Meu Drive\offtrade\exportacao_meta.py:53: UserWarning: DataFrame columns are not unique, some columns will be omitted.
  prods = grp[grp['DTULTCOMP'] == dt][['FANTASIA', 'DESCRICAO']].drop_duplicates().to_dict('records')
g:\Meu Drive\offtrade\exportacao_meta.py:53: UserWarning: DataFrame columns are not unique, some columns will be omitted.
  prods = grp[grp['DTULTCOMP'] == dt][['FANTASIA', 'DESCRICAO']].drop_duplicates().to_dict('records')
g:\Meu Drive\offtrade\exportacao_meta.py:53: UserWarning: DataFrame columns are not unique, some columns will be omitted.
  prods = grp[grp['DTULTCOMP'] == dt][['FANTASIA', 'DESCRICAO']].drop_duplicates().to_dict('records')
g:\Meu Drive\offtrade\exportacao_meta.py:53: UserWarning: DataFrame columns are not unique, some columns will be omitted.
  prods = grp[grp['DTULTCOMP'] == dt][['FANTASIA', 'DESCRICAO']].drop_duplicates().to_dict('records')
g:\Meu Drive\offtrade\exportacao_meta.py:53: UserWarning: DataFrame columns are not unique, some columns will be omitted.
  prods = grp[grp['DTULTCOMP'] == dt][['FANTASIA', 'DESCRICAO']].drop_duplicates().to_dict('records')
g:\Meu Drive\offtrade\exportacao_meta.py:53: UserWarning: DataFrame columns are not unique, some columns will be omitted.
  prods = grp[grp['DTULTCOMP'] == dt][['FANTASIA', 'DESCRICAO']].drop_duplicates().to_dict('records')
g:\Meu Drive\offtrade\exportacao_meta.py:53: UserWarning: DataFrame columns are not unique, some columns will be omitted.
  prods = grp[grp['DTULTCOMP'] == dt][['FANTASIA', 'DESCRICAO']].drop_duplicates().to_dict('records')
g:\Meu Drive\offtrade\exportacao_meta.py:53: UserWarning: DataFrame columns are not unique, some columns will be omitted.
  prods = grp[grp['DTULTCOMP'] == dt][['FANTASIA', 'DESCRICAO']].drop_duplicates().to_dict('records')
g:\Meu Drive\offtrade\exportacao_meta.py:53: UserWarning: DataFrame columns are not unique, some columns will be omitted.
  prods = grp[grp['DTULTCOMP'] == dt][['FANTASIA', 'DESCRICAO']].drop_duplicates().to_dict('records')
g:\Meu Drive\offtrade\exportacao_meta.py:53: UserWarning: DataFrame columns are not unique, some columns will be omitted.
  prods = grp[grp['DTULTCOMP'] == dt][['FANTASIA', 'DESCRICAO']].drop_duplicates().to_dict('records')
g:\Meu Drive\offtrade\exportacao_meta.py:53: UserWarning: DataFrame columns are not unique, some columns will be omitted.
  prods = grp[grp['DTULTCOMP'] == dt][['FANTASIA', 'DESCRICAO']].drop_duplicates().to_dict('records')
g:\Meu Drive\offtrade\exportacao_meta.py:53: UserWarning: DataFrame columns are not unique, some columns will be omitted.
  prods = grp[grp['DTULTCOMP'] == dt][['FANTASIA', 'DESCRICAO']].drop_duplicates().to_dict('records')
g:\Meu Drive\offtrade\exportacao_meta.py:53: UserWarning: DataFrame columns are not unique, some columns will be omitted.
  prods = grp[grp['DTULTCOMP'] == dt][['FANTASIA', 'DESCRICAO']].drop_duplicates().to_dict('records')
g:\Meu Drive\offtrade\exportacao_meta.py:53: UserWarning: DataFrame columns are not unique, some columns will be omitted.
  prods = grp[grp['DTULTCOMP'] == dt][['FANTASIA', 'DESCRICAO']].drop_duplicates().to_dict('records')
g:\Meu Drive\offtrade\exportacao_meta.py:53: UserWarning: DataFrame columns are not unique, some columns will be omitted.
  prods = grp[grp['DTULTCOMP'] == dt][['FANTASIA', 'DESCRICAO']].drop_duplicates().to_dict('records')
g:\Meu Drive\offtrade\exportacao_meta.py:53: UserWarning: DataFrame columns are not unique, some columns will be omitted.
  prods = grp[grp['DTULTCOMP'] == dt][['FANTASIA', 'DESCRICAO']].drop_duplicates().to_dict('records')
g:\Meu Drive\offtrade\exportacao_meta.py:53: UserWarning: DataFrame columns are not unique, some columns will be omitted.
  prods = grp[grp['DTULTCOMP'] == dt][['FANTASIA', 'DESCRICAO']].drop_duplicates().to_dict('records')
g:\Meu Drive\offtrade\exportacao_meta.py:53: UserWarning: DataFrame columns are not unique, some columns will be omitted.
  prods = grp[grp['DTULTCOMP'] == dt][['FANTASIA', 'DESCRICAO']].drop_duplicates().to_dict('records')
g:\Meu Drive\offtrade\exportacao_meta.py:53: UserWarning: DataFrame columns are not unique, some columns will be omitted.
  prods = grp[grp['DTULTCOMP'] == dt][['FANTASIA', 'DESCRICAO']].drop_duplicates().to_dict('records')
g:\Meu Drive\offtrade\exportacao_meta.py:53: UserWarning: DataFrame columns are not unique, some columns will be omitted.
  prods = grp[grp['DTULTCOMP'] == dt][['FANTASIA', 'DESCRICAO']].drop_duplicates().to_dict('records')
g:\Meu Drive\offtrade\exportacao_meta.py:53: UserWarning: DataFrame columns are not unique, some columns will be omitted.
  prods = grp[grp['DTULTCOMP'] == dt][['FANTASIA', 'DESCRICAO']].drop_duplicates().to_dict('records')
g:\Meu Drive\offtrade\exportacao_meta.py:53: UserWarning: DataFrame columns are not unique, some columns will be omitted.
  prods = grp[grp['DTULTCOMP'] == dt][['FANTASIA', 'DESCRICAO']].drop_duplicates().to_dict('records')
g:\Meu Drive\offtrade\exportacao_meta.py:53: UserWarning: DataFrame columns are not unique, some columns will be omitted.
  prods = grp[grp['DTULTCOMP'] == dt][['FANTASIA', 'DESCRICAO']].drop_duplicates().to_dict('records')
g:\Meu Drive\offtrade\exportacao_meta.py:53: UserWarning: DataFrame columns are not unique, some columns will be omitted.
  prods = grp[grp['DTULTCOMP'] == dt][['FANTASIA', 'DESCRICAO']].drop_duplicates().to_dict('records')
g:\Meu Drive\offtrade\exportacao_meta.py:53: UserWarning: DataFrame columns are not unique, some columns will be omitted.
  prods = grp[grp['DTULTCOMP'] == dt][['FANTASIA', 'DESCRICAO']].drop_duplicates().to_dict('records')
g:\Meu Drive\offtrade\exportacao_meta.py:53: UserWarning: DataFrame columns are not unique, some columns will be omitted.
  prods = grp[grp['DTULTCOMP'] == dt][['FANTASIA', 'DESCRICAO']].drop_duplicates().to_dict('records')
g:\Meu Drive\offtrade\exportacao_meta.py:53: UserWarning: DataFrame columns are not unique, some columns will be omitted.
  prods = grp[grp['DTULTCOMP'] == dt][['FANTASIA', 'DESCRICAO']].drop_duplicates().to_dict('records')
g:\Meu Drive\offtrade\exportacao_meta.py:53: UserWarning: DataFrame columns are not unique, some columns will be omitted.
  prods = grp[grp['DTULTCOMP'] == dt][['FANTASIA', 'DESCRICAO']].drop_duplicates().to_dict('records')
g:\Meu Drive\offtrade\exportacao_meta.py:53: UserWarning: DataFrame columns are not unique, some columns will be omitted.
  prods = grp[grp['DTULTCOMP'] == dt][['FANTASIA', 'DESCRICAO']].drop_duplicates().to_dict('records')
g:\Meu Drive\offtrade\exportacao_meta.py:53: UserWarning: DataFrame columns are not unique, some columns will be omitted.
  prods = grp[grp['DTULTCOMP'] == dt][['FANTASIA', 'DESCRICAO']].drop_duplicates().to_dict('records')
g:\Meu Drive\offtrade\exportacao_meta.py:53: UserWarning: DataFrame columns are not unique, some columns will be omitted.
  prods = grp[grp['DTULTCOMP'] == dt][['FANTASIA', 'DESCRICAO']].drop_duplicates().to_dict('records')
g:\Meu Drive\offtrade\exportacao_meta.py:53: UserWarning: DataFrame columns are not unique, some columns will be omitted.
  prods = grp[grp['DTULTCOMP'] == dt][['FANTASIA', 'DESCRICAO']].drop_duplicates().to_dict('records')
g:\Meu Drive\offtrade\exportacao_meta.py:53: UserWarning: DataFrame columns are not unique, some columns will be omitted.
  prods = grp[grp['DTULTCOMP'] == dt][['FANTASIA', 'DESCRICAO']].drop_duplicates().to_dict('records')
g:\Meu Drive\offtrade\exportacao_meta.py:53: UserWarning: DataFrame columns are not unique, some columns will be omitted.
  prods = grp[grp['DTULTCOMP'] == dt][['FANTASIA', 'DESCRICAO']].drop_duplicates().to_dict('records')
g:\Meu Drive\offtrade\exportacao_meta.py:53: UserWarning: DataFrame columns are not unique, some columns will be omitted.
  prods = grp[grp['DTULTCOMP'] == dt][['FANTASIA', 'DESCRICAO']].drop_duplicates().to_dict('records')
g:\Meu Drive\offtrade\exportacao_meta.py:53: UserWarning: DataFrame columns are not unique, some columns will be omitted.
  prods = grp[grp['DTULTCOMP'] == dt][['FANTASIA', 'DESCRICAO']].drop_duplicates().to_dict('records')
g:\Meu Drive\offtrade\exportacao_meta.py:53: UserWarning: DataFrame columns are not unique, some columns will be omitted.
  prods = grp[grp['DTULTCOMP'] == dt][['FANTASIA', 'DESCRICAO']].drop_duplicates().to_dict('records')
g:\Meu Drive\offtrade\exportacao_meta.py:53: UserWarning: DataFrame columns are not unique, some columns will be omitted.
  prods = grp[grp['DTULTCOMP'] == dt][['FANTASIA', 'DESCRICAO']].drop_duplicates().to_dict('records')
g:\Meu Drive\offtrade\exportacao_meta.py:53: UserWarning: DataFrame columns are not unique, some columns will be omitted.
  prods = grp[grp['DTULTCOMP'] == dt][['FANTASIA', 'DESCRICAO']].drop_duplicates().to_dict('records')
g:\Meu Drive\offtrade\exportacao_meta.py:53: UserWarning: DataFrame columns are not unique, some columns will be omitted.
  prods = grp[grp['DTULTCOMP'] == dt][['FANTASIA', 'DESCRICAO']].drop_duplicates().to_dict('records')
g:\Meu Drive\offtrade\exportacao_meta.py:53: UserWarning: DataFrame columns are not unique, some columns will be omitted.
  prods = grp[grp['DTULTCOMP'] == dt][['FANTASIA', 'DESCRICAO']].drop_duplicates().to_dict('records')
g:\Meu Drive\offtrade\exportacao_meta.py:53: UserWarning: DataFrame columns are not unique, some columns will be omitted.
  prods = grp[grp['DTULTCOMP'] == dt][['FANTASIA', 'DESCRICAO']].drop_duplicates().to_dict('records')
g:\Meu Drive\offtrade\exportacao_meta.py:53: UserWarning: DataFrame columns are not unique, some columns will be omitted.
  prods = grp[grp['DTULTCOMP'] == dt][['FANTASIA', 'DESCRICAO']].drop_duplicates().to_dict('records')
g:\Meu Drive\offtrade\exportacao_meta.py:53: UserWarning: DataFrame columns are not unique, some columns will be omitted.
  prods = grp[grp['DTULTCOMP'] == dt][['FANTASIA', 'DESCRICAO']].drop_duplicates().to_dict('records')
g:\Meu Drive\offtrade\exportacao_meta.py:53: UserWarning: DataFrame columns are not unique, some columns will be omitted.
  prods = grp[grp['DTULTCOMP'] == dt][['FANTASIA', 'DESCRICAO']].drop_duplicates().to_dict('records')
g:\Meu Drive\offtrade\exportacao_meta.py:53: UserWarning: DataFrame columns are not unique, some columns will be omitted.
  prods = grp[grp['DTULTCOMP'] == dt][['FANTASIA', 'DESCRICAO']].drop_duplicates().to_dict('records')
g:\Meu Drive\offtrade\exportacao_meta.py:53: UserWarning: DataFrame columns are not unique, some columns will be omitted.
  prods = grp[grp['DTULTCOMP'] == dt][['FANTASIA', 'DESCRICAO']].drop_duplicates().to_dict('records')
g:\Meu Drive\offtrade\exportacao_meta.py:53: UserWarning: DataFrame columns are not unique, some columns will be omitted.
  prods = grp[grp['DTULTCOMP'] == dt][['FANTASIA', 'DESCRICAO']].drop_duplicates().to_dict('records')
g:\Meu Drive\offtrade\exportacao_meta.py:53: UserWarning: DataFrame columns are not unique, some columns will be omitted.
  prods = grp[grp['DTULTCOMP'] == dt][['FANTASIA', 'DESCRICAO']].drop_duplicates().to_dict('records')
g:\Meu Drive\offtrade\exportacao_meta.py:53: UserWarning: DataFrame columns are not unique, some columns will be omitted.
  prods = grp[grp['DTULTCOMP'] == dt][['FANTASIA', 'DESCRICAO']].drop_duplicates().to_dict('records')
g:\Meu Drive\offtrade\exportacao_meta.py:53: UserWarning: DataFrame columns are not unique, some columns will be omitted.
  prods = grp[grp['DTULTCOMP'] == dt][['FANTASIA', 'DESCRICAO']].drop_duplicates().to_dict('records')
g:\Meu Drive\offtrade\exportacao_meta.py:53: UserWarning: DataFrame columns are not unique, some columns will be omitted.
  prods = grp[grp['DTULTCOMP'] == dt][['FANTASIA', 'DESCRICAO']].drop_duplicates().to_dict('records')
g:\Meu Drive\offtrade\exportacao_meta.py:53: UserWarning: DataFrame columns are not unique, some columns will be omitted.
  prods = grp[grp['DTULTCOMP'] == dt][['FANTASIA', 'DESCRICAO']].drop_duplicates().to_dict('records')
g:\Meu Drive\offtrade\exportacao_meta.py:53: UserWarning: DataFrame columns are not unique, some columns will be omitted.
  prods = grp[grp['DTULTCOMP'] == dt][['FANTASIA', 'DESCRICAO']].drop_duplicates().to_dict('records')
g:\Meu Drive\offtrade\exportacao_meta.py:53: UserWarning: DataFrame columns are not unique, some columns will be omitted.
  prods = grp[grp['DTULTCOMP'] == dt][['FANTASIA', 'DESCRICAO']].drop_duplicates().to_dict('records')
g:\Meu Drive\offtrade\exportacao_meta.py:53: UserWarning: DataFrame columns are not unique, some columns will be omitted.
  prods = grp[grp['DTULTCOMP'] == dt][['FANTASIA', 'DESCRICAO']].drop_duplicates().to_dict('records')
g:\Meu Drive\offtrade\exportacao_meta.py:53: UserWarning: DataFrame columns are not unique, some columns will be omitted.
  prods = grp[grp['DTULTCOMP'] == dt][['FANTASIA', 'DESCRICAO']].drop_duplicates().to_dict('records')
g:\Meu Drive\offtrade\exportacao_meta.py:53: UserWarning: DataFrame columns are not unique, some columns will be omitted.
  prods = grp[grp['DTULTCOMP'] == dt][['FANTASIA', 'DESCRICAO']].drop_duplicates().to_dict('records')
g:\Meu Drive\offtrade\exportacao_meta.py:53: UserWarning: DataFrame columns are not unique, some columns will be omitted.
  prods = grp[grp['DTULTCOMP'] == dt][['FANTASIA', 'DESCRICAO']].drop_duplicates().to_dict('records')
g:\Meu Drive\offtrade\exportacao_meta.py:53: UserWarning: DataFrame columns are not unique, some columns will be omitted.
  prods = grp[grp['DTULTCOMP'] == dt][['FANTASIA', 'DESCRICAO']].drop_duplicates().to_dict('records')
g:\Meu Drive\offtrade\exportacao_meta.py:53: UserWarning: DataFrame columns are not unique, some columns will be omitted.
  prods = grp[grp['DTULTCOMP'] == dt][['FANTASIA', 'DESCRICAO']].drop_duplicates().to_dict('records')
g:\Meu Drive\offtrade\exportacao_meta.py:53: UserWarning: DataFrame columns are not unique, some columns will be omitted.
  prods = grp[grp['DTULTCOMP'] == dt][['FANTASIA', 'DESCRICAO']].drop_duplicates().to_dict('records')
g:\Meu Drive\offtrade\exportacao_meta.py:53: UserWarning: DataFrame columns are not unique, some columns will be omitted.
  prods = grp[grp['DTULTCOMP'] == dt][['FANTASIA', 'DESCRICAO']].drop_duplicates().to_dict('records')
g:\Meu Drive\offtrade\exportacao_meta.py:53: UserWarning: DataFrame columns are not unique, some columns will be omitted.
  prods = grp[grp['DTULTCOMP'] == dt][['FANTASIA', 'DESCRICAO']].drop_duplicates().to_dict('records')
g:\Meu Drive\offtrade\exportacao_meta.py:53: UserWarning: DataFrame columns are not unique, some columns will be omitted.
  prods = grp[grp['DTULTCOMP'] == dt][['FANTASIA', 'DESCRICAO']].drop_duplicates().to_dict('records')
g:\Meu Drive\offtrade\exportacao_meta.py:53: UserWarning: DataFrame columns are not unique, some columns will be omitted.
  prods = grp[grp['DTULTCOMP'] == dt][['FANTASIA', 'DESCRICAO']].drop_duplicates().to_dict('records')
g:\Meu Drive\offtrade\exportacao_meta.py:53: UserWarning: DataFrame columns are not unique, some columns will be omitted.
  prods = grp[grp['DTULTCOMP'] == dt][['FANTASIA', 'DESCRICAO']].drop_duplicates().to_dict('records')
g:\Meu Drive\offtrade\exportacao_meta.py:53: UserWarning: DataFrame columns are not unique, some columns will be omitted.
  prods = grp[grp['DTULTCOMP'] == dt][['FANTASIA', 'DESCRICAO']].drop_duplicates().to_dict('records')
g:\Meu Drive\offtrade\exportacao_meta.py:53: UserWarning: DataFrame columns are not unique, some columns will be omitted.
  prods = grp[grp['DTULTCOMP'] == dt][['FANTASIA', 'DESCRICAO']].drop_duplicates().to_dict('records')
g:\Meu Drive\offtrade\exportacao_meta.py:53: UserWarning: DataFrame columns are not unique, some columns will be omitted.
  prods = grp[grp['DTULTCOMP'] == dt][['FANTASIA', 'DESCRICAO']].drop_duplicates().to_dict('records')
g:\Meu Drive\offtrade\exportacao_meta.py:53: UserWarning: DataFrame columns are not unique, some columns will be omitted.
  prods = grp[grp['DTULTCOMP'] == dt][['FANTASIA', 'DESCRICAO']].drop_duplicates().to_dict('records')
g:\Meu Drive\offtrade\exportacao_meta.py:53: UserWarning: DataFrame columns are not unique, some columns will be omitted.
  prods = grp[grp['DTULTCOMP'] == dt][['FANTASIA', 'DESCRICAO']].drop_duplicates().to_dict('records')
g:\Meu Drive\offtrade\exportacao_meta.py:53: UserWarning: DataFrame columns are not unique, some columns will be omitted.
  prods = grp[grp['DTULTCOMP'] == dt][['FANTASIA', 'DESCRICAO']].drop_duplicates().to_dict('records')
g:\Meu Drive\offtrade\exportacao_meta.py:53: UserWarning: DataFrame columns are not unique, some columns will be omitted.
  prods = grp[grp['DTULTCOMP'] == dt][['FANTASIA', 'DESCRICAO']].drop_duplicates().to_dict('records')
g:\Meu Drive\offtrade\exportacao_meta.py:53: UserWarning: DataFrame columns are not unique, some columns will be omitted.
  prods = grp[grp['DTULTCOMP'] == dt][['FANTASIA', 'DESCRICAO']].drop_duplicates().to_dict('records')
g:\Meu Drive\offtrade\exportacao_meta.py:53: UserWarning: DataFrame columns are not unique, some columns will be omitted.
  prods = grp[grp['DTULTCOMP'] == dt][['FANTASIA', 'DESCRICAO']].drop_duplicates().to_dict('records')
g:\Meu Drive\offtrade\exportacao_meta.py:53: UserWarning: DataFrame columns are not unique, some columns will be omitted.
  prods = grp[grp['DTULTCOMP'] == dt][['FANTASIA', 'DESCRICAO']].drop_duplicates().to_dict('records')
g:\Meu Drive\offtrade\exportacao_meta.py:53: UserWarning: DataFrame columns are not unique, some columns will be omitted.
  prods = grp[grp['DTULTCOMP'] == dt][['FANTASIA', 'DESCRICAO']].drop_duplicates().to_dict('records')
g:\Meu Drive\offtrade\exportacao_meta.py:53: UserWarning: DataFrame columns are not unique, some columns will be omitted.
  prods = grp[grp['DTULTCOMP'] == dt][['FANTASIA', 'DESCRICAO']].drop_duplicates().to_dict('records')
g:\Meu Drive\offtrade\exportacao_meta.py:53: UserWarning: DataFrame columns are not unique, some columns will be omitted.
  prods = grp[grp['DTULTCOMP'] == dt][['FANTASIA', 'DESCRICAO']].drop_duplicates().to_dict('records')
g:\Meu Drive\offtrade\exportacao_meta.py:53: UserWarning: DataFrame columns are not unique, some columns will be omitted.
  prods = grp[grp['DTULTCOMP'] == dt][['FANTASIA', 'DESCRICAO']].drop_duplicates().to_dict('records')
g:\Meu Drive\offtrade\exportacao_meta.py:53: UserWarning: DataFrame columns are not unique, some columns will be omitted.
  prods = grp[grp['DTULTCOMP'] == dt][['FANTASIA', 'DESCRICAO']].drop_duplicates().to_dict('records')
g:\Meu Drive\offtrade\exportacao_meta.py:53: UserWarning: DataFrame columns are not unique, some columns will be omitted.
  prods = grp[grp['DTULTCOMP'] == dt][['FANTASIA', 'DESCRICAO']].drop_duplicates().to_dict('records')
g:\Meu Drive\offtrade\exportacao_meta.py:53: UserWarning: DataFrame columns are not unique, some columns will be omitted.
  prods = grp[grp['DTULTCOMP'] == dt][['FANTASIA', 'DESCRICAO']].drop_duplicates().to_dict('records')
g:\Meu Drive\offtrade\exportacao_meta.py:53: UserWarning: DataFrame columns are not unique, some columns will be omitted.
  prods = grp[grp['DTULTCOMP'] == dt][['FANTASIA', 'DESCRICAO']].drop_duplicates().to_dict('records')
g:\Meu Drive\offtrade\exportacao_meta.py:53: UserWarning: DataFrame columns are not unique, some columns will be omitted.
  prods = grp[grp['DTULTCOMP'] == dt][['FANTASIA', 'DESCRICAO']].drop_duplicates().to_dict('records')
g:\Meu Drive\offtrade\exportacao_meta.py:53: UserWarning: DataFrame columns are not unique, some columns will be omitted.
  prods = grp[grp['DTULTCOMP'] == dt][['FANTASIA', 'DESCRICAO']].drop_duplicates().to_dict('records')
g:\Meu Drive\offtrade\exportacao_meta.py:53: UserWarning: DataFrame columns are not unique, some columns will be omitted.
  prods = grp[grp['DTULTCOMP'] == dt][['FANTASIA', 'DESCRICAO']].drop_duplicates().to_dict('records')
g:\Meu Drive\offtrade\exportacao_meta.py:53: UserWarning: DataFrame columns are not unique, some columns will be omitted.
  prods = grp[grp['DTULTCOMP'] == dt][['FANTASIA', 'DESCRICAO']].drop_duplicates().to_dict('records')
g:\Meu Drive\offtrade\exportacao_meta.py:53: UserWarning: DataFrame columns are not unique, some columns will be omitted.
  prods = grp[grp['DTULTCOMP'] == dt][['FANTASIA', 'DESCRICAO']].drop_duplicates().to_dict('records')
g:\Meu Drive\offtrade\exportacao_meta.py:53: UserWarning: DataFrame columns are not unique, some columns will be omitted.
  prods = grp[grp['DTULTCOMP'] == dt][['FANTASIA', 'DESCRICAO']].drop_duplicates().to_dict('records')
g:\Meu Drive\offtrade\exportacao_meta.py:53: UserWarning: DataFrame columns are not unique, some columns will be omitted.
  prods = grp[grp['DTULTCOMP'] == dt][['FANTASIA', 'DESCRICAO']].drop_duplicates().to_dict('records')
g:\Meu Drive\offtrade\exportacao_meta.py:53: UserWarning: DataFrame columns are not unique, some columns will be omitted.
  prods = grp[grp['DTULTCOMP'] == dt][['FANTASIA', 'DESCRICAO']].drop_duplicates().to_dict('records')
g:\Meu Drive\offtrade\exportacao_meta.py:53: UserWarning: DataFrame columns are not unique, some columns will be omitted.
  prods = grp[grp['DTULTCOMP'] == dt][['FANTASIA', 'DESCRICAO']].drop_duplicates().to_dict('records')
g:\Meu Drive\offtrade\exportacao_meta.py:53: UserWarning: DataFrame columns are not unique, some columns will be omitted.
  prods = grp[grp['DTULTCOMP'] == dt][['FANTASIA', 'DESCRICAO']].drop_duplicates().to_dict('records')
g:\Meu Drive\offtrade\exportacao_meta.py:53: UserWarning: DataFrame columns are not unique, some columns will be omitted.
  prods = grp[grp['DTULTCOMP'] == dt][['FANTASIA', 'DESCRICAO']].drop_duplicates().to_dict('records')
g:\Meu Drive\offtrade\exportacao_meta.py:53: UserWarning: DataFrame columns are not unique, some columns will be omitted.
  prods = grp[grp['DTULTCOMP'] == dt][['FANTASIA', 'DESCRICAO']].drop_duplicates().to_dict('records')
g:\Meu Drive\offtrade\exportacao_meta.py:53: UserWarning: DataFrame columns are not unique, some columns will be omitted.
  prods = grp[grp['DTULTCOMP'] == dt][['FANTASIA', 'DESCRICAO']].drop_duplicates().to_dict('records')
g:\Meu Drive\offtrade\exportacao_meta.py:53: UserWarning: DataFrame columns are not unique, some columns will be omitted.
  prods = grp[grp['DTULTCOMP'] == dt][['FANTASIA', 'DESCRICAO']].drop_duplicates().to_dict('records')
g:\Meu Drive\offtrade\exportacao_meta.py:53: UserWarning: DataFrame columns are not unique, some columns will be omitted.
  prods = grp[grp['DTULTCOMP'] == dt][['FANTASIA', 'DESCRICAO']].drop_duplicates().to_dict('records')
g:\Meu Drive\offtrade\exportacao_meta.py:53: UserWarning: DataFrame columns are not unique, some columns will be omitted.
  prods = grp[grp['DTULTCOMP'] == dt][['FANTASIA', 'DESCRICAO']].drop_duplicates().to_dict('records')
g:\Meu Drive\offtrade\exportacao_meta.py:53: UserWarning: DataFrame columns are not unique, some columns will be omitted.
  prods = grp[grp['DTULTCOMP'] == dt][['FANTASIA', 'DESCRICAO']].drop_duplicates().to_dict('records')
g:\Meu Drive\offtrade\exportacao_meta.py:53: UserWarning: DataFrame columns are not unique, some columns will be omitted.
  prods = grp[grp['DTULTCOMP'] == dt][['FANTASIA', 'DESCRICAO']].drop_duplicates().to_dict('records')
g:\Meu Drive\offtrade\exportacao_meta.py:53: UserWarning: DataFrame columns are not unique, some columns will be omitted.
  prods = grp[grp['DTULTCOMP'] == dt][['FANTASIA', 'DESCRICAO']].drop_duplicates().to_dict('records')
g:\Meu Drive\offtrade\exportacao_meta.py:53: UserWarning: DataFrame columns are not unique, some columns will be omitted.
  prods = grp[grp['DTULTCOMP'] == dt][['FANTASIA', 'DESCRICAO']].drop_duplicates().to_dict('records')
g:\Meu Drive\offtrade\exportacao_meta.py:53: UserWarning: DataFrame columns are not unique, some columns will be omitted.
  prods = grp[grp['DTULTCOMP'] == dt][['FANTASIA', 'DESCRICAO']].drop_duplicates().to_dict('records')
g:\Meu Drive\offtrade\exportacao_meta.py:53: UserWarning: DataFrame columns are not unique, some columns will be omitted.
  prods = grp[grp['DTULTCOMP'] == dt][['FANTASIA', 'DESCRICAO']].drop_duplicates().to_dict('records')
g:\Meu Drive\offtrade\exportacao_meta.py:53: UserWarning: DataFrame columns are not unique, some columns will be omitted.
  prods = grp[grp['DTULTCOMP'] == dt][['FANTASIA', 'DESCRICAO']].drop_duplicates().to_dict('records')
g:\Meu Drive\offtrade\exportacao_meta.py:53: UserWarning: DataFrame columns are not unique, some columns will be omitted.
  prods = grp[grp['DTULTCOMP'] == dt][['FANTASIA', 'DESCRICAO']].drop_duplicates().to_dict('records')
g:\Meu Drive\offtrade\exportacao_meta.py:53: UserWarning: DataFrame columns are not unique, some columns will be omitted.
  prods = grp[grp['DTULTCOMP'] == dt][['FANTASIA', 'DESCRICAO']].drop_duplicates().to_dict('records')
g:\Meu Drive\offtrade\exportacao_meta.py:53: UserWarning: DataFrame columns are not unique, some columns will be omitted.
  prods = grp[grp['DTULTCOMP'] == dt][['FANTASIA', 'DESCRICAO']].drop_duplicates().to_dict('records')
g:\Meu Drive\offtrade\exportacao_meta.py:53: UserWarning: DataFrame columns are not unique, some columns will be omitted.
  prods = grp[grp['DTULTCOMP'] == dt][['FANTASIA', 'DESCRICAO']].drop_duplicates().to_dict('records')
g:\Meu Drive\offtrade\exportacao_meta.py:53: UserWarning: DataFrame columns are not unique, some columns will be omitted.
  prods = grp[grp['DTULTCOMP'] == dt][['FANTASIA', 'DESCRICAO']].drop_duplicates().to_dict('records')
g:\Meu Drive\offtrade\exportacao_meta.py:53: UserWarning: DataFrame columns are not unique, some columns will be omitted.
  prods = grp[grp['DTULTCOMP'] == dt][['FANTASIA', 'DESCRICAO']].drop_duplicates().to_dict('records')
g:\Meu Drive\offtrade\exportacao_meta.py:53: UserWarning: DataFrame columns are not unique, some columns will be omitted.
  prods = grp[grp['DTULTCOMP'] == dt][['FANTASIA', 'DESCRICAO']].drop_duplicates().to_dict('records')
g:\Meu Drive\offtrade\exportacao_meta.py:53: UserWarning: DataFrame columns are not unique, some columns will be omitted.
  prods = grp[grp['DTULTCOMP'] == dt][['FANTASIA', 'DESCRICAO']].drop_duplicates().to_dict('records')
g:\Meu Drive\offtrade\exportacao_meta.py:53: UserWarning: DataFrame columns are not unique, some columns will be omitted.
  prods = grp[grp['DTULTCOMP'] == dt][['FANTASIA', 'DESCRICAO']].drop_duplicates().to_dict('records')
g:\Meu Drive\offtrade\exportacao_meta.py:53: UserWarning: DataFrame columns are not unique, some columns will be omitted.
  prods = grp[grp['DTULTCOMP'] == dt][['FANTASIA', 'DESCRICAO']].drop_duplicates().to_dict('records')
g:\Meu Drive\offtrade\exportacao_meta.py:53: UserWarning: DataFrame columns are not unique, some columns will be omitted.
  prods = grp[grp['DTULTCOMP'] == dt][['FANTASIA', 'DESCRICAO']].drop_duplicates().to_dict('records')
g:\Meu Drive\offtrade\exportacao_meta.py:53: UserWarning: DataFrame columns are not unique, some columns will be omitted.
  prods = grp[grp['DTULTCOMP'] == dt][['FANTASIA', 'DESCRICAO']].drop_duplicates().to_dict('records')
g:\Meu Drive\offtrade\exportacao_meta.py:53: UserWarning: DataFrame columns are not unique, some columns will be omitted.
  prods = grp[grp['DTULTCOMP'] == dt][['FANTASIA', 'DESCRICAO']].drop_duplicates().to_dict('records')
g:\Meu Drive\offtrade\exportacao_meta.py:53: UserWarning: DataFrame columns are not unique, some columns will be omitted.
  prods = grp[grp['DTULTCOMP'] == dt][['FANTASIA', 'DESCRICAO']].drop_duplicates().to_dict('records')
g:\Meu Drive\offtrade\exportacao_meta.py:53: UserWarning: DataFrame columns are not unique, some columns will be omitted.
  prods = grp[grp['DTULTCOMP'] == dt][['FANTASIA', 'DESCRICAO']].drop_duplicates().to_dict('records')
g:\Meu Drive\offtrade\exportacao_meta.py:53: UserWarning: DataFrame columns are not unique, some columns will be omitted.
  prods = grp[grp['DTULTCOMP'] == dt][['FANTASIA', 'DESCRICAO']].drop_duplicates().to_dict('records')
g:\Meu Drive\offtrade\exportacao_meta.py:53: UserWarning: DataFrame columns are not unique, some columns will be omitted.
  prods = grp[grp['DTULTCOMP'] == dt][['FANTASIA', 'DESCRICAO']].drop_duplicates().to_dict('records')
g:\Meu Drive\offtrade\exportacao_meta.py:53: UserWarning: DataFrame columns are not unique, some columns will be omitted.
  prods = grp[grp['DTULTCOMP'] == dt][['FANTASIA', 'DESCRICAO']].drop_duplicates().to_dict('records')
g:\Meu Drive\offtrade\exportacao_meta.py:53: UserWarning: DataFrame columns are not unique, some columns will be omitted.
  prods = grp[grp['DTULTCOMP'] == dt][['FANTASIA', 'DESCRICAO']].drop_duplicates().to_dict('records')
g:\Meu Drive\offtrade\exportacao_meta.py:53: UserWarning: DataFrame columns are not unique, some columns will be omitted.
  prods = grp[grp['DTULTCOMP'] == dt][['FANTASIA', 'DESCRICAO']].drop_duplicates().to_dict('records')
g:\Meu Drive\offtrade\exportacao_meta.py:53: UserWarning: DataFrame columns are not unique, some columns will be omitted.
  prods = grp[grp['DTULTCOMP'] == dt][['FANTASIA', 'DESCRICAO']].drop_duplicates().to_dict('records')
g:\Meu Drive\offtrade\exportacao_meta.py:53: UserWarning: DataFrame columns are not unique, some columns will be omitted.
  prods = grp[grp['DTULTCOMP'] == dt][['FANTASIA', 'DESCRICAO']].drop_duplicates().to_dict('records')
g:\Meu Drive\offtrade\exportacao_meta.py:53: UserWarning: DataFrame columns are not unique, some columns will be omitted.
  prods = grp[grp['DTULTCOMP'] == dt][['FANTASIA', 'DESCRICAO']].drop_duplicates().to_dict('records')
g:\Meu Drive\offtrade\exportacao_meta.py:53: UserWarning: DataFrame columns are not unique, some columns will be omitted.
  prods = grp[grp['DTULTCOMP'] == dt][['FANTASIA', 'DESCRICAO']].drop_duplicates().to_dict('records')
g:\Meu Drive\offtrade\exportacao_meta.py:53: UserWarning: DataFrame columns are not unique, some columns will be omitted.
  prods = grp[grp['DTULTCOMP'] == dt][['FANTASIA', 'DESCRICAO']].drop_duplicates().to_dict('records')
g:\Meu Drive\offtrade\exportacao_meta.py:53: UserWarning: DataFrame columns are not unique, some columns will be omitted.
  prods = grp[grp['DTULTCOMP'] == dt][['FANTASIA', 'DESCRICAO']].drop_duplicates().to_dict('records')
g:\Meu Drive\offtrade\exportacao_meta.py:53: UserWarning: DataFrame columns are not unique, some columns will be omitted.
  prods = grp[grp['DTULTCOMP'] == dt][['FANTASIA', 'DESCRICAO']].drop_duplicates().to_dict('records')
g:\Meu Drive\offtrade\exportacao_meta.py:53: UserWarning: DataFrame columns are not unique, some columns will be omitted.
  prods = grp[grp['DTULTCOMP'] == dt][['FANTASIA', 'DESCRICAO']].drop_duplicates().to_dict('records')
g:\Meu Drive\offtrade\exportacao_meta.py:53: UserWarning: DataFrame columns are not unique, some columns will be omitted.
  prods = grp[grp['DTULTCOMP'] == dt][['FANTASIA', 'DESCRICAO']].drop_duplicates().to_dict('records')
g:\Meu Drive\offtrade\exportacao_meta.py:53: UserWarning: DataFrame columns are not unique, some columns will be omitted.
  prods = grp[grp['DTULTCOMP'] == dt][['FANTASIA', 'DESCRICAO']].drop_duplicates().to_dict('records')
g:\Meu Drive\offtrade\exportacao_meta.py:53: UserWarning: DataFrame columns are not unique, some columns will be omitted.
  prods = grp[grp['DTULTCOMP'] == dt][['FANTASIA', 'DESCRICAO']].drop_duplicates().to_dict('records')
g:\Meu Drive\offtrade\exportacao_meta.py:53: UserWarning: DataFrame columns are not unique, some columns will be omitted.
  prods = grp[grp['DTULTCOMP'] == dt][['FANTASIA', 'DESCRICAO']].drop_duplicates().to_dict('records')
g:\Meu Drive\offtrade\exportacao_meta.py:53: UserWarning: DataFrame columns are not unique, some columns will be omitted.
  prods = grp[grp['DTULTCOMP'] == dt][['FANTASIA', 'DESCRICAO']].drop_duplicates().to_dict('records')
g:\Meu Drive\offtrade\exportacao_meta.py:53: UserWarning: DataFrame columns are not unique, some columns will be omitted.
  prods = grp[grp['DTULTCOMP'] == dt][['FANTASIA', 'DESCRICAO']].drop_duplicates().to_dict('records')
g:\Meu Drive\offtrade\exportacao_meta.py:53: UserWarning: DataFrame columns are not unique, some columns will be omitted.
  prods = grp[grp['DTULTCOMP'] == dt][['FANTASIA', 'DESCRICAO']].drop_duplicates().to_dict('records')
g:\Meu Drive\offtrade\exportacao_meta.py:53: UserWarning: DataFrame columns are not unique, some columns will be omitted.
  prods = grp[grp['DTULTCOMP'] == dt][['FANTASIA', 'DESCRICAO']].drop_duplicates().to_dict('records')
g:\Meu Drive\offtrade\exportacao_meta.py:53: UserWarning: DataFrame columns are not unique, some columns will be omitted.
  prods = grp[grp['DTULTCOMP'] == dt][['FANTASIA', 'DESCRICAO']].drop_duplicates().to_dict('records')
g:\Meu Drive\offtrade\exportacao_meta.py:53: UserWarning: DataFrame columns are not unique, some columns will be omitted.
  prods = grp[grp['DTULTCOMP'] == dt][['FANTASIA', 'DESCRICAO']].drop_duplicates().to_dict('records')
g:\Meu Drive\offtrade\exportacao_meta.py:53: UserWarning: DataFrame columns are not unique, some columns will be omitted.
  prods = grp[grp['DTULTCOMP'] == dt][['FANTASIA', 'DESCRICAO']].drop_duplicates().to_dict('records')
g:\Meu Drive\offtrade\exportacao_meta.py:53: UserWarning: DataFrame columns are not unique, some columns will be omitted.
  prods = grp[grp['DTULTCOMP'] == dt][['FANTASIA', 'DESCRICAO']].drop_duplicates().to_dict('records')
g:\Meu Drive\offtrade\exportacao_meta.py:53: UserWarning: DataFrame columns are not unique, some columns will be omitted.
  prods = grp[grp['DTULTCOMP'] == dt][['FANTASIA', 'DESCRICAO']].drop_duplicates().to_dict('records')
g:\Meu Drive\offtrade\exportacao_meta.py:53: UserWarning: DataFrame columns are not unique, some columns will be omitted.
  prods = grp[grp['DTULTCOMP'] == dt][['FANTASIA', 'DESCRICAO']].drop_duplicates().to_dict('records')
g:\Meu Drive\offtrade\exportacao_meta.py:53: UserWarning: DataFrame columns are not unique, some columns will be omitted.
  prods = grp[grp['DTULTCOMP'] == dt][['FANTASIA', 'DESCRICAO']].drop_duplicates().to_dict('records')
g:\Meu Drive\offtrade\exportacao_meta.py:53: UserWarning: DataFrame columns are not unique, some columns will be omitted.
  prods = grp[grp['DTULTCOMP'] == dt][['FANTASIA', 'DESCRICAO']].drop_duplicates().to_dict('records')
g:\Meu Drive\offtrade\exportacao_meta.py:53: UserWarning: DataFrame columns are not unique, some columns will be omitted.
  prods = grp[grp['DTULTCOMP'] == dt][['FANTASIA', 'DESCRICAO']].drop_duplicates().to_dict('records')
g:\Meu Drive\offtrade\exportacao_meta.py:53: UserWarning: DataFrame columns are not unique, some columns will be omitted.
  prods = grp[grp['DTULTCOMP'] == dt][['FANTASIA', 'DESCRICAO']].drop_duplicates().to_dict('records')
g:\Meu Drive\offtrade\exportacao_meta.py:53: UserWarning: DataFrame columns are not unique, some columns will be omitted.
  prods = grp[grp['DTULTCOMP'] == dt][['FANTASIA', 'DESCRICAO']].drop_duplicates().to_dict('records')
g:\Meu Drive\offtrade\exportacao_meta.py:53: UserWarning: DataFrame columns are not unique, some columns will be omitted.
  prods = grp[grp['DTULTCOMP'] == dt][['FANTASIA', 'DESCRICAO']].drop_duplicates().to_dict('records')
Traceback (most recent call last):
  File "g:\Meu Drive\offtrade\main.py", line 21, in main
    import exportacao_meta
  File "g:\Meu Drive\offtrade\exportacao_meta.py", line 105, in <module>
    print(f"\u2705 metas_data.js gerado com {len(vendedores_out)} vendedores \u2192 {output_path}")
  File "C:\Users\LeonardoCampos\AppData\Local\Programs\Python\Python311\Lib\encodings\cp1252.py", line 19, in encode
    return codecs.charmap_encode(input,self.errors,encoding_table)[0]
           ^^^^^^^^^^^^^^^^^^^^^^^^^^^^^^^^^^^^^^^^^^^^^^^^^^^^^^^
UnicodeEncodeError: 'charmap' codec can't encode character '\u2705' in position 0: character maps to <undefined>

==================================================
  OFFTRADE - 25/03/2026 08:54
==================================================

--------------------------------------------------
  1/4 - Carregando metas e vendas (Oracle + Excel)
--------------------------------------------------

--------------------------------------------------
  2/4 - Exportando dashboard HTML (metas_data.js)
--------------------------------------------------
Clientes nao positivados em 03/2026: 2830
Arquivo salvo em: g:\Meu Drive\offtrade\nao_positivados_03-2026.xlsx

[ERRO] Falha na execução:
[25/03/2026  8:55:49,08] ERRO (codigo 1
---------------------------------------- 
[25/03/2026  8:59:05,53] Iniciando... 
g:\Meu Drive\offtrade\exportacao_meta.py:53: UserWarning: DataFrame columns are not unique, some columns will be omitted.
  prods = grp[grp['DTULTCOMP'] == dt][['FANTASIA', 'DESCRICAO']].drop_duplicates().to_dict('records')
g:\Meu Drive\offtrade\exportacao_meta.py:53: UserWarning: DataFrame columns are not unique, some columns will be omitted.
  prods = grp[grp['DTULTCOMP'] == dt][['FANTASIA', 'DESCRICAO']].drop_duplicates().to_dict('records')
g:\Meu Drive\offtrade\exportacao_meta.py:53: UserWarning: DataFrame columns are not unique, some columns will be omitted.
  prods = grp[grp['DTULTCOMP'] == dt][['FANTASIA', 'DESCRICAO']].drop_duplicates().to_dict('records')
g:\Meu Drive\offtrade\exportacao_meta.py:53: UserWarning: DataFrame columns are not unique, some columns will be omitted.
  prods = grp[grp['DTULTCOMP'] == dt][['FANTASIA', 'DESCRICAO']].drop_duplicates().to_dict('records')
g:\Meu Drive\offtrade\exportacao_meta.py:53: UserWarning: DataFrame columns are not unique, some columns will be omitted.
  prods = grp[grp['DTULTCOMP'] == dt][['FANTASIA', 'DESCRICAO']].drop_duplicates().to_dict('records')
g:\Meu Drive\offtrade\exportacao_meta.py:53: UserWarning: DataFrame columns are not unique, some columns will be omitted.
  prods = grp[grp['DTULTCOMP'] == dt][['FANTASIA', 'DESCRICAO']].drop_duplicates().to_dict('records')
g:\Meu Drive\offtrade\exportacao_meta.py:53: UserWarning: DataFrame columns are not unique, some columns will be omitted.
  prods = grp[grp['DTULTCOMP'] == dt][['FANTASIA', 'DESCRICAO']].drop_duplicates().to_dict('records')
g:\Meu Drive\offtrade\exportacao_meta.py:53: UserWarning: DataFrame columns are not unique, some columns will be omitted.
  prods = grp[grp['DTULTCOMP'] == dt][['FANTASIA', 'DESCRICAO']].drop_duplicates().to_dict('records')
g:\Meu Drive\offtrade\exportacao_meta.py:53: UserWarning: DataFrame columns are not unique, some columns will be omitted.
  prods = grp[grp['DTULTCOMP'] == dt][['FANTASIA', 'DESCRICAO']].drop_duplicates().to_dict('records')
g:\Meu Drive\offtrade\exportacao_meta.py:53: UserWarning: DataFrame columns are not unique, some columns will be omitted.
  prods = grp[grp['DTULTCOMP'] == dt][['FANTASIA', 'DESCRICAO']].drop_duplicates().to_dict('records')
g:\Meu Drive\offtrade\exportacao_meta.py:53: UserWarning: DataFrame columns are not unique, some columns will be omitted.
  prods = grp[grp['DTULTCOMP'] == dt][['FANTASIA', 'DESCRICAO']].drop_duplicates().to_dict('records')
g:\Meu Drive\offtrade\exportacao_meta.py:53: UserWarning: DataFrame columns are not unique, some columns will be omitted.
  prods = grp[grp['DTULTCOMP'] == dt][['FANTASIA', 'DESCRICAO']].drop_duplicates().to_dict('records')
g:\Meu Drive\offtrade\exportacao_meta.py:53: UserWarning: DataFrame columns are not unique, some columns will be omitted.
  prods = grp[grp['DTULTCOMP'] == dt][['FANTASIA', 'DESCRICAO']].drop_duplicates().to_dict('records')
g:\Meu Drive\offtrade\exportacao_meta.py:53: UserWarning: DataFrame columns are not unique, some columns will be omitted.
  prods = grp[grp['DTULTCOMP'] == dt][['FANTASIA', 'DESCRICAO']].drop_duplicates().to_dict('records')
g:\Meu Drive\offtrade\exportacao_meta.py:53: UserWarning: DataFrame columns are not unique, some columns will be omitted.
  prods = grp[grp['DTULTCOMP'] == dt][['FANTASIA', 'DESCRICAO']].drop_duplicates().to_dict('records')
g:\Meu Drive\offtrade\exportacao_meta.py:53: UserWarning: DataFrame columns are not unique, some columns will be omitted.
  prods = grp[grp['DTULTCOMP'] == dt][['FANTASIA', 'DESCRICAO']].drop_duplicates().to_dict('records')
g:\Meu Drive\offtrade\exportacao_meta.py:53: UserWarning: DataFrame columns are not unique, some columns will be omitted.
  prods = grp[grp['DTULTCOMP'] == dt][['FANTASIA', 'DESCRICAO']].drop_duplicates().to_dict('records')
g:\Meu Drive\offtrade\exportacao_meta.py:53: UserWarning: DataFrame columns are not unique, some columns will be omitted.
  prods = grp[grp['DTULTCOMP'] == dt][['FANTASIA', 'DESCRICAO']].drop_duplicates().to_dict('records')
g:\Meu Drive\offtrade\exportacao_meta.py:53: UserWarning: DataFrame columns are not unique, some columns will be omitted.
  prods = grp[grp['DTULTCOMP'] == dt][['FANTASIA', 'DESCRICAO']].drop_duplicates().to_dict('records')
g:\Meu Drive\offtrade\exportacao_meta.py:53: UserWarning: DataFrame columns are not unique, some columns will be omitted.
  prods = grp[grp['DTULTCOMP'] == dt][['FANTASIA', 'DESCRICAO']].drop_duplicates().to_dict('records')
g:\Meu Drive\offtrade\exportacao_meta.py:53: UserWarning: DataFrame columns are not unique, some columns will be omitted.
  prods = grp[grp['DTULTCOMP'] == dt][['FANTASIA', 'DESCRICAO']].drop_duplicates().to_dict('records')
g:\Meu Drive\offtrade\exportacao_meta.py:53: UserWarning: DataFrame columns are not unique, some columns will be omitted.
  prods = grp[grp['DTULTCOMP'] == dt][['FANTASIA', 'DESCRICAO']].drop_duplicates().to_dict('records')
g:\Meu Drive\offtrade\exportacao_meta.py:53: UserWarning: DataFrame columns are not unique, some columns will be omitted.
  prods = grp[grp['DTULTCOMP'] == dt][['FANTASIA', 'DESCRICAO']].drop_duplicates().to_dict('records')
g:\Meu Drive\offtrade\exportacao_meta.py:53: UserWarning: DataFrame columns are not unique, some columns will be omitted.
  prods = grp[grp['DTULTCOMP'] == dt][['FANTASIA', 'DESCRICAO']].drop_duplicates().to_dict('records')
g:\Meu Drive\offtrade\exportacao_meta.py:53: UserWarning: DataFrame columns are not unique, some columns will be omitted.
  prods = grp[grp['DTULTCOMP'] == dt][['FANTASIA', 'DESCRICAO']].drop_duplicates().to_dict('records')
g:\Meu Drive\offtrade\exportacao_meta.py:53: UserWarning: DataFrame columns are not unique, some columns will be omitted.
  prods = grp[grp['DTULTCOMP'] == dt][['FANTASIA', 'DESCRICAO']].drop_duplicates().to_dict('records')
g:\Meu Drive\offtrade\exportacao_meta.py:53: UserWarning: DataFrame columns are not unique, some columns will be omitted.
  prods = grp[grp['DTULTCOMP'] == dt][['FANTASIA', 'DESCRICAO']].drop_duplicates().to_dict('records')
g:\Meu Drive\offtrade\exportacao_meta.py:53: UserWarning: DataFrame columns are not unique, some columns will be omitted.
  prods = grp[grp['DTULTCOMP'] == dt][['FANTASIA', 'DESCRICAO']].drop_duplicates().to_dict('records')
g:\Meu Drive\offtrade\exportacao_meta.py:53: UserWarning: DataFrame columns are not unique, some columns will be omitted.
  prods = grp[grp['DTULTCOMP'] == dt][['FANTASIA', 'DESCRICAO']].drop_duplicates().to_dict('records')
g:\Meu Drive\offtrade\exportacao_meta.py:53: UserWarning: DataFrame columns are not unique, some columns will be omitted.
  prods = grp[grp['DTULTCOMP'] == dt][['FANTASIA', 'DESCRICAO']].drop_duplicates().to_dict('records')
g:\Meu Drive\offtrade\exportacao_meta.py:53: UserWarning: DataFrame columns are not unique, some columns will be omitted.
  prods = grp[grp['DTULTCOMP'] == dt][['FANTASIA', 'DESCRICAO']].drop_duplicates().to_dict('records')
g:\Meu Drive\offtrade\exportacao_meta.py:53: UserWarning: DataFrame columns are not unique, some columns will be omitted.
  prods = grp[grp['DTULTCOMP'] == dt][['FANTASIA', 'DESCRICAO']].drop_duplicates().to_dict('records')
g:\Meu Drive\offtrade\exportacao_meta.py:53: UserWarning: DataFrame columns are not unique, some columns will be omitted.
  prods = grp[grp['DTULTCOMP'] == dt][['FANTASIA', 'DESCRICAO']].drop_duplicates().to_dict('records')
g:\Meu Drive\offtrade\exportacao_meta.py:53: UserWarning: DataFrame columns are not unique, some columns will be omitted.
  prods = grp[grp['DTULTCOMP'] == dt][['FANTASIA', 'DESCRICAO']].drop_duplicates().to_dict('records')
g:\Meu Drive\offtrade\exportacao_meta.py:53: UserWarning: DataFrame columns are not unique, some columns will be omitted.
  prods = grp[grp['DTULTCOMP'] == dt][['FANTASIA', 'DESCRICAO']].drop_duplicates().to_dict('records')
g:\Meu Drive\offtrade\exportacao_meta.py:53: UserWarning: DataFrame columns are not unique, some columns will be omitted.
  prods = grp[grp['DTULTCOMP'] == dt][['FANTASIA', 'DESCRICAO']].drop_duplicates().to_dict('records')
g:\Meu Drive\offtrade\exportacao_meta.py:53: UserWarning: DataFrame columns are not unique, some columns will be omitted.
  prods = grp[grp['DTULTCOMP'] == dt][['FANTASIA', 'DESCRICAO']].drop_duplicates().to_dict('records')
g:\Meu Drive\offtrade\exportacao_meta.py:53: UserWarning: DataFrame columns are not unique, some columns will be omitted.
  prods = grp[grp['DTULTCOMP'] == dt][['FANTASIA', 'DESCRICAO']].drop_duplicates().to_dict('records')
g:\Meu Drive\offtrade\exportacao_meta.py:53: UserWarning: DataFrame columns are not unique, some columns will be omitted.
  prods = grp[grp['DTULTCOMP'] == dt][['FANTASIA', 'DESCRICAO']].drop_duplicates().to_dict('records')
g:\Meu Drive\offtrade\exportacao_meta.py:53: UserWarning: DataFrame columns are not unique, some columns will be omitted.
  prods = grp[grp['DTULTCOMP'] == dt][['FANTASIA', 'DESCRICAO']].drop_duplicates().to_dict('records')
g:\Meu Drive\offtrade\exportacao_meta.py:53: UserWarning: DataFrame columns are not unique, some columns will be omitted.
  prods = grp[grp['DTULTCOMP'] == dt][['FANTASIA', 'DESCRICAO']].drop_duplicates().to_dict('records')
g:\Meu Drive\offtrade\exportacao_meta.py:53: UserWarning: DataFrame columns are not unique, some columns will be omitted.
  prods = grp[grp['DTULTCOMP'] == dt][['FANTASIA', 'DESCRICAO']].drop_duplicates().to_dict('records')
g:\Meu Drive\offtrade\exportacao_meta.py:53: UserWarning: DataFrame columns are not unique, some columns will be omitted.
  prods = grp[grp['DTULTCOMP'] == dt][['FANTASIA', 'DESCRICAO']].drop_duplicates().to_dict('records')
g:\Meu Drive\offtrade\exportacao_meta.py:53: UserWarning: DataFrame columns are not unique, some columns will be omitted.
  prods = grp[grp['DTULTCOMP'] == dt][['FANTASIA', 'DESCRICAO']].drop_duplicates().to_dict('records')
g:\Meu Drive\offtrade\exportacao_meta.py:53: UserWarning: DataFrame columns are not unique, some columns will be omitted.
  prods = grp[grp['DTULTCOMP'] == dt][['FANTASIA', 'DESCRICAO']].drop_duplicates().to_dict('records')
g:\Meu Drive\offtrade\exportacao_meta.py:53: UserWarning: DataFrame columns are not unique, some columns will be omitted.
  prods = grp[grp['DTULTCOMP'] == dt][['FANTASIA', 'DESCRICAO']].drop_duplicates().to_dict('records')
g:\Meu Drive\offtrade\exportacao_meta.py:53: UserWarning: DataFrame columns are not unique, some columns will be omitted.
  prods = grp[grp['DTULTCOMP'] == dt][['FANTASIA', 'DESCRICAO']].drop_duplicates().to_dict('records')
g:\Meu Drive\offtrade\exportacao_meta.py:53: UserWarning: DataFrame columns are not unique, some columns will be omitted.
  prods = grp[grp['DTULTCOMP'] == dt][['FANTASIA', 'DESCRICAO']].drop_duplicates().to_dict('records')
g:\Meu Drive\offtrade\exportacao_meta.py:53: UserWarning: DataFrame columns are not unique, some columns will be omitted.
  prods = grp[grp['DTULTCOMP'] == dt][['FANTASIA', 'DESCRICAO']].drop_duplicates().to_dict('records')
g:\Meu Drive\offtrade\exportacao_meta.py:53: UserWarning: DataFrame columns are not unique, some columns will be omitted.
  prods = grp[grp['DTULTCOMP'] == dt][['FANTASIA', 'DESCRICAO']].drop_duplicates().to_dict('records')
g:\Meu Drive\offtrade\exportacao_meta.py:53: UserWarning: DataFrame columns are not unique, some columns will be omitted.
  prods = grp[grp['DTULTCOMP'] == dt][['FANTASIA', 'DESCRICAO']].drop_duplicates().to_dict('records')
g:\Meu Drive\offtrade\exportacao_meta.py:53: UserWarning: DataFrame columns are not unique, some columns will be omitted.
  prods = grp[grp['DTULTCOMP'] == dt][['FANTASIA', 'DESCRICAO']].drop_duplicates().to_dict('records')
g:\Meu Drive\offtrade\exportacao_meta.py:53: UserWarning: DataFrame columns are not unique, some columns will be omitted.
  prods = grp[grp['DTULTCOMP'] == dt][['FANTASIA', 'DESCRICAO']].drop_duplicates().to_dict('records')
g:\Meu Drive\offtrade\exportacao_meta.py:53: UserWarning: DataFrame columns are not unique, some columns will be omitted.
  prods = grp[grp['DTULTCOMP'] == dt][['FANTASIA', 'DESCRICAO']].drop_duplicates().to_dict('records')
g:\Meu Drive\offtrade\exportacao_meta.py:53: UserWarning: DataFrame columns are not unique, some columns will be omitted.
  prods = grp[grp['DTULTCOMP'] == dt][['FANTASIA', 'DESCRICAO']].drop_duplicates().to_dict('records')
g:\Meu Drive\offtrade\exportacao_meta.py:53: UserWarning: DataFrame columns are not unique, some columns will be omitted.
  prods = grp[grp['DTULTCOMP'] == dt][['FANTASIA', 'DESCRICAO']].drop_duplicates().to_dict('records')
g:\Meu Drive\offtrade\exportacao_meta.py:53: UserWarning: DataFrame columns are not unique, some columns will be omitted.
  prods = grp[grp['DTULTCOMP'] == dt][['FANTASIA', 'DESCRICAO']].drop_duplicates().to_dict('records')
g:\Meu Drive\offtrade\exportacao_meta.py:53: UserWarning: DataFrame columns are not unique, some columns will be omitted.
  prods = grp[grp['DTULTCOMP'] == dt][['FANTASIA', 'DESCRICAO']].drop_duplicates().to_dict('records')
g:\Meu Drive\offtrade\exportacao_meta.py:53: UserWarning: DataFrame columns are not unique, some columns will be omitted.
  prods = grp[grp['DTULTCOMP'] == dt][['FANTASIA', 'DESCRICAO']].drop_duplicates().to_dict('records')
g:\Meu Drive\offtrade\exportacao_meta.py:53: UserWarning: DataFrame columns are not unique, some columns will be omitted.
  prods = grp[grp['DTULTCOMP'] == dt][['FANTASIA', 'DESCRICAO']].drop_duplicates().to_dict('records')
g:\Meu Drive\offtrade\exportacao_meta.py:53: UserWarning: DataFrame columns are not unique, some columns will be omitted.
  prods = grp[grp['DTULTCOMP'] == dt][['FANTASIA', 'DESCRICAO']].drop_duplicates().to_dict('records')
g:\Meu Drive\offtrade\exportacao_meta.py:53: UserWarning: DataFrame columns are not unique, some columns will be omitted.
  prods = grp[grp['DTULTCOMP'] == dt][['FANTASIA', 'DESCRICAO']].drop_duplicates().to_dict('records')
g:\Meu Drive\offtrade\exportacao_meta.py:53: UserWarning: DataFrame columns are not unique, some columns will be omitted.
  prods = grp[grp['DTULTCOMP'] == dt][['FANTASIA', 'DESCRICAO']].drop_duplicates().to_dict('records')
g:\Meu Drive\offtrade\exportacao_meta.py:53: UserWarning: DataFrame columns are not unique, some columns will be omitted.
  prods = grp[grp['DTULTCOMP'] == dt][['FANTASIA', 'DESCRICAO']].drop_duplicates().to_dict('records')
g:\Meu Drive\offtrade\exportacao_meta.py:53: UserWarning: DataFrame columns are not unique, some columns will be omitted.
  prods = grp[grp['DTULTCOMP'] == dt][['FANTASIA', 'DESCRICAO']].drop_duplicates().to_dict('records')
g:\Meu Drive\offtrade\exportacao_meta.py:53: UserWarning: DataFrame columns are not unique, some columns will be omitted.
  prods = grp[grp['DTULTCOMP'] == dt][['FANTASIA', 'DESCRICAO']].drop_duplicates().to_dict('records')
g:\Meu Drive\offtrade\exportacao_meta.py:53: UserWarning: DataFrame columns are not unique, some columns will be omitted.
  prods = grp[grp['DTULTCOMP'] == dt][['FANTASIA', 'DESCRICAO']].drop_duplicates().to_dict('records')
g:\Meu Drive\offtrade\exportacao_meta.py:53: UserWarning: DataFrame columns are not unique, some columns will be omitted.
  prods = grp[grp['DTULTCOMP'] == dt][['FANTASIA', 'DESCRICAO']].drop_duplicates().to_dict('records')
g:\Meu Drive\offtrade\exportacao_meta.py:53: UserWarning: DataFrame columns are not unique, some columns will be omitted.
  prods = grp[grp['DTULTCOMP'] == dt][['FANTASIA', 'DESCRICAO']].drop_duplicates().to_dict('records')
g:\Meu Drive\offtrade\exportacao_meta.py:53: UserWarning: DataFrame columns are not unique, some columns will be omitted.
  prods = grp[grp['DTULTCOMP'] == dt][['FANTASIA', 'DESCRICAO']].drop_duplicates().to_dict('records')
g:\Meu Drive\offtrade\exportacao_meta.py:53: UserWarning: DataFrame columns are not unique, some columns will be omitted.
  prods = grp[grp['DTULTCOMP'] == dt][['FANTASIA', 'DESCRICAO']].drop_duplicates().to_dict('records')
g:\Meu Drive\offtrade\exportacao_meta.py:53: UserWarning: DataFrame columns are not unique, some columns will be omitted.
  prods = grp[grp['DTULTCOMP'] == dt][['FANTASIA', 'DESCRICAO']].drop_duplicates().to_dict('records')
g:\Meu Drive\offtrade\exportacao_meta.py:53: UserWarning: DataFrame columns are not unique, some columns will be omitted.
  prods = grp[grp['DTULTCOMP'] == dt][['FANTASIA', 'DESCRICAO']].drop_duplicates().to_dict('records')
g:\Meu Drive\offtrade\exportacao_meta.py:53: UserWarning: DataFrame columns are not unique, some columns will be omitted.
  prods = grp[grp['DTULTCOMP'] == dt][['FANTASIA', 'DESCRICAO']].drop_duplicates().to_dict('records')
g:\Meu Drive\offtrade\exportacao_meta.py:53: UserWarning: DataFrame columns are not unique, some columns will be omitted.
  prods = grp[grp['DTULTCOMP'] == dt][['FANTASIA', 'DESCRICAO']].drop_duplicates().to_dict('records')
g:\Meu Drive\offtrade\exportacao_meta.py:53: UserWarning: DataFrame columns are not unique, some columns will be omitted.
  prods = grp[grp['DTULTCOMP'] == dt][['FANTASIA', 'DESCRICAO']].drop_duplicates().to_dict('records')
g:\Meu Drive\offtrade\exportacao_meta.py:53: UserWarning: DataFrame columns are not unique, some columns will be omitted.
  prods = grp[grp['DTULTCOMP'] == dt][['FANTASIA', 'DESCRICAO']].drop_duplicates().to_dict('records')
g:\Meu Drive\offtrade\exportacao_meta.py:53: UserWarning: DataFrame columns are not unique, some columns will be omitted.
  prods = grp[grp['DTULTCOMP'] == dt][['FANTASIA', 'DESCRICAO']].drop_duplicates().to_dict('records')
g:\Meu Drive\offtrade\exportacao_meta.py:53: UserWarning: DataFrame columns are not unique, some columns will be omitted.
  prods = grp[grp['DTULTCOMP'] == dt][['FANTASIA', 'DESCRICAO']].drop_duplicates().to_dict('records')
g:\Meu Drive\offtrade\exportacao_meta.py:53: UserWarning: DataFrame columns are not unique, some columns will be omitted.
  prods = grp[grp['DTULTCOMP'] == dt][['FANTASIA', 'DESCRICAO']].drop_duplicates().to_dict('records')
g:\Meu Drive\offtrade\exportacao_meta.py:53: UserWarning: DataFrame columns are not unique, some columns will be omitted.
  prods = grp[grp['DTULTCOMP'] == dt][['FANTASIA', 'DESCRICAO']].drop_duplicates().to_dict('records')
g:\Meu Drive\offtrade\exportacao_meta.py:53: UserWarning: DataFrame columns are not unique, some columns will be omitted.
  prods = grp[grp['DTULTCOMP'] == dt][['FANTASIA', 'DESCRICAO']].drop_duplicates().to_dict('records')
g:\Meu Drive\offtrade\exportacao_meta.py:53: UserWarning: DataFrame columns are not unique, some columns will be omitted.
  prods = grp[grp['DTULTCOMP'] == dt][['FANTASIA', 'DESCRICAO']].drop_duplicates().to_dict('records')
g:\Meu Drive\offtrade\exportacao_meta.py:53: UserWarning: DataFrame columns are not unique, some columns will be omitted.
  prods = grp[grp['DTULTCOMP'] == dt][['FANTASIA', 'DESCRICAO']].drop_duplicates().to_dict('records')
g:\Meu Drive\offtrade\exportacao_meta.py:53: UserWarning: DataFrame columns are not unique, some columns will be omitted.
  prods = grp[grp['DTULTCOMP'] == dt][['FANTASIA', 'DESCRICAO']].drop_duplicates().to_dict('records')
g:\Meu Drive\offtrade\exportacao_meta.py:53: UserWarning: DataFrame columns are not unique, some columns will be omitted.
  prods = grp[grp['DTULTCOMP'] == dt][['FANTASIA', 'DESCRICAO']].drop_duplicates().to_dict('records')
g:\Meu Drive\offtrade\exportacao_meta.py:53: UserWarning: DataFrame columns are not unique, some columns will be omitted.
  prods = grp[grp['DTULTCOMP'] == dt][['FANTASIA', 'DESCRICAO']].drop_duplicates().to_dict('records')
g:\Meu Drive\offtrade\exportacao_meta.py:53: UserWarning: DataFrame columns are not unique, some columns will be omitted.
  prods = grp[grp['DTULTCOMP'] == dt][['FANTASIA', 'DESCRICAO']].drop_duplicates().to_dict('records')
g:\Meu Drive\offtrade\exportacao_meta.py:53: UserWarning: DataFrame columns are not unique, some columns will be omitted.
  prods = grp[grp['DTULTCOMP'] == dt][['FANTASIA', 'DESCRICAO']].drop_duplicates().to_dict('records')
g:\Meu Drive\offtrade\exportacao_meta.py:53: UserWarning: DataFrame columns are not unique, some columns will be omitted.
  prods = grp[grp['DTULTCOMP'] == dt][['FANTASIA', 'DESCRICAO']].drop_duplicates().to_dict('records')
g:\Meu Drive\offtrade\exportacao_meta.py:53: UserWarning: DataFrame columns are not unique, some columns will be omitted.
  prods = grp[grp['DTULTCOMP'] == dt][['FANTASIA', 'DESCRICAO']].drop_duplicates().to_dict('records')
g:\Meu Drive\offtrade\exportacao_meta.py:53: UserWarning: DataFrame columns are not unique, some columns will be omitted.
  prods = grp[grp['DTULTCOMP'] == dt][['FANTASIA', 'DESCRICAO']].drop_duplicates().to_dict('records')
g:\Meu Drive\offtrade\exportacao_meta.py:53: UserWarning: DataFrame columns are not unique, some columns will be omitted.
  prods = grp[grp['DTULTCOMP'] == dt][['FANTASIA', 'DESCRICAO']].drop_duplicates().to_dict('records')
g:\Meu Drive\offtrade\exportacao_meta.py:53: UserWarning: DataFrame columns are not unique, some columns will be omitted.
  prods = grp[grp['DTULTCOMP'] == dt][['FANTASIA', 'DESCRICAO']].drop_duplicates().to_dict('records')
g:\Meu Drive\offtrade\exportacao_meta.py:53: UserWarning: DataFrame columns are not unique, some columns will be omitted.
  prods = grp[grp['DTULTCOMP'] == dt][['FANTASIA', 'DESCRICAO']].drop_duplicates().to_dict('records')
g:\Meu Drive\offtrade\exportacao_meta.py:53: UserWarning: DataFrame columns are not unique, some columns will be omitted.
  prods = grp[grp['DTULTCOMP'] == dt][['FANTASIA', 'DESCRICAO']].drop_duplicates().to_dict('records')
g:\Meu Drive\offtrade\exportacao_meta.py:53: UserWarning: DataFrame columns are not unique, some columns will be omitted.
  prods = grp[grp['DTULTCOMP'] == dt][['FANTASIA', 'DESCRICAO']].drop_duplicates().to_dict('records')
g:\Meu Drive\offtrade\exportacao_meta.py:53: UserWarning: DataFrame columns are not unique, some columns will be omitted.
  prods = grp[grp['DTULTCOMP'] == dt][['FANTASIA', 'DESCRICAO']].drop_duplicates().to_dict('records')
g:\Meu Drive\offtrade\exportacao_meta.py:53: UserWarning: DataFrame columns are not unique, some columns will be omitted.
  prods = grp[grp['DTULTCOMP'] == dt][['FANTASIA', 'DESCRICAO']].drop_duplicates().to_dict('records')
g:\Meu Drive\offtrade\exportacao_meta.py:53: UserWarning: DataFrame columns are not unique, some columns will be omitted.
  prods = grp[grp['DTULTCOMP'] == dt][['FANTASIA', 'DESCRICAO']].drop_duplicates().to_dict('records')
g:\Meu Drive\offtrade\exportacao_meta.py:53: UserWarning: DataFrame columns are not unique, some columns will be omitted.
  prods = grp[grp['DTULTCOMP'] == dt][['FANTASIA', 'DESCRICAO']].drop_duplicates().to_dict('records')
g:\Meu Drive\offtrade\exportacao_meta.py:53: UserWarning: DataFrame columns are not unique, some columns will be omitted.
  prods = grp[grp['DTULTCOMP'] == dt][['FANTASIA', 'DESCRICAO']].drop_duplicates().to_dict('records')
g:\Meu Drive\offtrade\exportacao_meta.py:53: UserWarning: DataFrame columns are not unique, some columns will be omitted.
  prods = grp[grp['DTULTCOMP'] == dt][['FANTASIA', 'DESCRICAO']].drop_duplicates().to_dict('records')
g:\Meu Drive\offtrade\exportacao_meta.py:53: UserWarning: DataFrame columns are not unique, some columns will be omitted.
  prods = grp[grp['DTULTCOMP'] == dt][['FANTASIA', 'DESCRICAO']].drop_duplicates().to_dict('records')
g:\Meu Drive\offtrade\exportacao_meta.py:53: UserWarning: DataFrame columns are not unique, some columns will be omitted.
  prods = grp[grp['DTULTCOMP'] == dt][['FANTASIA', 'DESCRICAO']].drop_duplicates().to_dict('records')
g:\Meu Drive\offtrade\exportacao_meta.py:53: UserWarning: DataFrame columns are not unique, some columns will be omitted.
  prods = grp[grp['DTULTCOMP'] == dt][['FANTASIA', 'DESCRICAO']].drop_duplicates().to_dict('records')
g:\Meu Drive\offtrade\exportacao_meta.py:53: UserWarning: DataFrame columns are not unique, some columns will be omitted.
  prods = grp[grp['DTULTCOMP'] == dt][['FANTASIA', 'DESCRICAO']].drop_duplicates().to_dict('records')
g:\Meu Drive\offtrade\exportacao_meta.py:53: UserWarning: DataFrame columns are not unique, some columns will be omitted.
  prods = grp[grp['DTULTCOMP'] == dt][['FANTASIA', 'DESCRICAO']].drop_duplicates().to_dict('records')
g:\Meu Drive\offtrade\exportacao_meta.py:53: UserWarning: DataFrame columns are not unique, some columns will be omitted.
  prods = grp[grp['DTULTCOMP'] == dt][['FANTASIA', 'DESCRICAO']].drop_duplicates().to_dict('records')
g:\Meu Drive\offtrade\exportacao_meta.py:53: UserWarning: DataFrame columns are not unique, some columns will be omitted.
  prods = grp[grp['DTULTCOMP'] == dt][['FANTASIA', 'DESCRICAO']].drop_duplicates().to_dict('records')
g:\Meu Drive\offtrade\exportacao_meta.py:53: UserWarning: DataFrame columns are not unique, some columns will be omitted.
  prods = grp[grp['DTULTCOMP'] == dt][['FANTASIA', 'DESCRICAO']].drop_duplicates().to_dict('records')
g:\Meu Drive\offtrade\exportacao_meta.py:53: UserWarning: DataFrame columns are not unique, some columns will be omitted.
  prods = grp[grp['DTULTCOMP'] == dt][['FANTASIA', 'DESCRICAO']].drop_duplicates().to_dict('records')
g:\Meu Drive\offtrade\exportacao_meta.py:53: UserWarning: DataFrame columns are not unique, some columns will be omitted.
  prods = grp[grp['DTULTCOMP'] == dt][['FANTASIA', 'DESCRICAO']].drop_duplicates().to_dict('records')
g:\Meu Drive\offtrade\exportacao_meta.py:53: UserWarning: DataFrame columns are not unique, some columns will be omitted.
  prods = grp[grp['DTULTCOMP'] == dt][['FANTASIA', 'DESCRICAO']].drop_duplicates().to_dict('records')
g:\Meu Drive\offtrade\exportacao_meta.py:53: UserWarning: DataFrame columns are not unique, some columns will be omitted.
  prods = grp[grp['DTULTCOMP'] == dt][['FANTASIA', 'DESCRICAO']].drop_duplicates().to_dict('records')
g:\Meu Drive\offtrade\exportacao_meta.py:53: UserWarning: DataFrame columns are not unique, some columns will be omitted.
  prods = grp[grp['DTULTCOMP'] == dt][['FANTASIA', 'DESCRICAO']].drop_duplicates().to_dict('records')
g:\Meu Drive\offtrade\exportacao_meta.py:53: UserWarning: DataFrame columns are not unique, some columns will be omitted.
  prods = grp[grp['DTULTCOMP'] == dt][['FANTASIA', 'DESCRICAO']].drop_duplicates().to_dict('records')
g:\Meu Drive\offtrade\exportacao_meta.py:53: UserWarning: DataFrame columns are not unique, some columns will be omitted.
  prods = grp[grp['DTULTCOMP'] == dt][['FANTASIA', 'DESCRICAO']].drop_duplicates().to_dict('records')
g:\Meu Drive\offtrade\exportacao_meta.py:53: UserWarning: DataFrame columns are not unique, some columns will be omitted.
  prods = grp[grp['DTULTCOMP'] == dt][['FANTASIA', 'DESCRICAO']].drop_duplicates().to_dict('records')
g:\Meu Drive\offtrade\exportacao_meta.py:53: UserWarning: DataFrame columns are not unique, some columns will be omitted.
  prods = grp[grp['DTULTCOMP'] == dt][['FANTASIA', 'DESCRICAO']].drop_duplicates().to_dict('records')
g:\Meu Drive\offtrade\exportacao_meta.py:53: UserWarning: DataFrame columns are not unique, some columns will be omitted.
  prods = grp[grp['DTULTCOMP'] == dt][['FANTASIA', 'DESCRICAO']].drop_duplicates().to_dict('records')
g:\Meu Drive\offtrade\exportacao_meta.py:53: UserWarning: DataFrame columns are not unique, some columns will be omitted.
  prods = grp[grp['DTULTCOMP'] == dt][['FANTASIA', 'DESCRICAO']].drop_duplicates().to_dict('records')
g:\Meu Drive\offtrade\exportacao_meta.py:53: UserWarning: DataFrame columns are not unique, some columns will be omitted.
  prods = grp[grp['DTULTCOMP'] == dt][['FANTASIA', 'DESCRICAO']].drop_duplicates().to_dict('records')
g:\Meu Drive\offtrade\exportacao_meta.py:53: UserWarning: DataFrame columns are not unique, some columns will be omitted.
  prods = grp[grp['DTULTCOMP'] == dt][['FANTASIA', 'DESCRICAO']].drop_duplicates().to_dict('records')
g:\Meu Drive\offtrade\exportacao_meta.py:53: UserWarning: DataFrame columns are not unique, some columns will be omitted.
  prods = grp[grp['DTULTCOMP'] == dt][['FANTASIA', 'DESCRICAO']].drop_duplicates().to_dict('records')
g:\Meu Drive\offtrade\exportacao_meta.py:53: UserWarning: DataFrame columns are not unique, some columns will be omitted.
  prods = grp[grp['DTULTCOMP'] == dt][['FANTASIA', 'DESCRICAO']].drop_duplicates().to_dict('records')
g:\Meu Drive\offtrade\exportacao_meta.py:53: UserWarning: DataFrame columns are not unique, some columns will be omitted.
  prods = grp[grp['DTULTCOMP'] == dt][['FANTASIA', 'DESCRICAO']].drop_duplicates().to_dict('records')
g:\Meu Drive\offtrade\exportacao_meta.py:53: UserWarning: DataFrame columns are not unique, some columns will be omitted.
  prods = grp[grp['DTULTCOMP'] == dt][['FANTASIA', 'DESCRICAO']].drop_duplicates().to_dict('records')
g:\Meu Drive\offtrade\exportacao_meta.py:53: UserWarning: DataFrame columns are not unique, some columns will be omitted.
  prods = grp[grp['DTULTCOMP'] == dt][['FANTASIA', 'DESCRICAO']].drop_duplicates().to_dict('records')
g:\Meu Drive\offtrade\exportacao_meta.py:53: UserWarning: DataFrame columns are not unique, some columns will be omitted.
  prods = grp[grp['DTULTCOMP'] == dt][['FANTASIA', 'DESCRICAO']].drop_duplicates().to_dict('records')
g:\Meu Drive\offtrade\exportacao_meta.py:53: UserWarning: DataFrame columns are not unique, some columns will be omitted.
  prods = grp[grp['DTULTCOMP'] == dt][['FANTASIA', 'DESCRICAO']].drop_duplicates().to_dict('records')
g:\Meu Drive\offtrade\exportacao_meta.py:53: UserWarning: DataFrame columns are not unique, some columns will be omitted.
  prods = grp[grp['DTULTCOMP'] == dt][['FANTASIA', 'DESCRICAO']].drop_duplicates().to_dict('records')
g:\Meu Drive\offtrade\exportacao_meta.py:53: UserWarning: DataFrame columns are not unique, some columns will be omitted.
  prods = grp[grp['DTULTCOMP'] == dt][['FANTASIA', 'DESCRICAO']].drop_duplicates().to_dict('records')
g:\Meu Drive\offtrade\exportacao_meta.py:53: UserWarning: DataFrame columns are not unique, some columns will be omitted.
  prods = grp[grp['DTULTCOMP'] == dt][['FANTASIA', 'DESCRICAO']].drop_duplicates().to_dict('records')
g:\Meu Drive\offtrade\exportacao_meta.py:53: UserWarning: DataFrame columns are not unique, some columns will be omitted.
  prods = grp[grp['DTULTCOMP'] == dt][['FANTASIA', 'DESCRICAO']].drop_duplicates().to_dict('records')
g:\Meu Drive\offtrade\exportacao_meta.py:53: UserWarning: DataFrame columns are not unique, some columns will be omitted.
  prods = grp[grp['DTULTCOMP'] == dt][['FANTASIA', 'DESCRICAO']].drop_duplicates().to_dict('records')
g:\Meu Drive\offtrade\exportacao_meta.py:53: UserWarning: DataFrame columns are not unique, some columns will be omitted.
  prods = grp[grp['DTULTCOMP'] == dt][['FANTASIA', 'DESCRICAO']].drop_duplicates().to_dict('records')
g:\Meu Drive\offtrade\exportacao_meta.py:53: UserWarning: DataFrame columns are not unique, some columns will be omitted.
  prods = grp[grp['DTULTCOMP'] == dt][['FANTASIA', 'DESCRICAO']].drop_duplicates().to_dict('records')
g:\Meu Drive\offtrade\exportacao_meta.py:53: UserWarning: DataFrame columns are not unique, some columns will be omitted.
  prods = grp[grp['DTULTCOMP'] == dt][['FANTASIA', 'DESCRICAO']].drop_duplicates().to_dict('records')
g:\Meu Drive\offtrade\exportacao_meta.py:53: UserWarning: DataFrame columns are not unique, some columns will be omitted.
  prods = grp[grp['DTULTCOMP'] == dt][['FANTASIA', 'DESCRICAO']].drop_duplicates().to_dict('records')
g:\Meu Drive\offtrade\exportacao_meta.py:53: UserWarning: DataFrame columns are not unique, some columns will be omitted.
  prods = grp[grp['DTULTCOMP'] == dt][['FANTASIA', 'DESCRICAO']].drop_duplicates().to_dict('records')
g:\Meu Drive\offtrade\exportacao_meta.py:53: UserWarning: DataFrame columns are not unique, some columns will be omitted.
  prods = grp[grp['DTULTCOMP'] == dt][['FANTASIA', 'DESCRICAO']].drop_duplicates().to_dict('records')
g:\Meu Drive\offtrade\exportacao_meta.py:53: UserWarning: DataFrame columns are not unique, some columns will be omitted.
  prods = grp[grp['DTULTCOMP'] == dt][['FANTASIA', 'DESCRICAO']].drop_duplicates().to_dict('records')
g:\Meu Drive\offtrade\exportacao_meta.py:53: UserWarning: DataFrame columns are not unique, some columns will be omitted.
  prods = grp[grp['DTULTCOMP'] == dt][['FANTASIA', 'DESCRICAO']].drop_duplicates().to_dict('records')
g:\Meu Drive\offtrade\exportacao_meta.py:53: UserWarning: DataFrame columns are not unique, some columns will be omitted.
  prods = grp[grp['DTULTCOMP'] == dt][['FANTASIA', 'DESCRICAO']].drop_duplicates().to_dict('records')
g:\Meu Drive\offtrade\exportacao_meta.py:53: UserWarning: DataFrame columns are not unique, some columns will be omitted.
  prods = grp[grp['DTULTCOMP'] == dt][['FANTASIA', 'DESCRICAO']].drop_duplicates().to_dict('records')
g:\Meu Drive\offtrade\exportacao_meta.py:53: UserWarning: DataFrame columns are not unique, some columns will be omitted.
  prods = grp[grp['DTULTCOMP'] == dt][['FANTASIA', 'DESCRICAO']].drop_duplicates().to_dict('records')
g:\Meu Drive\offtrade\exportacao_meta.py:53: UserWarning: DataFrame columns are not unique, some columns will be omitted.
  prods = grp[grp['DTULTCOMP'] == dt][['FANTASIA', 'DESCRICAO']].drop_duplicates().to_dict('records')
g:\Meu Drive\offtrade\exportacao_meta.py:53: UserWarning: DataFrame columns are not unique, some columns will be omitted.
  prods = grp[grp['DTULTCOMP'] == dt][['FANTASIA', 'DESCRICAO']].drop_duplicates().to_dict('records')
g:\Meu Drive\offtrade\exportacao_meta.py:53: UserWarning: DataFrame columns are not unique, some columns will be omitted.
  prods = grp[grp['DTULTCOMP'] == dt][['FANTASIA', 'DESCRICAO']].drop_duplicates().to_dict('records')
g:\Meu Drive\offtrade\exportacao_meta.py:53: UserWarning: DataFrame columns are not unique, some columns will be omitted.
  prods = grp[grp['DTULTCOMP'] == dt][['FANTASIA', 'DESCRICAO']].drop_duplicates().to_dict('records')
g:\Meu Drive\offtrade\exportacao_meta.py:53: UserWarning: DataFrame columns are not unique, some columns will be omitted.
  prods = grp[grp['DTULTCOMP'] == dt][['FANTASIA', 'DESCRICAO']].drop_duplicates().to_dict('records')
g:\Meu Drive\offtrade\exportacao_meta.py:53: UserWarning: DataFrame columns are not unique, some columns will be omitted.
  prods = grp[grp['DTULTCOMP'] == dt][['FANTASIA', 'DESCRICAO']].drop_duplicates().to_dict('records')
g:\Meu Drive\offtrade\exportacao_meta.py:53: UserWarning: DataFrame columns are not unique, some columns will be omitted.
  prods = grp[grp['DTULTCOMP'] == dt][['FANTASIA', 'DESCRICAO']].drop_duplicates().to_dict('records')
g:\Meu Drive\offtrade\exportacao_meta.py:53: UserWarning: DataFrame columns are not unique, some columns will be omitted.
  prods = grp[grp['DTULTCOMP'] == dt][['FANTASIA', 'DESCRICAO']].drop_duplicates().to_dict('records')
g:\Meu Drive\offtrade\exportacao_meta.py:53: UserWarning: DataFrame columns are not unique, some columns will be omitted.
  prods = grp[grp['DTULTCOMP'] == dt][['FANTASIA', 'DESCRICAO']].drop_duplicates().to_dict('records')
g:\Meu Drive\offtrade\exportacao_meta.py:53: UserWarning: DataFrame columns are not unique, some columns will be omitted.
  prods = grp[grp['DTULTCOMP'] == dt][['FANTASIA', 'DESCRICAO']].drop_duplicates().to_dict('records')
g:\Meu Drive\offtrade\exportacao_meta.py:53: UserWarning: DataFrame columns are not unique, some columns will be omitted.
  prods = grp[grp['DTULTCOMP'] == dt][['FANTASIA', 'DESCRICAO']].drop_duplicates().to_dict('records')
g:\Meu Drive\offtrade\exportacao_meta.py:53: UserWarning: DataFrame columns are not unique, some columns will be omitted.
  prods = grp[grp['DTULTCOMP'] == dt][['FANTASIA', 'DESCRICAO']].drop_duplicates().to_dict('records')
g:\Meu Drive\offtrade\exportacao_meta.py:53: UserWarning: DataFrame columns are not unique, some columns will be omitted.
  prods = grp[grp['DTULTCOMP'] == dt][['FANTASIA', 'DESCRICAO']].drop_duplicates().to_dict('records')
g:\Meu Drive\offtrade\exportacao_meta.py:53: UserWarning: DataFrame columns are not unique, some columns will be omitted.
  prods = grp[grp['DTULTCOMP'] == dt][['FANTASIA', 'DESCRICAO']].drop_duplicates().to_dict('records')
g:\Meu Drive\offtrade\exportacao_meta.py:53: UserWarning: DataFrame columns are not unique, some columns will be omitted.
  prods = grp[grp['DTULTCOMP'] == dt][['FANTASIA', 'DESCRICAO']].drop_duplicates().to_dict('records')
g:\Meu Drive\offtrade\exportacao_meta.py:53: UserWarning: DataFrame columns are not unique, some columns will be omitted.
  prods = grp[grp['DTULTCOMP'] == dt][['FANTASIA', 'DESCRICAO']].drop_duplicates().to_dict('records')
g:\Meu Drive\offtrade\exportacao_meta.py:53: UserWarning: DataFrame columns are not unique, some columns will be omitted.
  prods = grp[grp['DTULTCOMP'] == dt][['FANTASIA', 'DESCRICAO']].drop_duplicates().to_dict('records')
g:\Meu Drive\offtrade\exportacao_meta.py:53: UserWarning: DataFrame columns are not unique, some columns will be omitted.
  prods = grp[grp['DTULTCOMP'] == dt][['FANTASIA', 'DESCRICAO']].drop_duplicates().to_dict('records')
g:\Meu Drive\offtrade\exportacao_meta.py:53: UserWarning: DataFrame columns are not unique, some columns will be omitted.
  prods = grp[grp['DTULTCOMP'] == dt][['FANTASIA', 'DESCRICAO']].drop_duplicates().to_dict('records')
g:\Meu Drive\offtrade\exportacao_meta.py:53: UserWarning: DataFrame columns are not unique, some columns will be omitted.
  prods = grp[grp['DTULTCOMP'] == dt][['FANTASIA', 'DESCRICAO']].drop_duplicates().to_dict('records')
g:\Meu Drive\offtrade\exportacao_meta.py:53: UserWarning: DataFrame columns are not unique, some columns will be omitted.
  prods = grp[grp['DTULTCOMP'] == dt][['FANTASIA', 'DESCRICAO']].drop_duplicates().to_dict('records')
g:\Meu Drive\offtrade\exportacao_meta.py:53: UserWarning: DataFrame columns are not unique, some columns will be omitted.
  prods = grp[grp['DTULTCOMP'] == dt][['FANTASIA', 'DESCRICAO']].drop_duplicates().to_dict('records')
g:\Meu Drive\offtrade\exportacao_meta.py:53: UserWarning: DataFrame columns are not unique, some columns will be omitted.
  prods = grp[grp['DTULTCOMP'] == dt][['FANTASIA', 'DESCRICAO']].drop_duplicates().to_dict('records')
g:\Meu Drive\offtrade\exportacao_meta.py:53: UserWarning: DataFrame columns are not unique, some columns will be omitted.
  prods = grp[grp['DTULTCOMP'] == dt][['FANTASIA', 'DESCRICAO']].drop_duplicates().to_dict('records')
g:\Meu Drive\offtrade\exportacao_meta.py:53: UserWarning: DataFrame columns are not unique, some columns will be omitted.
  prods = grp[grp['DTULTCOMP'] == dt][['FANTASIA', 'DESCRICAO']].drop_duplicates().to_dict('records')
g:\Meu Drive\offtrade\exportacao_meta.py:53: UserWarning: DataFrame columns are not unique, some columns will be omitted.
  prods = grp[grp['DTULTCOMP'] == dt][['FANTASIA', 'DESCRICAO']].drop_duplicates().to_dict('records')
g:\Meu Drive\offtrade\exportacao_meta.py:53: UserWarning: DataFrame columns are not unique, some columns will be omitted.
  prods = grp[grp['DTULTCOMP'] == dt][['FANTASIA', 'DESCRICAO']].drop_duplicates().to_dict('records')
g:\Meu Drive\offtrade\exportacao_meta.py:53: UserWarning: DataFrame columns are not unique, some columns will be omitted.
  prods = grp[grp['DTULTCOMP'] == dt][['FANTASIA', 'DESCRICAO']].drop_duplicates().to_dict('records')
g:\Meu Drive\offtrade\exportacao_meta.py:53: UserWarning: DataFrame columns are not unique, some columns will be omitted.
  prods = grp[grp['DTULTCOMP'] == dt][['FANTASIA', 'DESCRICAO']].drop_duplicates().to_dict('records')
g:\Meu Drive\offtrade\exportacao_meta.py:53: UserWarning: DataFrame columns are not unique, some columns will be omitted.
  prods = grp[grp['DTULTCOMP'] == dt][['FANTASIA', 'DESCRICAO']].drop_duplicates().to_dict('records')
g:\Meu Drive\offtrade\exportacao_meta.py:53: UserWarning: DataFrame columns are not unique, some columns will be omitted.
  prods = grp[grp['DTULTCOMP'] == dt][['FANTASIA', 'DESCRICAO']].drop_duplicates().to_dict('records')
g:\Meu Drive\offtrade\exportacao_meta.py:53: UserWarning: DataFrame columns are not unique, some columns will be omitted.
  prods = grp[grp['DTULTCOMP'] == dt][['FANTASIA', 'DESCRICAO']].drop_duplicates().to_dict('records')
g:\Meu Drive\offtrade\exportacao_meta.py:53: UserWarning: DataFrame columns are not unique, some columns will be omitted.
  prods = grp[grp['DTULTCOMP'] == dt][['FANTASIA', 'DESCRICAO']].drop_duplicates().to_dict('records')
g:\Meu Drive\offtrade\exportacao_meta.py:53: UserWarning: DataFrame columns are not unique, some columns will be omitted.
  prods = grp[grp['DTULTCOMP'] == dt][['FANTASIA', 'DESCRICAO']].drop_duplicates().to_dict('records')
g:\Meu Drive\offtrade\exportacao_meta.py:53: UserWarning: DataFrame columns are not unique, some columns will be omitted.
  prods = grp[grp['DTULTCOMP'] == dt][['FANTASIA', 'DESCRICAO']].drop_duplicates().to_dict('records')
g:\Meu Drive\offtrade\exportacao_meta.py:53: UserWarning: DataFrame columns are not unique, some columns will be omitted.
  prods = grp[grp['DTULTCOMP'] == dt][['FANTASIA', 'DESCRICAO']].drop_duplicates().to_dict('records')
g:\Meu Drive\offtrade\exportacao_meta.py:53: UserWarning: DataFrame columns are not unique, some columns will be omitted.
  prods = grp[grp['DTULTCOMP'] == dt][['FANTASIA', 'DESCRICAO']].drop_duplicates().to_dict('records')
g:\Meu Drive\offtrade\exportacao_meta.py:53: UserWarning: DataFrame columns are not unique, some columns will be omitted.
  prods = grp[grp['DTULTCOMP'] == dt][['FANTASIA', 'DESCRICAO']].drop_duplicates().to_dict('records')
g:\Meu Drive\offtrade\exportacao_meta.py:53: UserWarning: DataFrame columns are not unique, some columns will be omitted.
  prods = grp[grp['DTULTCOMP'] == dt][['FANTASIA', 'DESCRICAO']].drop_duplicates().to_dict('records')
g:\Meu Drive\offtrade\exportacao_meta.py:53: UserWarning: DataFrame columns are not unique, some columns will be omitted.
  prods = grp[grp['DTULTCOMP'] == dt][['FANTASIA', 'DESCRICAO']].drop_duplicates().to_dict('records')
g:\Meu Drive\offtrade\exportacao_meta.py:53: UserWarning: DataFrame columns are not unique, some columns will be omitted.
  prods = grp[grp['DTULTCOMP'] == dt][['FANTASIA', 'DESCRICAO']].drop_duplicates().to_dict('records')
g:\Meu Drive\offtrade\exportacao_meta.py:53: UserWarning: DataFrame columns are not unique, some columns will be omitted.
  prods = grp[grp['DTULTCOMP'] == dt][['FANTASIA', 'DESCRICAO']].drop_duplicates().to_dict('records')
g:\Meu Drive\offtrade\exportacao_meta.py:53: UserWarning: DataFrame columns are not unique, some columns will be omitted.
  prods = grp[grp['DTULTCOMP'] == dt][['FANTASIA', 'DESCRICAO']].drop_duplicates().to_dict('records')
g:\Meu Drive\offtrade\exportacao_meta.py:53: UserWarning: DataFrame columns are not unique, some columns will be omitted.
  prods = grp[grp['DTULTCOMP'] == dt][['FANTASIA', 'DESCRICAO']].drop_duplicates().to_dict('records')
g:\Meu Drive\offtrade\exportacao_meta.py:53: UserWarning: DataFrame columns are not unique, some columns will be omitted.
  prods = grp[grp['DTULTCOMP'] == dt][['FANTASIA', 'DESCRICAO']].drop_duplicates().to_dict('records')
g:\Meu Drive\offtrade\exportacao_meta.py:53: UserWarning: DataFrame columns are not unique, some columns will be omitted.
  prods = grp[grp['DTULTCOMP'] == dt][['FANTASIA', 'DESCRICAO']].drop_duplicates().to_dict('records')
g:\Meu Drive\offtrade\exportacao_meta.py:53: UserWarning: DataFrame columns are not unique, some columns will be omitted.
  prods = grp[grp['DTULTCOMP'] == dt][['FANTASIA', 'DESCRICAO']].drop_duplicates().to_dict('records')
g:\Meu Drive\offtrade\exportacao_meta.py:53: UserWarning: DataFrame columns are not unique, some columns will be omitted.
  prods = grp[grp['DTULTCOMP'] == dt][['FANTASIA', 'DESCRICAO']].drop_duplicates().to_dict('records')
g:\Meu Drive\offtrade\exportacao_meta.py:53: UserWarning: DataFrame columns are not unique, some columns will be omitted.
  prods = grp[grp['DTULTCOMP'] == dt][['FANTASIA', 'DESCRICAO']].drop_duplicates().to_dict('records')
g:\Meu Drive\offtrade\exportacao_meta.py:53: UserWarning: DataFrame columns are not unique, some columns will be omitted.
  prods = grp[grp['DTULTCOMP'] == dt][['FANTASIA', 'DESCRICAO']].drop_duplicates().to_dict('records')
g:\Meu Drive\offtrade\exportacao_meta.py:53: UserWarning: DataFrame columns are not unique, some columns will be omitted.
  prods = grp[grp['DTULTCOMP'] == dt][['FANTASIA', 'DESCRICAO']].drop_duplicates().to_dict('records')
g:\Meu Drive\offtrade\exportacao_meta.py:53: UserWarning: DataFrame columns are not unique, some columns will be omitted.
  prods = grp[grp['DTULTCOMP'] == dt][['FANTASIA', 'DESCRICAO']].drop_duplicates().to_dict('records')
g:\Meu Drive\offtrade\exportacao_meta.py:53: UserWarning: DataFrame columns are not unique, some columns will be omitted.
  prods = grp[grp['DTULTCOMP'] == dt][['FANTASIA', 'DESCRICAO']].drop_duplicates().to_dict('records')
g:\Meu Drive\offtrade\exportacao_meta.py:53: UserWarning: DataFrame columns are not unique, some columns will be omitted.
  prods = grp[grp['DTULTCOMP'] == dt][['FANTASIA', 'DESCRICAO']].drop_duplicates().to_dict('records')
g:\Meu Drive\offtrade\exportacao_meta.py:53: UserWarning: DataFrame columns are not unique, some columns will be omitted.
  prods = grp[grp['DTULTCOMP'] == dt][['FANTASIA', 'DESCRICAO']].drop_duplicates().to_dict('records')
g:\Meu Drive\offtrade\exportacao_meta.py:53: UserWarning: DataFrame columns are not unique, some columns will be omitted.
  prods = grp[grp['DTULTCOMP'] == dt][['FANTASIA', 'DESCRICAO']].drop_duplicates().to_dict('records')
g:\Meu Drive\offtrade\exportacao_meta.py:53: UserWarning: DataFrame columns are not unique, some columns will be omitted.
  prods = grp[grp['DTULTCOMP'] == dt][['FANTASIA', 'DESCRICAO']].drop_duplicates().to_dict('records')
g:\Meu Drive\offtrade\exportacao_meta.py:53: UserWarning: DataFrame columns are not unique, some columns will be omitted.
  prods = grp[grp['DTULTCOMP'] == dt][['FANTASIA', 'DESCRICAO']].drop_duplicates().to_dict('records')
g:\Meu Drive\offtrade\exportacao_meta.py:53: UserWarning: DataFrame columns are not unique, some columns will be omitted.
  prods = grp[grp['DTULTCOMP'] == dt][['FANTASIA', 'DESCRICAO']].drop_duplicates().to_dict('records')
g:\Meu Drive\offtrade\exportacao_meta.py:53: UserWarning: DataFrame columns are not unique, some columns will be omitted.
  prods = grp[grp['DTULTCOMP'] == dt][['FANTASIA', 'DESCRICAO']].drop_duplicates().to_dict('records')
g:\Meu Drive\offtrade\exportacao_meta.py:53: UserWarning: DataFrame columns are not unique, some columns will be omitted.
  prods = grp[grp['DTULTCOMP'] == dt][['FANTASIA', 'DESCRICAO']].drop_duplicates().to_dict('records')
g:\Meu Drive\offtrade\exportacao_meta.py:53: UserWarning: DataFrame columns are not unique, some columns will be omitted.
  prods = grp[grp['DTULTCOMP'] == dt][['FANTASIA', 'DESCRICAO']].drop_duplicates().to_dict('records')
g:\Meu Drive\offtrade\exportacao_meta.py:53: UserWarning: DataFrame columns are not unique, some columns will be omitted.
  prods = grp[grp['DTULTCOMP'] == dt][['FANTASIA', 'DESCRICAO']].drop_duplicates().to_dict('records')
g:\Meu Drive\offtrade\exportacao_meta.py:53: UserWarning: DataFrame columns are not unique, some columns will be omitted.
  prods = grp[grp['DTULTCOMP'] == dt][['FANTASIA', 'DESCRICAO']].drop_duplicates().to_dict('records')
g:\Meu Drive\offtrade\exportacao_meta.py:53: UserWarning: DataFrame columns are not unique, some columns will be omitted.
  prods = grp[grp['DTULTCOMP'] == dt][['FANTASIA', 'DESCRICAO']].drop_duplicates().to_dict('records')
g:\Meu Drive\offtrade\exportacao_meta.py:53: UserWarning: DataFrame columns are not unique, some columns will be omitted.
  prods = grp[grp['DTULTCOMP'] == dt][['FANTASIA', 'DESCRICAO']].drop_duplicates().to_dict('records')
g:\Meu Drive\offtrade\exportacao_meta.py:53: UserWarning: DataFrame columns are not unique, some columns will be omitted.
  prods = grp[grp['DTULTCOMP'] == dt][['FANTASIA', 'DESCRICAO']].drop_duplicates().to_dict('records')
g:\Meu Drive\offtrade\exportacao_meta.py:53: UserWarning: DataFrame columns are not unique, some columns will be omitted.
  prods = grp[grp['DTULTCOMP'] == dt][['FANTASIA', 'DESCRICAO']].drop_duplicates().to_dict('records')
g:\Meu Drive\offtrade\exportacao_meta.py:53: UserWarning: DataFrame columns are not unique, some columns will be omitted.
  prods = grp[grp['DTULTCOMP'] == dt][['FANTASIA', 'DESCRICAO']].drop_duplicates().to_dict('records')
g:\Meu Drive\offtrade\exportacao_meta.py:53: UserWarning: DataFrame columns are not unique, some columns will be omitted.
  prods = grp[grp['DTULTCOMP'] == dt][['FANTASIA', 'DESCRICAO']].drop_duplicates().to_dict('records')
g:\Meu Drive\offtrade\exportacao_meta.py:53: UserWarning: DataFrame columns are not unique, some columns will be omitted.
  prods = grp[grp['DTULTCOMP'] == dt][['FANTASIA', 'DESCRICAO']].drop_duplicates().to_dict('records')
g:\Meu Drive\offtrade\exportacao_meta.py:53: UserWarning: DataFrame columns are not unique, some columns will be omitted.
  prods = grp[grp['DTULTCOMP'] == dt][['FANTASIA', 'DESCRICAO']].drop_duplicates().to_dict('records')
g:\Meu Drive\offtrade\exportacao_meta.py:53: UserWarning: DataFrame columns are not unique, some columns will be omitted.
  prods = grp[grp['DTULTCOMP'] == dt][['FANTASIA', 'DESCRICAO']].drop_duplicates().to_dict('records')
g:\Meu Drive\offtrade\exportacao_meta.py:53: UserWarning: DataFrame columns are not unique, some columns will be omitted.
  prods = grp[grp['DTULTCOMP'] == dt][['FANTASIA', 'DESCRICAO']].drop_duplicates().to_dict('records')
g:\Meu Drive\offtrade\exportacao_meta.py:53: UserWarning: DataFrame columns are not unique, some columns will be omitted.
  prods = grp[grp['DTULTCOMP'] == dt][['FANTASIA', 'DESCRICAO']].drop_duplicates().to_dict('records')
g:\Meu Drive\offtrade\exportacao_meta.py:53: UserWarning: DataFrame columns are not unique, some columns will be omitted.
  prods = grp[grp['DTULTCOMP'] == dt][['FANTASIA', 'DESCRICAO']].drop_duplicates().to_dict('records')
g:\Meu Drive\offtrade\exportacao_meta.py:53: UserWarning: DataFrame columns are not unique, some columns will be omitted.
  prods = grp[grp['DTULTCOMP'] == dt][['FANTASIA', 'DESCRICAO']].drop_duplicates().to_dict('records')
g:\Meu Drive\offtrade\exportacao_meta.py:53: UserWarning: DataFrame columns are not unique, some columns will be omitted.
  prods = grp[grp['DTULTCOMP'] == dt][['FANTASIA', 'DESCRICAO']].drop_duplicates().to_dict('records')
g:\Meu Drive\offtrade\exportacao_meta.py:53: UserWarning: DataFrame columns are not unique, some columns will be omitted.
  prods = grp[grp['DTULTCOMP'] == dt][['FANTASIA', 'DESCRICAO']].drop_duplicates().to_dict('records')
g:\Meu Drive\offtrade\exportacao_meta.py:53: UserWarning: DataFrame columns are not unique, some columns will be omitted.
  prods = grp[grp['DTULTCOMP'] == dt][['FANTASIA', 'DESCRICAO']].drop_duplicates().to_dict('records')
g:\Meu Drive\offtrade\exportacao_meta.py:53: UserWarning: DataFrame columns are not unique, some columns will be omitted.
  prods = grp[grp['DTULTCOMP'] == dt][['FANTASIA', 'DESCRICAO']].drop_duplicates().to_dict('records')
g:\Meu Drive\offtrade\exportacao_meta.py:53: UserWarning: DataFrame columns are not unique, some columns will be omitted.
  prods = grp[grp['DTULTCOMP'] == dt][['FANTASIA', 'DESCRICAO']].drop_duplicates().to_dict('records')
g:\Meu Drive\offtrade\exportacao_meta.py:53: UserWarning: DataFrame columns are not unique, some columns will be omitted.
  prods = grp[grp['DTULTCOMP'] == dt][['FANTASIA', 'DESCRICAO']].drop_duplicates().to_dict('records')
g:\Meu Drive\offtrade\exportacao_meta.py:53: UserWarning: DataFrame columns are not unique, some columns will be omitted.
  prods = grp[grp['DTULTCOMP'] == dt][['FANTASIA', 'DESCRICAO']].drop_duplicates().to_dict('records')
g:\Meu Drive\offtrade\exportacao_meta.py:53: UserWarning: DataFrame columns are not unique, some columns will be omitted.
  prods = grp[grp['DTULTCOMP'] == dt][['FANTASIA', 'DESCRICAO']].drop_duplicates().to_dict('records')
g:\Meu Drive\offtrade\exportacao_meta.py:53: UserWarning: DataFrame columns are not unique, some columns will be omitted.
  prods = grp[grp['DTULTCOMP'] == dt][['FANTASIA', 'DESCRICAO']].drop_duplicates().to_dict('records')
g:\Meu Drive\offtrade\exportacao_meta.py:53: UserWarning: DataFrame columns are not unique, some columns will be omitted.
  prods = grp[grp['DTULTCOMP'] == dt][['FANTASIA', 'DESCRICAO']].drop_duplicates().to_dict('records')
g:\Meu Drive\offtrade\exportacao_meta.py:53: UserWarning: DataFrame columns are not unique, some columns will be omitted.
  prods = grp[grp['DTULTCOMP'] == dt][['FANTASIA', 'DESCRICAO']].drop_duplicates().to_dict('records')
g:\Meu Drive\offtrade\exportacao_meta.py:53: UserWarning: DataFrame columns are not unique, some columns will be omitted.
  prods = grp[grp['DTULTCOMP'] == dt][['FANTASIA', 'DESCRICAO']].drop_duplicates().to_dict('records')
g:\Meu Drive\offtrade\exportacao_meta.py:53: UserWarning: DataFrame columns are not unique, some columns will be omitted.
  prods = grp[grp['DTULTCOMP'] == dt][['FANTASIA', 'DESCRICAO']].drop_duplicates().to_dict('records')
g:\Meu Drive\offtrade\exportacao_meta.py:53: UserWarning: DataFrame columns are not unique, some columns will be omitted.
  prods = grp[grp['DTULTCOMP'] == dt][['FANTASIA', 'DESCRICAO']].drop_duplicates().to_dict('records')
g:\Meu Drive\offtrade\exportacao_meta.py:53: UserWarning: DataFrame columns are not unique, some columns will be omitted.
  prods = grp[grp['DTULTCOMP'] == dt][['FANTASIA', 'DESCRICAO']].drop_duplicates().to_dict('records')
g:\Meu Drive\offtrade\exportacao_meta.py:53: UserWarning: DataFrame columns are not unique, some columns will be omitted.
  prods = grp[grp['DTULTCOMP'] == dt][['FANTASIA', 'DESCRICAO']].drop_duplicates().to_dict('records')
g:\Meu Drive\offtrade\exportacao_meta.py:53: UserWarning: DataFrame columns are not unique, some columns will be omitted.
  prods = grp[grp['DTULTCOMP'] == dt][['FANTASIA', 'DESCRICAO']].drop_duplicates().to_dict('records')
g:\Meu Drive\offtrade\exportacao_meta.py:53: UserWarning: DataFrame columns are not unique, some columns will be omitted.
  prods = grp[grp['DTULTCOMP'] == dt][['FANTASIA', 'DESCRICAO']].drop_duplicates().to_dict('records')
g:\Meu Drive\offtrade\exportacao_meta.py:53: UserWarning: DataFrame columns are not unique, some columns will be omitted.
  prods = grp[grp['DTULTCOMP'] == dt][['FANTASIA', 'DESCRICAO']].drop_duplicates().to_dict('records')
g:\Meu Drive\offtrade\exportacao_meta.py:53: UserWarning: DataFrame columns are not unique, some columns will be omitted.
  prods = grp[grp['DTULTCOMP'] == dt][['FANTASIA', 'DESCRICAO']].drop_duplicates().to_dict('records')
g:\Meu Drive\offtrade\exportacao_meta.py:53: UserWarning: DataFrame columns are not unique, some columns will be omitted.
  prods = grp[grp['DTULTCOMP'] == dt][['FANTASIA', 'DESCRICAO']].drop_duplicates().to_dict('records')
g:\Meu Drive\offtrade\exportacao_meta.py:53: UserWarning: DataFrame columns are not unique, some columns will be omitted.
  prods = grp[grp['DTULTCOMP'] == dt][['FANTASIA', 'DESCRICAO']].drop_duplicates().to_dict('records')
g:\Meu Drive\offtrade\exportacao_meta.py:53: UserWarning: DataFrame columns are not unique, some columns will be omitted.
  prods = grp[grp['DTULTCOMP'] == dt][['FANTASIA', 'DESCRICAO']].drop_duplicates().to_dict('records')
g:\Meu Drive\offtrade\exportacao_meta.py:53: UserWarning: DataFrame columns are not unique, some columns will be omitted.
  prods = grp[grp['DTULTCOMP'] == dt][['FANTASIA', 'DESCRICAO']].drop_duplicates().to_dict('records')
g:\Meu Drive\offtrade\exportacao_meta.py:53: UserWarning: DataFrame columns are not unique, some columns will be omitted.
  prods = grp[grp['DTULTCOMP'] == dt][['FANTASIA', 'DESCRICAO']].drop_duplicates().to_dict('records')
g:\Meu Drive\offtrade\exportacao_meta.py:53: UserWarning: DataFrame columns are not unique, some columns will be omitted.
  prods = grp[grp['DTULTCOMP'] == dt][['FANTASIA', 'DESCRICAO']].drop_duplicates().to_dict('records')
g:\Meu Drive\offtrade\exportacao_meta.py:53: UserWarning: DataFrame columns are not unique, some columns will be omitted.
  prods = grp[grp['DTULTCOMP'] == dt][['FANTASIA', 'DESCRICAO']].drop_duplicates().to_dict('records')
g:\Meu Drive\offtrade\exportacao_meta.py:53: UserWarning: DataFrame columns are not unique, some columns will be omitted.
  prods = grp[grp['DTULTCOMP'] == dt][['FANTASIA', 'DESCRICAO']].drop_duplicates().to_dict('records')
g:\Meu Drive\offtrade\exportacao_meta.py:53: UserWarning: DataFrame columns are not unique, some columns will be omitted.
  prods = grp[grp['DTULTCOMP'] == dt][['FANTASIA', 'DESCRICAO']].drop_duplicates().to_dict('records')
g:\Meu Drive\offtrade\exportacao_meta.py:53: UserWarning: DataFrame columns are not unique, some columns will be omitted.
  prods = grp[grp['DTULTCOMP'] == dt][['FANTASIA', 'DESCRICAO']].drop_duplicates().to_dict('records')
g:\Meu Drive\offtrade\exportacao_meta.py:53: UserWarning: DataFrame columns are not unique, some columns will be omitted.
  prods = grp[grp['DTULTCOMP'] == dt][['FANTASIA', 'DESCRICAO']].drop_duplicates().to_dict('records')
g:\Meu Drive\offtrade\exportacao_meta.py:53: UserWarning: DataFrame columns are not unique, some columns will be omitted.
  prods = grp[grp['DTULTCOMP'] == dt][['FANTASIA', 'DESCRICAO']].drop_duplicates().to_dict('records')
g:\Meu Drive\offtrade\exportacao_meta.py:53: UserWarning: DataFrame columns are not unique, some columns will be omitted.
  prods = grp[grp['DTULTCOMP'] == dt][['FANTASIA', 'DESCRICAO']].drop_duplicates().to_dict('records')
g:\Meu Drive\offtrade\exportacao_meta.py:53: UserWarning: DataFrame columns are not unique, some columns will be omitted.
  prods = grp[grp['DTULTCOMP'] == dt][['FANTASIA', 'DESCRICAO']].drop_duplicates().to_dict('records')
g:\Meu Drive\offtrade\exportacao_meta.py:53: UserWarning: DataFrame columns are not unique, some columns will be omitted.
  prods = grp[grp['DTULTCOMP'] == dt][['FANTASIA', 'DESCRICAO']].drop_duplicates().to_dict('records')
g:\Meu Drive\offtrade\exportacao_meta.py:53: UserWarning: DataFrame columns are not unique, some columns will be omitted.
  prods = grp[grp['DTULTCOMP'] == dt][['FANTASIA', 'DESCRICAO']].drop_duplicates().to_dict('records')
g:\Meu Drive\offtrade\exportacao_meta.py:53: UserWarning: DataFrame columns are not unique, some columns will be omitted.
  prods = grp[grp['DTULTCOMP'] == dt][['FANTASIA', 'DESCRICAO']].drop_duplicates().to_dict('records')
g:\Meu Drive\offtrade\exportacao_meta.py:53: UserWarning: DataFrame columns are not unique, some columns will be omitted.
  prods = grp[grp['DTULTCOMP'] == dt][['FANTASIA', 'DESCRICAO']].drop_duplicates().to_dict('records')
g:\Meu Drive\offtrade\exportacao_meta.py:53: UserWarning: DataFrame columns are not unique, some columns will be omitted.
  prods = grp[grp['DTULTCOMP'] == dt][['FANTASIA', 'DESCRICAO']].drop_duplicates().to_dict('records')
g:\Meu Drive\offtrade\exportacao_meta.py:53: UserWarning: DataFrame columns are not unique, some columns will be omitted.
  prods = grp[grp['DTULTCOMP'] == dt][['FANTASIA', 'DESCRICAO']].drop_duplicates().to_dict('records')
g:\Meu Drive\offtrade\exportacao_meta.py:53: UserWarning: DataFrame columns are not unique, some columns will be omitted.
  prods = grp[grp['DTULTCOMP'] == dt][['FANTASIA', 'DESCRICAO']].drop_duplicates().to_dict('records')
g:\Meu Drive\offtrade\exportacao_meta.py:53: UserWarning: DataFrame columns are not unique, some columns will be omitted.
  prods = grp[grp['DTULTCOMP'] == dt][['FANTASIA', 'DESCRICAO']].drop_duplicates().to_dict('records')
g:\Meu Drive\offtrade\exportacao_meta.py:53: UserWarning: DataFrame columns are not unique, some columns will be omitted.
  prods = grp[grp['DTULTCOMP'] == dt][['FANTASIA', 'DESCRICAO']].drop_duplicates().to_dict('records')
g:\Meu Drive\offtrade\exportacao_meta.py:53: UserWarning: DataFrame columns are not unique, some columns will be omitted.
  prods = grp[grp['DTULTCOMP'] == dt][['FANTASIA', 'DESCRICAO']].drop_duplicates().to_dict('records')
g:\Meu Drive\offtrade\exportacao_meta.py:53: UserWarning: DataFrame columns are not unique, some columns will be omitted.
  prods = grp[grp['DTULTCOMP'] == dt][['FANTASIA', 'DESCRICAO']].drop_duplicates().to_dict('records')
g:\Meu Drive\offtrade\exportacao_meta.py:53: UserWarning: DataFrame columns are not unique, some columns will be omitted.
  prods = grp[grp['DTULTCOMP'] == dt][['FANTASIA', 'DESCRICAO']].drop_duplicates().to_dict('records')
g:\Meu Drive\offtrade\exportacao_meta.py:53: UserWarning: DataFrame columns are not unique, some columns will be omitted.
  prods = grp[grp['DTULTCOMP'] == dt][['FANTASIA', 'DESCRICAO']].drop_duplicates().to_dict('records')
g:\Meu Drive\offtrade\exportacao_meta.py:53: UserWarning: DataFrame columns are not unique, some columns will be omitted.
  prods = grp[grp['DTULTCOMP'] == dt][['FANTASIA', 'DESCRICAO']].drop_duplicates().to_dict('records')
g:\Meu Drive\offtrade\exportacao_meta.py:53: UserWarning: DataFrame columns are not unique, some columns will be omitted.
  prods = grp[grp['DTULTCOMP'] == dt][['FANTASIA', 'DESCRICAO']].drop_duplicates().to_dict('records')
g:\Meu Drive\offtrade\exportacao_meta.py:53: UserWarning: DataFrame columns are not unique, some columns will be omitted.
  prods = grp[grp['DTULTCOMP'] == dt][['FANTASIA', 'DESCRICAO']].drop_duplicates().to_dict('records')
g:\Meu Drive\offtrade\exportacao_meta.py:53: UserWarning: DataFrame columns are not unique, some columns will be omitted.
  prods = grp[grp['DTULTCOMP'] == dt][['FANTASIA', 'DESCRICAO']].drop_duplicates().to_dict('records')
g:\Meu Drive\offtrade\exportacao_meta.py:53: UserWarning: DataFrame columns are not unique, some columns will be omitted.
  prods = grp[grp['DTULTCOMP'] == dt][['FANTASIA', 'DESCRICAO']].drop_duplicates().to_dict('records')
g:\Meu Drive\offtrade\exportacao_meta.py:53: UserWarning: DataFrame columns are not unique, some columns will be omitted.
  prods = grp[grp['DTULTCOMP'] == dt][['FANTASIA', 'DESCRICAO']].drop_duplicates().to_dict('records')
g:\Meu Drive\offtrade\exportacao_meta.py:53: UserWarning: DataFrame columns are not unique, some columns will be omitted.
  prods = grp[grp['DTULTCOMP'] == dt][['FANTASIA', 'DESCRICAO']].drop_duplicates().to_dict('records')
g:\Meu Drive\offtrade\exportacao_meta.py:53: UserWarning: DataFrame columns are not unique, some columns will be omitted.
  prods = grp[grp['DTULTCOMP'] == dt][['FANTASIA', 'DESCRICAO']].drop_duplicates().to_dict('records')
g:\Meu Drive\offtrade\exportacao_meta.py:53: UserWarning: DataFrame columns are not unique, some columns will be omitted.
  prods = grp[grp['DTULTCOMP'] == dt][['FANTASIA', 'DESCRICAO']].drop_duplicates().to_dict('records')
g:\Meu Drive\offtrade\exportacao_meta.py:53: UserWarning: DataFrame columns are not unique, some columns will be omitted.
  prods = grp[grp['DTULTCOMP'] == dt][['FANTASIA', 'DESCRICAO']].drop_duplicates().to_dict('records')
g:\Meu Drive\offtrade\exportacao_meta.py:53: UserWarning: DataFrame columns are not unique, some columns will be omitted.
  prods = grp[grp['DTULTCOMP'] == dt][['FANTASIA', 'DESCRICAO']].drop_duplicates().to_dict('records')
g:\Meu Drive\offtrade\exportacao_meta.py:53: UserWarning: DataFrame columns are not unique, some columns will be omitted.
  prods = grp[grp['DTULTCOMP'] == dt][['FANTASIA', 'DESCRICAO']].drop_duplicates().to_dict('records')
g:\Meu Drive\offtrade\exportacao_meta.py:53: UserWarning: DataFrame columns are not unique, some columns will be omitted.
  prods = grp[grp['DTULTCOMP'] == dt][['FANTASIA', 'DESCRICAO']].drop_duplicates().to_dict('records')
g:\Meu Drive\offtrade\exportacao_meta.py:53: UserWarning: DataFrame columns are not unique, some columns will be omitted.
  prods = grp[grp['DTULTCOMP'] == dt][['FANTASIA', 'DESCRICAO']].drop_duplicates().to_dict('records')
g:\Meu Drive\offtrade\exportacao_meta.py:53: UserWarning: DataFrame columns are not unique, some columns will be omitted.
  prods = grp[grp['DTULTCOMP'] == dt][['FANTASIA', 'DESCRICAO']].drop_duplicates().to_dict('records')
g:\Meu Drive\offtrade\exportacao_meta.py:53: UserWarning: DataFrame columns are not unique, some columns will be omitted.
  prods = grp[grp['DTULTCOMP'] == dt][['FANTASIA', 'DESCRICAO']].drop_duplicates().to_dict('records')
g:\Meu Drive\offtrade\exportacao_meta.py:53: UserWarning: DataFrame columns are not unique, some columns will be omitted.
  prods = grp[grp['DTULTCOMP'] == dt][['FANTASIA', 'DESCRICAO']].drop_duplicates().to_dict('records')
g:\Meu Drive\offtrade\exportacao_meta.py:53: UserWarning: DataFrame columns are not unique, some columns will be omitted.
  prods = grp[grp['DTULTCOMP'] == dt][['FANTASIA', 'DESCRICAO']].drop_duplicates().to_dict('records')
g:\Meu Drive\offtrade\exportacao_meta.py:53: UserWarning: DataFrame columns are not unique, some columns will be omitted.
  prods = grp[grp['DTULTCOMP'] == dt][['FANTASIA', 'DESCRICAO']].drop_duplicates().to_dict('records')
g:\Meu Drive\offtrade\exportacao_meta.py:53: UserWarning: DataFrame columns are not unique, some columns will be omitted.
  prods = grp[grp['DTULTCOMP'] == dt][['FANTASIA', 'DESCRICAO']].drop_duplicates().to_dict('records')
g:\Meu Drive\offtrade\exportacao_meta.py:53: UserWarning: DataFrame columns are not unique, some columns will be omitted.
  prods = grp[grp['DTULTCOMP'] == dt][['FANTASIA', 'DESCRICAO']].drop_duplicates().to_dict('records')
g:\Meu Drive\offtrade\exportacao_meta.py:53: UserWarning: DataFrame columns are not unique, some columns will be omitted.
  prods = grp[grp['DTULTCOMP'] == dt][['FANTASIA', 'DESCRICAO']].drop_duplicates().to_dict('records')
g:\Meu Drive\offtrade\exportacao_meta.py:53: UserWarning: DataFrame columns are not unique, some columns will be omitted.
  prods = grp[grp['DTULTCOMP'] == dt][['FANTASIA', 'DESCRICAO']].drop_duplicates().to_dict('records')
g:\Meu Drive\offtrade\exportacao_meta.py:53: UserWarning: DataFrame columns are not unique, some columns will be omitted.
  prods = grp[grp['DTULTCOMP'] == dt][['FANTASIA', 'DESCRICAO']].drop_duplicates().to_dict('records')
g:\Meu Drive\offtrade\exportacao_meta.py:53: UserWarning: DataFrame columns are not unique, some columns will be omitted.
  prods = grp[grp['DTULTCOMP'] == dt][['FANTASIA', 'DESCRICAO']].drop_duplicates().to_dict('records')
g:\Meu Drive\offtrade\exportacao_meta.py:53: UserWarning: DataFrame columns are not unique, some columns will be omitted.
  prods = grp[grp['DTULTCOMP'] == dt][['FANTASIA', 'DESCRICAO']].drop_duplicates().to_dict('records')
g:\Meu Drive\offtrade\exportacao_meta.py:53: UserWarning: DataFrame columns are not unique, some columns will be omitted.
  prods = grp[grp['DTULTCOMP'] == dt][['FANTASIA', 'DESCRICAO']].drop_duplicates().to_dict('records')
g:\Meu Drive\offtrade\exportacao_meta.py:53: UserWarning: DataFrame columns are not unique, some columns will be omitted.
  prods = grp[grp['DTULTCOMP'] == dt][['FANTASIA', 'DESCRICAO']].drop_duplicates().to_dict('records')
g:\Meu Drive\offtrade\exportacao_meta.py:53: UserWarning: DataFrame columns are not unique, some columns will be omitted.
  prods = grp[grp['DTULTCOMP'] == dt][['FANTASIA', 'DESCRICAO']].drop_duplicates().to_dict('records')
g:\Meu Drive\offtrade\exportacao_meta.py:53: UserWarning: DataFrame columns are not unique, some columns will be omitted.
  prods = grp[grp['DTULTCOMP'] == dt][['FANTASIA', 'DESCRICAO']].drop_duplicates().to_dict('records')
g:\Meu Drive\offtrade\exportacao_meta.py:53: UserWarning: DataFrame columns are not unique, some columns will be omitted.
  prods = grp[grp['DTULTCOMP'] == dt][['FANTASIA', 'DESCRICAO']].drop_duplicates().to_dict('records')
g:\Meu Drive\offtrade\exportacao_meta.py:53: UserWarning: DataFrame columns are not unique, some columns will be omitted.
  prods = grp[grp['DTULTCOMP'] == dt][['FANTASIA', 'DESCRICAO']].drop_duplicates().to_dict('records')
g:\Meu Drive\offtrade\exportacao_meta.py:53: UserWarning: DataFrame columns are not unique, some columns will be omitted.
  prods = grp[grp['DTULTCOMP'] == dt][['FANTASIA', 'DESCRICAO']].drop_duplicates().to_dict('records')
g:\Meu Drive\offtrade\exportacao_meta.py:53: UserWarning: DataFrame columns are not unique, some columns will be omitted.
  prods = grp[grp['DTULTCOMP'] == dt][['FANTASIA', 'DESCRICAO']].drop_duplicates().to_dict('records')
g:\Meu Drive\offtrade\exportacao_meta.py:53: UserWarning: DataFrame columns are not unique, some columns will be omitted.
  prods = grp[grp['DTULTCOMP'] == dt][['FANTASIA', 'DESCRICAO']].drop_duplicates().to_dict('records')
g:\Meu Drive\offtrade\exportacao_meta.py:53: UserWarning: DataFrame columns are not unique, some columns will be omitted.
  prods = grp[grp['DTULTCOMP'] == dt][['FANTASIA', 'DESCRICAO']].drop_duplicates().to_dict('records')
g:\Meu Drive\offtrade\exportacao_meta.py:53: UserWarning: DataFrame columns are not unique, some columns will be omitted.
  prods = grp[grp['DTULTCOMP'] == dt][['FANTASIA', 'DESCRICAO']].drop_duplicates().to_dict('records')
g:\Meu Drive\offtrade\exportacao_meta.py:53: UserWarning: DataFrame columns are not unique, some columns will be omitted.
  prods = grp[grp['DTULTCOMP'] == dt][['FANTASIA', 'DESCRICAO']].drop_duplicates().to_dict('records')
g:\Meu Drive\offtrade\exportacao_meta.py:53: UserWarning: DataFrame columns are not unique, some columns will be omitted.
  prods = grp[grp['DTULTCOMP'] == dt][['FANTASIA', 'DESCRICAO']].drop_duplicates().to_dict('records')
g:\Meu Drive\offtrade\exportacao_meta.py:53: UserWarning: DataFrame columns are not unique, some columns will be omitted.
  prods = grp[grp['DTULTCOMP'] == dt][['FANTASIA', 'DESCRICAO']].drop_duplicates().to_dict('records')
g:\Meu Drive\offtrade\exportacao_meta.py:53: UserWarning: DataFrame columns are not unique, some columns will be omitted.
  prods = grp[grp['DTULTCOMP'] == dt][['FANTASIA', 'DESCRICAO']].drop_duplicates().to_dict('records')
g:\Meu Drive\offtrade\exportacao_meta.py:53: UserWarning: DataFrame columns are not unique, some columns will be omitted.
  prods = grp[grp['DTULTCOMP'] == dt][['FANTASIA', 'DESCRICAO']].drop_duplicates().to_dict('records')
g:\Meu Drive\offtrade\exportacao_meta.py:53: UserWarning: DataFrame columns are not unique, some columns will be omitted.
  prods = grp[grp['DTULTCOMP'] == dt][['FANTASIA', 'DESCRICAO']].drop_duplicates().to_dict('records')
g:\Meu Drive\offtrade\exportacao_meta.py:53: UserWarning: DataFrame columns are not unique, some columns will be omitted.
  prods = grp[grp['DTULTCOMP'] == dt][['FANTASIA', 'DESCRICAO']].drop_duplicates().to_dict('records')
g:\Meu Drive\offtrade\exportacao_meta.py:53: UserWarning: DataFrame columns are not unique, some columns will be omitted.
  prods = grp[grp['DTULTCOMP'] == dt][['FANTASIA', 'DESCRICAO']].drop_duplicates().to_dict('records')
g:\Meu Drive\offtrade\exportacao_meta.py:53: UserWarning: DataFrame columns are not unique, some columns will be omitted.
  prods = grp[grp['DTULTCOMP'] == dt][['FANTASIA', 'DESCRICAO']].drop_duplicates().to_dict('records')
g:\Meu Drive\offtrade\exportacao_meta.py:53: UserWarning: DataFrame columns are not unique, some columns will be omitted.
  prods = grp[grp['DTULTCOMP'] == dt][['FANTASIA', 'DESCRICAO']].drop_duplicates().to_dict('records')
g:\Meu Drive\offtrade\exportacao_meta.py:53: UserWarning: DataFrame columns are not unique, some columns will be omitted.
  prods = grp[grp['DTULTCOMP'] == dt][['FANTASIA', 'DESCRICAO']].drop_duplicates().to_dict('records')
g:\Meu Drive\offtrade\exportacao_meta.py:53: UserWarning: DataFrame columns are not unique, some columns will be omitted.
  prods = grp[grp['DTULTCOMP'] == dt][['FANTASIA', 'DESCRICAO']].drop_duplicates().to_dict('records')
g:\Meu Drive\offtrade\exportacao_meta.py:53: UserWarning: DataFrame columns are not unique, some columns will be omitted.
  prods = grp[grp['DTULTCOMP'] == dt][['FANTASIA', 'DESCRICAO']].drop_duplicates().to_dict('records')
g:\Meu Drive\offtrade\exportacao_meta.py:53: UserWarning: DataFrame columns are not unique, some columns will be omitted.
  prods = grp[grp['DTULTCOMP'] == dt][['FANTASIA', 'DESCRICAO']].drop_duplicates().to_dict('records')
g:\Meu Drive\offtrade\exportacao_meta.py:53: UserWarning: DataFrame columns are not unique, some columns will be omitted.
  prods = grp[grp['DTULTCOMP'] == dt][['FANTASIA', 'DESCRICAO']].drop_duplicates().to_dict('records')
g:\Meu Drive\offtrade\exportacao_meta.py:53: UserWarning: DataFrame columns are not unique, some columns will be omitted.
  prods = grp[grp['DTULTCOMP'] == dt][['FANTASIA', 'DESCRICAO']].drop_duplicates().to_dict('records')
g:\Meu Drive\offtrade\exportacao_meta.py:53: UserWarning: DataFrame columns are not unique, some columns will be omitted.
  prods = grp[grp['DTULTCOMP'] == dt][['FANTASIA', 'DESCRICAO']].drop_duplicates().to_dict('records')
g:\Meu Drive\offtrade\exportacao_meta.py:53: UserWarning: DataFrame columns are not unique, some columns will be omitted.
  prods = grp[grp['DTULTCOMP'] == dt][['FANTASIA', 'DESCRICAO']].drop_duplicates().to_dict('records')
g:\Meu Drive\offtrade\exportacao_meta.py:53: UserWarning: DataFrame columns are not unique, some columns will be omitted.
  prods = grp[grp['DTULTCOMP'] == dt][['FANTASIA', 'DESCRICAO']].drop_duplicates().to_dict('records')
g:\Meu Drive\offtrade\exportacao_meta.py:53: UserWarning: DataFrame columns are not unique, some columns will be omitted.
  prods = grp[grp['DTULTCOMP'] == dt][['FANTASIA', 'DESCRICAO']].drop_duplicates().to_dict('records')
g:\Meu Drive\offtrade\exportacao_meta.py:53: UserWarning: DataFrame columns are not unique, some columns will be omitted.
  prods = grp[grp['DTULTCOMP'] == dt][['FANTASIA', 'DESCRICAO']].drop_duplicates().to_dict('records')
g:\Meu Drive\offtrade\exportacao_meta.py:53: UserWarning: DataFrame columns are not unique, some columns will be omitted.
  prods = grp[grp['DTULTCOMP'] == dt][['FANTASIA', 'DESCRICAO']].drop_duplicates().to_dict('records')
g:\Meu Drive\offtrade\exportacao_meta.py:53: UserWarning: DataFrame columns are not unique, some columns will be omitted.
  prods = grp[grp['DTULTCOMP'] == dt][['FANTASIA', 'DESCRICAO']].drop_duplicates().to_dict('records')
g:\Meu Drive\offtrade\exportacao_meta.py:53: UserWarning: DataFrame columns are not unique, some columns will be omitted.
  prods = grp[grp['DTULTCOMP'] == dt][['FANTASIA', 'DESCRICAO']].drop_duplicates().to_dict('records')
g:\Meu Drive\offtrade\exportacao_meta.py:53: UserWarning: DataFrame columns are not unique, some columns will be omitted.
  prods = grp[grp['DTULTCOMP'] == dt][['FANTASIA', 'DESCRICAO']].drop_duplicates().to_dict('records')
g:\Meu Drive\offtrade\exportacao_meta.py:53: UserWarning: DataFrame columns are not unique, some columns will be omitted.
  prods = grp[grp['DTULTCOMP'] == dt][['FANTASIA', 'DESCRICAO']].drop_duplicates().to_dict('records')
g:\Meu Drive\offtrade\exportacao_meta.py:53: UserWarning: DataFrame columns are not unique, some columns will be omitted.
  prods = grp[grp['DTULTCOMP'] == dt][['FANTASIA', 'DESCRICAO']].drop_duplicates().to_dict('records')
g:\Meu Drive\offtrade\exportacao_meta.py:53: UserWarning: DataFrame columns are not unique, some columns will be omitted.
  prods = grp[grp['DTULTCOMP'] == dt][['FANTASIA', 'DESCRICAO']].drop_duplicates().to_dict('records')
g:\Meu Drive\offtrade\exportacao_meta.py:53: UserWarning: DataFrame columns are not unique, some columns will be omitted.
  prods = grp[grp['DTULTCOMP'] == dt][['FANTASIA', 'DESCRICAO']].drop_duplicates().to_dict('records')
g:\Meu Drive\offtrade\exportacao_meta.py:53: UserWarning: DataFrame columns are not unique, some columns will be omitted.
  prods = grp[grp['DTULTCOMP'] == dt][['FANTASIA', 'DESCRICAO']].drop_duplicates().to_dict('records')
g:\Meu Drive\offtrade\exportacao_meta.py:53: UserWarning: DataFrame columns are not unique, some columns will be omitted.
  prods = grp[grp['DTULTCOMP'] == dt][['FANTASIA', 'DESCRICAO']].drop_duplicates().to_dict('records')
g:\Meu Drive\offtrade\exportacao_meta.py:53: UserWarning: DataFrame columns are not unique, some columns will be omitted.
  prods = grp[grp['DTULTCOMP'] == dt][['FANTASIA', 'DESCRICAO']].drop_duplicates().to_dict('records')
g:\Meu Drive\offtrade\exportacao_meta.py:53: UserWarning: DataFrame columns are not unique, some columns will be omitted.
  prods = grp[grp['DTULTCOMP'] == dt][['FANTASIA', 'DESCRICAO']].drop_duplicates().to_dict('records')
g:\Meu Drive\offtrade\exportacao_meta.py:53: UserWarning: DataFrame columns are not unique, some columns will be omitted.
  prods = grp[grp['DTULTCOMP'] == dt][['FANTASIA', 'DESCRICAO']].drop_duplicates().to_dict('records')
g:\Meu Drive\offtrade\exportacao_meta.py:53: UserWarning: DataFrame columns are not unique, some columns will be omitted.
  prods = grp[grp['DTULTCOMP'] == dt][['FANTASIA', 'DESCRICAO']].drop_duplicates().to_dict('records')
g:\Meu Drive\offtrade\exportacao_meta.py:53: UserWarning: DataFrame columns are not unique, some columns will be omitted.
  prods = grp[grp['DTULTCOMP'] == dt][['FANTASIA', 'DESCRICAO']].drop_duplicates().to_dict('records')
g:\Meu Drive\offtrade\exportacao_meta.py:53: UserWarning: DataFrame columns are not unique, some columns will be omitted.
  prods = grp[grp['DTULTCOMP'] == dt][['FANTASIA', 'DESCRICAO']].drop_duplicates().to_dict('records')
g:\Meu Drive\offtrade\exportacao_meta.py:53: UserWarning: DataFrame columns are not unique, some columns will be omitted.
  prods = grp[grp['DTULTCOMP'] == dt][['FANTASIA', 'DESCRICAO']].drop_duplicates().to_dict('records')
g:\Meu Drive\offtrade\exportacao_meta.py:53: UserWarning: DataFrame columns are not unique, some columns will be omitted.
  prods = grp[grp['DTULTCOMP'] == dt][['FANTASIA', 'DESCRICAO']].drop_duplicates().to_dict('records')
g:\Meu Drive\offtrade\exportacao_meta.py:53: UserWarning: DataFrame columns are not unique, some columns will be omitted.
  prods = grp[grp['DTULTCOMP'] == dt][['FANTASIA', 'DESCRICAO']].drop_duplicates().to_dict('records')
g:\Meu Drive\offtrade\exportacao_meta.py:53: UserWarning: DataFrame columns are not unique, some columns will be omitted.
  prods = grp[grp['DTULTCOMP'] == dt][['FANTASIA', 'DESCRICAO']].drop_duplicates().to_dict('records')
g:\Meu Drive\offtrade\exportacao_meta.py:53: UserWarning: DataFrame columns are not unique, some columns will be omitted.
  prods = grp[grp['DTULTCOMP'] == dt][['FANTASIA', 'DESCRICAO']].drop_duplicates().to_dict('records')
g:\Meu Drive\offtrade\exportacao_meta.py:53: UserWarning: DataFrame columns are not unique, some columns will be omitted.
  prods = grp[grp['DTULTCOMP'] == dt][['FANTASIA', 'DESCRICAO']].drop_duplicates().to_dict('records')
g:\Meu Drive\offtrade\exportacao_meta.py:53: UserWarning: DataFrame columns are not unique, some columns will be omitted.
  prods = grp[grp['DTULTCOMP'] == dt][['FANTASIA', 'DESCRICAO']].drop_duplicates().to_dict('records')
g:\Meu Drive\offtrade\exportacao_meta.py:53: UserWarning: DataFrame columns are not unique, some columns will be omitted.
  prods = grp[grp['DTULTCOMP'] == dt][['FANTASIA', 'DESCRICAO']].drop_duplicates().to_dict('records')
g:\Meu Drive\offtrade\exportacao_meta.py:53: UserWarning: DataFrame columns are not unique, some columns will be omitted.
  prods = grp[grp['DTULTCOMP'] == dt][['FANTASIA', 'DESCRICAO']].drop_duplicates().to_dict('records')
g:\Meu Drive\offtrade\exportacao_meta.py:53: UserWarning: DataFrame columns are not unique, some columns will be omitted.
  prods = grp[grp['DTULTCOMP'] == dt][['FANTASIA', 'DESCRICAO']].drop_duplicates().to_dict('records')
g:\Meu Drive\offtrade\exportacao_meta.py:53: UserWarning: DataFrame columns are not unique, some columns will be omitted.
  prods = grp[grp['DTULTCOMP'] == dt][['FANTASIA', 'DESCRICAO']].drop_duplicates().to_dict('records')
g:\Meu Drive\offtrade\exportacao_meta.py:53: UserWarning: DataFrame columns are not unique, some columns will be omitted.
  prods = grp[grp['DTULTCOMP'] == dt][['FANTASIA', 'DESCRICAO']].drop_duplicates().to_dict('records')
g:\Meu Drive\offtrade\exportacao_meta.py:53: UserWarning: DataFrame columns are not unique, some columns will be omitted.
  prods = grp[grp['DTULTCOMP'] == dt][['FANTASIA', 'DESCRICAO']].drop_duplicates().to_dict('records')
g:\Meu Drive\offtrade\exportacao_meta.py:53: UserWarning: DataFrame columns are not unique, some columns will be omitted.
  prods = grp[grp['DTULTCOMP'] == dt][['FANTASIA', 'DESCRICAO']].drop_duplicates().to_dict('records')
g:\Meu Drive\offtrade\exportacao_meta.py:53: UserWarning: DataFrame columns are not unique, some columns will be omitted.
  prods = grp[grp['DTULTCOMP'] == dt][['FANTASIA', 'DESCRICAO']].drop_duplicates().to_dict('records')
g:\Meu Drive\offtrade\exportacao_meta.py:53: UserWarning: DataFrame columns are not unique, some columns will be omitted.
  prods = grp[grp['DTULTCOMP'] == dt][['FANTASIA', 'DESCRICAO']].drop_duplicates().to_dict('records')
g:\Meu Drive\offtrade\exportacao_meta.py:53: UserWarning: DataFrame columns are not unique, some columns will be omitted.
  prods = grp[grp['DTULTCOMP'] == dt][['FANTASIA', 'DESCRICAO']].drop_duplicates().to_dict('records')
g:\Meu Drive\offtrade\exportacao_meta.py:53: UserWarning: DataFrame columns are not unique, some columns will be omitted.
  prods = grp[grp['DTULTCOMP'] == dt][['FANTASIA', 'DESCRICAO']].drop_duplicates().to_dict('records')
g:\Meu Drive\offtrade\exportacao_meta.py:53: UserWarning: DataFrame columns are not unique, some columns will be omitted.
  prods = grp[grp['DTULTCOMP'] == dt][['FANTASIA', 'DESCRICAO']].drop_duplicates().to_dict('records')
g:\Meu Drive\offtrade\exportacao_meta.py:53: UserWarning: DataFrame columns are not unique, some columns will be omitted.
  prods = grp[grp['DTULTCOMP'] == dt][['FANTASIA', 'DESCRICAO']].drop_duplicates().to_dict('records')
g:\Meu Drive\offtrade\exportacao_meta.py:53: UserWarning: DataFrame columns are not unique, some columns will be omitted.
  prods = grp[grp['DTULTCOMP'] == dt][['FANTASIA', 'DESCRICAO']].drop_duplicates().to_dict('records')
g:\Meu Drive\offtrade\exportacao_meta.py:53: UserWarning: DataFrame columns are not unique, some columns will be omitted.
  prods = grp[grp['DTULTCOMP'] == dt][['FANTASIA', 'DESCRICAO']].drop_duplicates().to_dict('records')
g:\Meu Drive\offtrade\exportacao_meta.py:53: UserWarning: DataFrame columns are not unique, some columns will be omitted.
  prods = grp[grp['DTULTCOMP'] == dt][['FANTASIA', 'DESCRICAO']].drop_duplicates().to_dict('records')
g:\Meu Drive\offtrade\exportacao_meta.py:53: UserWarning: DataFrame columns are not unique, some columns will be omitted.
  prods = grp[grp['DTULTCOMP'] == dt][['FANTASIA', 'DESCRICAO']].drop_duplicates().to_dict('records')
g:\Meu Drive\offtrade\exportacao_meta.py:53: UserWarning: DataFrame columns are not unique, some columns will be omitted.
  prods = grp[grp['DTULTCOMP'] == dt][['FANTASIA', 'DESCRICAO']].drop_duplicates().to_dict('records')
g:\Meu Drive\offtrade\exportacao_meta.py:53: UserWarning: DataFrame columns are not unique, some columns will be omitted.
  prods = grp[grp['DTULTCOMP'] == dt][['FANTASIA', 'DESCRICAO']].drop_duplicates().to_dict('records')
g:\Meu Drive\offtrade\exportacao_meta.py:53: UserWarning: DataFrame columns are not unique, some columns will be omitted.
  prods = grp[grp['DTULTCOMP'] == dt][['FANTASIA', 'DESCRICAO']].drop_duplicates().to_dict('records')
g:\Meu Drive\offtrade\exportacao_meta.py:53: UserWarning: DataFrame columns are not unique, some columns will be omitted.
  prods = grp[grp['DTULTCOMP'] == dt][['FANTASIA', 'DESCRICAO']].drop_duplicates().to_dict('records')
g:\Meu Drive\offtrade\exportacao_meta.py:53: UserWarning: DataFrame columns are not unique, some columns will be omitted.
  prods = grp[grp['DTULTCOMP'] == dt][['FANTASIA', 'DESCRICAO']].drop_duplicates().to_dict('records')
g:\Meu Drive\offtrade\exportacao_meta.py:53: UserWarning: DataFrame columns are not unique, some columns will be omitted.
  prods = grp[grp['DTULTCOMP'] == dt][['FANTASIA', 'DESCRICAO']].drop_duplicates().to_dict('records')
g:\Meu Drive\offtrade\exportacao_meta.py:53: UserWarning: DataFrame columns are not unique, some columns will be omitted.
  prods = grp[grp['DTULTCOMP'] == dt][['FANTASIA', 'DESCRICAO']].drop_duplicates().to_dict('records')
g:\Meu Drive\offtrade\exportacao_meta.py:53: UserWarning: DataFrame columns are not unique, some columns will be omitted.
  prods = grp[grp['DTULTCOMP'] == dt][['FANTASIA', 'DESCRICAO']].drop_duplicates().to_dict('records')
g:\Meu Drive\offtrade\exportacao_meta.py:53: UserWarning: DataFrame columns are not unique, some columns will be omitted.
  prods = grp[grp['DTULTCOMP'] == dt][['FANTASIA', 'DESCRICAO']].drop_duplicates().to_dict('records')
g:\Meu Drive\offtrade\exportacao_meta.py:53: UserWarning: DataFrame columns are not unique, some columns will be omitted.
  prods = grp[grp['DTULTCOMP'] == dt][['FANTASIA', 'DESCRICAO']].drop_duplicates().to_dict('records')
g:\Meu Drive\offtrade\exportacao_meta.py:53: UserWarning: DataFrame columns are not unique, some columns will be omitted.
  prods = grp[grp['DTULTCOMP'] == dt][['FANTASIA', 'DESCRICAO']].drop_duplicates().to_dict('records')
g:\Meu Drive\offtrade\exportacao_meta.py:53: UserWarning: DataFrame columns are not unique, some columns will be omitted.
  prods = grp[grp['DTULTCOMP'] == dt][['FANTASIA', 'DESCRICAO']].drop_duplicates().to_dict('records')
g:\Meu Drive\offtrade\exportacao_meta.py:53: UserWarning: DataFrame columns are not unique, some columns will be omitted.
  prods = grp[grp['DTULTCOMP'] == dt][['FANTASIA', 'DESCRICAO']].drop_duplicates().to_dict('records')
g:\Meu Drive\offtrade\exportacao_meta.py:53: UserWarning: DataFrame columns are not unique, some columns will be omitted.
  prods = grp[grp['DTULTCOMP'] == dt][['FANTASIA', 'DESCRICAO']].drop_duplicates().to_dict('records')
g:\Meu Drive\offtrade\exportacao_meta.py:53: UserWarning: DataFrame columns are not unique, some columns will be omitted.
  prods = grp[grp['DTULTCOMP'] == dt][['FANTASIA', 'DESCRICAO']].drop_duplicates().to_dict('records')
g:\Meu Drive\offtrade\exportacao_meta.py:53: UserWarning: DataFrame columns are not unique, some columns will be omitted.
  prods = grp[grp['DTULTCOMP'] == dt][['FANTASIA', 'DESCRICAO']].drop_duplicates().to_dict('records')
g:\Meu Drive\offtrade\exportacao_meta.py:53: UserWarning: DataFrame columns are not unique, some columns will be omitted.
  prods = grp[grp['DTULTCOMP'] == dt][['FANTASIA', 'DESCRICAO']].drop_duplicates().to_dict('records')
g:\Meu Drive\offtrade\exportacao_meta.py:53: UserWarning: DataFrame columns are not unique, some columns will be omitted.
  prods = grp[grp['DTULTCOMP'] == dt][['FANTASIA', 'DESCRICAO']].drop_duplicates().to_dict('records')
g:\Meu Drive\offtrade\exportacao_meta.py:53: UserWarning: DataFrame columns are not unique, some columns will be omitted.
  prods = grp[grp['DTULTCOMP'] == dt][['FANTASIA', 'DESCRICAO']].drop_duplicates().to_dict('records')
g:\Meu Drive\offtrade\exportacao_meta.py:53: UserWarning: DataFrame columns are not unique, some columns will be omitted.
  prods = grp[grp['DTULTCOMP'] == dt][['FANTASIA', 'DESCRICAO']].drop_duplicates().to_dict('records')
g:\Meu Drive\offtrade\exportacao_meta.py:53: UserWarning: DataFrame columns are not unique, some columns will be omitted.
  prods = grp[grp['DTULTCOMP'] == dt][['FANTASIA', 'DESCRICAO']].drop_duplicates().to_dict('records')
g:\Meu Drive\offtrade\exportacao_meta.py:53: UserWarning: DataFrame columns are not unique, some columns will be omitted.
  prods = grp[grp['DTULTCOMP'] == dt][['FANTASIA', 'DESCRICAO']].drop_duplicates().to_dict('records')
g:\Meu Drive\offtrade\exportacao_meta.py:53: UserWarning: DataFrame columns are not unique, some columns will be omitted.
  prods = grp[grp['DTULTCOMP'] == dt][['FANTASIA', 'DESCRICAO']].drop_duplicates().to_dict('records')
g:\Meu Drive\offtrade\exportacao_meta.py:53: UserWarning: DataFrame columns are not unique, some columns will be omitted.
  prods = grp[grp['DTULTCOMP'] == dt][['FANTASIA', 'DESCRICAO']].drop_duplicates().to_dict('records')
g:\Meu Drive\offtrade\exportacao_meta.py:53: UserWarning: DataFrame columns are not unique, some columns will be omitted.
  prods = grp[grp['DTULTCOMP'] == dt][['FANTASIA', 'DESCRICAO']].drop_duplicates().to_dict('records')
g:\Meu Drive\offtrade\exportacao_meta.py:53: UserWarning: DataFrame columns are not unique, some columns will be omitted.
  prods = grp[grp['DTULTCOMP'] == dt][['FANTASIA', 'DESCRICAO']].drop_duplicates().to_dict('records')
g:\Meu Drive\offtrade\exportacao_meta.py:53: UserWarning: DataFrame columns are not unique, some columns will be omitted.
  prods = grp[grp['DTULTCOMP'] == dt][['FANTASIA', 'DESCRICAO']].drop_duplicates().to_dict('records')
g:\Meu Drive\offtrade\exportacao_meta.py:53: UserWarning: DataFrame columns are not unique, some columns will be omitted.
  prods = grp[grp['DTULTCOMP'] == dt][['FANTASIA', 'DESCRICAO']].drop_duplicates().to_dict('records')
g:\Meu Drive\offtrade\exportacao_meta.py:53: UserWarning: DataFrame columns are not unique, some columns will be omitted.
  prods = grp[grp['DTULTCOMP'] == dt][['FANTASIA', 'DESCRICAO']].drop_duplicates().to_dict('records')
g:\Meu Drive\offtrade\exportacao_meta.py:53: UserWarning: DataFrame columns are not unique, some columns will be omitted.
  prods = grp[grp['DTULTCOMP'] == dt][['FANTASIA', 'DESCRICAO']].drop_duplicates().to_dict('records')
g:\Meu Drive\offtrade\exportacao_meta.py:53: UserWarning: DataFrame columns are not unique, some columns will be omitted.
  prods = grp[grp['DTULTCOMP'] == dt][['FANTASIA', 'DESCRICAO']].drop_duplicates().to_dict('records')
g:\Meu Drive\offtrade\exportacao_meta.py:53: UserWarning: DataFrame columns are not unique, some columns will be omitted.
  prods = grp[grp['DTULTCOMP'] == dt][['FANTASIA', 'DESCRICAO']].drop_duplicates().to_dict('records')
g:\Meu Drive\offtrade\exportacao_meta.py:53: UserWarning: DataFrame columns are not unique, some columns will be omitted.
  prods = grp[grp['DTULTCOMP'] == dt][['FANTASIA', 'DESCRICAO']].drop_duplicates().to_dict('records')
g:\Meu Drive\offtrade\exportacao_meta.py:53: UserWarning: DataFrame columns are not unique, some columns will be omitted.
  prods = grp[grp['DTULTCOMP'] == dt][['FANTASIA', 'DESCRICAO']].drop_duplicates().to_dict('records')
g:\Meu Drive\offtrade\exportacao_meta.py:53: UserWarning: DataFrame columns are not unique, some columns will be omitted.
  prods = grp[grp['DTULTCOMP'] == dt][['FANTASIA', 'DESCRICAO']].drop_duplicates().to_dict('records')
g:\Meu Drive\offtrade\exportacao_meta.py:53: UserWarning: DataFrame columns are not unique, some columns will be omitted.
  prods = grp[grp['DTULTCOMP'] == dt][['FANTASIA', 'DESCRICAO']].drop_duplicates().to_dict('records')
g:\Meu Drive\offtrade\exportacao_meta.py:53: UserWarning: DataFrame columns are not unique, some columns will be omitted.
  prods = grp[grp['DTULTCOMP'] == dt][['FANTASIA', 'DESCRICAO']].drop_duplicates().to_dict('records')
g:\Meu Drive\offtrade\exportacao_meta.py:53: UserWarning: DataFrame columns are not unique, some columns will be omitted.
  prods = grp[grp['DTULTCOMP'] == dt][['FANTASIA', 'DESCRICAO']].drop_duplicates().to_dict('records')
g:\Meu Drive\offtrade\exportacao_meta.py:53: UserWarning: DataFrame columns are not unique, some columns will be omitted.
  prods = grp[grp['DTULTCOMP'] == dt][['FANTASIA', 'DESCRICAO']].drop_duplicates().to_dict('records')
g:\Meu Drive\offtrade\exportacao_meta.py:53: UserWarning: DataFrame columns are not unique, some columns will be omitted.
  prods = grp[grp['DTULTCOMP'] == dt][['FANTASIA', 'DESCRICAO']].drop_duplicates().to_dict('records')
g:\Meu Drive\offtrade\exportacao_meta.py:53: UserWarning: DataFrame columns are not unique, some columns will be omitted.
  prods = grp[grp['DTULTCOMP'] == dt][['FANTASIA', 'DESCRICAO']].drop_duplicates().to_dict('records')
g:\Meu Drive\offtrade\exportacao_meta.py:53: UserWarning: DataFrame columns are not unique, some columns will be omitted.
  prods = grp[grp['DTULTCOMP'] == dt][['FANTASIA', 'DESCRICAO']].drop_duplicates().to_dict('records')
g:\Meu Drive\offtrade\exportacao_meta.py:53: UserWarning: DataFrame columns are not unique, some columns will be omitted.
  prods = grp[grp['DTULTCOMP'] == dt][['FANTASIA', 'DESCRICAO']].drop_duplicates().to_dict('records')
g:\Meu Drive\offtrade\exportacao_meta.py:53: UserWarning: DataFrame columns are not unique, some columns will be omitted.
  prods = grp[grp['DTULTCOMP'] == dt][['FANTASIA', 'DESCRICAO']].drop_duplicates().to_dict('records')
g:\Meu Drive\offtrade\exportacao_meta.py:53: UserWarning: DataFrame columns are not unique, some columns will be omitted.
  prods = grp[grp['DTULTCOMP'] == dt][['FANTASIA', 'DESCRICAO']].drop_duplicates().to_dict('records')
g:\Meu Drive\offtrade\exportacao_meta.py:53: UserWarning: DataFrame columns are not unique, some columns will be omitted.
  prods = grp[grp['DTULTCOMP'] == dt][['FANTASIA', 'DESCRICAO']].drop_duplicates().to_dict('records')
g:\Meu Drive\offtrade\exportacao_meta.py:53: UserWarning: DataFrame columns are not unique, some columns will be omitted.
  prods = grp[grp['DTULTCOMP'] == dt][['FANTASIA', 'DESCRICAO']].drop_duplicates().to_dict('records')
g:\Meu Drive\offtrade\exportacao_meta.py:53: UserWarning: DataFrame columns are not unique, some columns will be omitted.
  prods = grp[grp['DTULTCOMP'] == dt][['FANTASIA', 'DESCRICAO']].drop_duplicates().to_dict('records')
g:\Meu Drive\offtrade\exportacao_meta.py:53: UserWarning: DataFrame columns are not unique, some columns will be omitted.
  prods = grp[grp['DTULTCOMP'] == dt][['FANTASIA', 'DESCRICAO']].drop_duplicates().to_dict('records')
g:\Meu Drive\offtrade\exportacao_meta.py:53: UserWarning: DataFrame columns are not unique, some columns will be omitted.
  prods = grp[grp['DTULTCOMP'] == dt][['FANTASIA', 'DESCRICAO']].drop_duplicates().to_dict('records')
g:\Meu Drive\offtrade\exportacao_meta.py:53: UserWarning: DataFrame columns are not unique, some columns will be omitted.
  prods = grp[grp['DTULTCOMP'] == dt][['FANTASIA', 'DESCRICAO']].drop_duplicates().to_dict('records')
g:\Meu Drive\offtrade\exportacao_meta.py:53: UserWarning: DataFrame columns are not unique, some columns will be omitted.
  prods = grp[grp['DTULTCOMP'] == dt][['FANTASIA', 'DESCRICAO']].drop_duplicates().to_dict('records')
g:\Meu Drive\offtrade\exportacao_meta.py:53: UserWarning: DataFrame columns are not unique, some columns will be omitted.
  prods = grp[grp['DTULTCOMP'] == dt][['FANTASIA', 'DESCRICAO']].drop_duplicates().to_dict('records')
g:\Meu Drive\offtrade\exportacao_meta.py:53: UserWarning: DataFrame columns are not unique, some columns will be omitted.
  prods = grp[grp['DTULTCOMP'] == dt][['FANTASIA', 'DESCRICAO']].drop_duplicates().to_dict('records')
g:\Meu Drive\offtrade\exportacao_meta.py:53: UserWarning: DataFrame columns are not unique, some columns will be omitted.
  prods = grp[grp['DTULTCOMP'] == dt][['FANTASIA', 'DESCRICAO']].drop_duplicates().to_dict('records')
g:\Meu Drive\offtrade\exportacao_meta.py:53: UserWarning: DataFrame columns are not unique, some columns will be omitted.
  prods = grp[grp['DTULTCOMP'] == dt][['FANTASIA', 'DESCRICAO']].drop_duplicates().to_dict('records')
g:\Meu Drive\offtrade\exportacao_meta.py:53: UserWarning: DataFrame columns are not unique, some columns will be omitted.
  prods = grp[grp['DTULTCOMP'] == dt][['FANTASIA', 'DESCRICAO']].drop_duplicates().to_dict('records')
g:\Meu Drive\offtrade\exportacao_meta.py:53: UserWarning: DataFrame columns are not unique, some columns will be omitted.
  prods = grp[grp['DTULTCOMP'] == dt][['FANTASIA', 'DESCRICAO']].drop_duplicates().to_dict('records')
g:\Meu Drive\offtrade\exportacao_meta.py:53: UserWarning: DataFrame columns are not unique, some columns will be omitted.
  prods = grp[grp['DTULTCOMP'] == dt][['FANTASIA', 'DESCRICAO']].drop_duplicates().to_dict('records')
g:\Meu Drive\offtrade\exportacao_meta.py:53: UserWarning: DataFrame columns are not unique, some columns will be omitted.
  prods = grp[grp['DTULTCOMP'] == dt][['FANTASIA', 'DESCRICAO']].drop_duplicates().to_dict('records')
g:\Meu Drive\offtrade\exportacao_meta.py:53: UserWarning: DataFrame columns are not unique, some columns will be omitted.
  prods = grp[grp['DTULTCOMP'] == dt][['FANTASIA', 'DESCRICAO']].drop_duplicates().to_dict('records')
g:\Meu Drive\offtrade\exportacao_meta.py:53: UserWarning: DataFrame columns are not unique, some columns will be omitted.
  prods = grp[grp['DTULTCOMP'] == dt][['FANTASIA', 'DESCRICAO']].drop_duplicates().to_dict('records')
g:\Meu Drive\offtrade\exportacao_meta.py:53: UserWarning: DataFrame columns are not unique, some columns will be omitted.
  prods = grp[grp['DTULTCOMP'] == dt][['FANTASIA', 'DESCRICAO']].drop_duplicates().to_dict('records')
g:\Meu Drive\offtrade\exportacao_meta.py:53: UserWarning: DataFrame columns are not unique, some columns will be omitted.
  prods = grp[grp['DTULTCOMP'] == dt][['FANTASIA', 'DESCRICAO']].drop_duplicates().to_dict('records')
g:\Meu Drive\offtrade\exportacao_meta.py:53: UserWarning: DataFrame columns are not unique, some columns will be omitted.
  prods = grp[grp['DTULTCOMP'] == dt][['FANTASIA', 'DESCRICAO']].drop_duplicates().to_dict('records')
g:\Meu Drive\offtrade\exportacao_meta.py:53: UserWarning: DataFrame columns are not unique, some columns will be omitted.
  prods = grp[grp['DTULTCOMP'] == dt][['FANTASIA', 'DESCRICAO']].drop_duplicates().to_dict('records')
g:\Meu Drive\offtrade\exportacao_meta.py:53: UserWarning: DataFrame columns are not unique, some columns will be omitted.
  prods = grp[grp['DTULTCOMP'] == dt][['FANTASIA', 'DESCRICAO']].drop_duplicates().to_dict('records')
g:\Meu Drive\offtrade\exportacao_meta.py:53: UserWarning: DataFrame columns are not unique, some columns will be omitted.
  prods = grp[grp['DTULTCOMP'] == dt][['FANTASIA', 'DESCRICAO']].drop_duplicates().to_dict('records')
g:\Meu Drive\offtrade\exportacao_meta.py:53: UserWarning: DataFrame columns are not unique, some columns will be omitted.
  prods = grp[grp['DTULTCOMP'] == dt][['FANTASIA', 'DESCRICAO']].drop_duplicates().to_dict('records')
g:\Meu Drive\offtrade\exportacao_meta.py:53: UserWarning: DataFrame columns are not unique, some columns will be omitted.
  prods = grp[grp['DTULTCOMP'] == dt][['FANTASIA', 'DESCRICAO']].drop_duplicates().to_dict('records')
g:\Meu Drive\offtrade\exportacao_meta.py:53: UserWarning: DataFrame columns are not unique, some columns will be omitted.
  prods = grp[grp['DTULTCOMP'] == dt][['FANTASIA', 'DESCRICAO']].drop_duplicates().to_dict('records')
g:\Meu Drive\offtrade\exportacao_meta.py:53: UserWarning: DataFrame columns are not unique, some columns will be omitted.
  prods = grp[grp['DTULTCOMP'] == dt][['FANTASIA', 'DESCRICAO']].drop_duplicates().to_dict('records')
g:\Meu Drive\offtrade\exportacao_meta.py:53: UserWarning: DataFrame columns are not unique, some columns will be omitted.
  prods = grp[grp['DTULTCOMP'] == dt][['FANTASIA', 'DESCRICAO']].drop_duplicates().to_dict('records')
g:\Meu Drive\offtrade\exportacao_meta.py:53: UserWarning: DataFrame columns are not unique, some columns will be omitted.
  prods = grp[grp['DTULTCOMP'] == dt][['FANTASIA', 'DESCRICAO']].drop_duplicates().to_dict('records')
g:\Meu Drive\offtrade\exportacao_meta.py:53: UserWarning: DataFrame columns are not unique, some columns will be omitted.
  prods = grp[grp['DTULTCOMP'] == dt][['FANTASIA', 'DESCRICAO']].drop_duplicates().to_dict('records')
g:\Meu Drive\offtrade\exportacao_meta.py:53: UserWarning: DataFrame columns are not unique, some columns will be omitted.
  prods = grp[grp['DTULTCOMP'] == dt][['FANTASIA', 'DESCRICAO']].drop_duplicates().to_dict('records')
g:\Meu Drive\offtrade\exportacao_meta.py:53: UserWarning: DataFrame columns are not unique, some columns will be omitted.
  prods = grp[grp['DTULTCOMP'] == dt][['FANTASIA', 'DESCRICAO']].drop_duplicates().to_dict('records')
g:\Meu Drive\offtrade\exportacao_meta.py:53: UserWarning: DataFrame columns are not unique, some columns will be omitted.
  prods = grp[grp['DTULTCOMP'] == dt][['FANTASIA', 'DESCRICAO']].drop_duplicates().to_dict('records')
g:\Meu Drive\offtrade\exportacao_meta.py:53: UserWarning: DataFrame columns are not unique, some columns will be omitted.
  prods = grp[grp['DTULTCOMP'] == dt][['FANTASIA', 'DESCRICAO']].drop_duplicates().to_dict('records')
g:\Meu Drive\offtrade\exportacao_meta.py:53: UserWarning: DataFrame columns are not unique, some columns will be omitted.
  prods = grp[grp['DTULTCOMP'] == dt][['FANTASIA', 'DESCRICAO']].drop_duplicates().to_dict('records')
g:\Meu Drive\offtrade\exportacao_meta.py:53: UserWarning: DataFrame columns are not unique, some columns will be omitted.
  prods = grp[grp['DTULTCOMP'] == dt][['FANTASIA', 'DESCRICAO']].drop_duplicates().to_dict('records')
g:\Meu Drive\offtrade\exportacao_meta.py:53: UserWarning: DataFrame columns are not unique, some columns will be omitted.
  prods = grp[grp['DTULTCOMP'] == dt][['FANTASIA', 'DESCRICAO']].drop_duplicates().to_dict('records')
g:\Meu Drive\offtrade\exportacao_meta.py:53: UserWarning: DataFrame columns are not unique, some columns will be omitted.
  prods = grp[grp['DTULTCOMP'] == dt][['FANTASIA', 'DESCRICAO']].drop_duplicates().to_dict('records')
g:\Meu Drive\offtrade\exportacao_meta.py:53: UserWarning: DataFrame columns are not unique, some columns will be omitted.
  prods = grp[grp['DTULTCOMP'] == dt][['FANTASIA', 'DESCRICAO']].drop_duplicates().to_dict('records')
g:\Meu Drive\offtrade\exportacao_meta.py:53: UserWarning: DataFrame columns are not unique, some columns will be omitted.
  prods = grp[grp['DTULTCOMP'] == dt][['FANTASIA', 'DESCRICAO']].drop_duplicates().to_dict('records')
g:\Meu Drive\offtrade\exportacao_meta.py:53: UserWarning: DataFrame columns are not unique, some columns will be omitted.
  prods = grp[grp['DTULTCOMP'] == dt][['FANTASIA', 'DESCRICAO']].drop_duplicates().to_dict('records')
g:\Meu Drive\offtrade\exportacao_meta.py:53: UserWarning: DataFrame columns are not unique, some columns will be omitted.
  prods = grp[grp['DTULTCOMP'] == dt][['FANTASIA', 'DESCRICAO']].drop_duplicates().to_dict('records')
g:\Meu Drive\offtrade\exportacao_meta.py:53: UserWarning: DataFrame columns are not unique, some columns will be omitted.
  prods = grp[grp['DTULTCOMP'] == dt][['FANTASIA', 'DESCRICAO']].drop_duplicates().to_dict('records')
g:\Meu Drive\offtrade\exportacao_meta.py:53: UserWarning: DataFrame columns are not unique, some columns will be omitted.
  prods = grp[grp['DTULTCOMP'] == dt][['FANTASIA', 'DESCRICAO']].drop_duplicates().to_dict('records')
g:\Meu Drive\offtrade\exportacao_meta.py:53: UserWarning: DataFrame columns are not unique, some columns will be omitted.
  prods = grp[grp['DTULTCOMP'] == dt][['FANTASIA', 'DESCRICAO']].drop_duplicates().to_dict('records')
g:\Meu Drive\offtrade\exportacao_meta.py:53: UserWarning: DataFrame columns are not unique, some columns will be omitted.
  prods = grp[grp['DTULTCOMP'] == dt][['FANTASIA', 'DESCRICAO']].drop_duplicates().to_dict('records')
g:\Meu Drive\offtrade\exportacao_meta.py:53: UserWarning: DataFrame columns are not unique, some columns will be omitted.
  prods = grp[grp['DTULTCOMP'] == dt][['FANTASIA', 'DESCRICAO']].drop_duplicates().to_dict('records')
g:\Meu Drive\offtrade\exportacao_meta.py:53: UserWarning: DataFrame columns are not unique, some columns will be omitted.
  prods = grp[grp['DTULTCOMP'] == dt][['FANTASIA', 'DESCRICAO']].drop_duplicates().to_dict('records')
g:\Meu Drive\offtrade\exportacao_meta.py:53: UserWarning: DataFrame columns are not unique, some columns will be omitted.
  prods = grp[grp['DTULTCOMP'] == dt][['FANTASIA', 'DESCRICAO']].drop_duplicates().to_dict('records')
g:\Meu Drive\offtrade\exportacao_meta.py:53: UserWarning: DataFrame columns are not unique, some columns will be omitted.
  prods = grp[grp['DTULTCOMP'] == dt][['FANTASIA', 'DESCRICAO']].drop_duplicates().to_dict('records')
g:\Meu Drive\offtrade\exportacao_meta.py:53: UserWarning: DataFrame columns are not unique, some columns will be omitted.
  prods = grp[grp['DTULTCOMP'] == dt][['FANTASIA', 'DESCRICAO']].drop_duplicates().to_dict('records')
g:\Meu Drive\offtrade\exportacao_meta.py:53: UserWarning: DataFrame columns are not unique, some columns will be omitted.
  prods = grp[grp['DTULTCOMP'] == dt][['FANTASIA', 'DESCRICAO']].drop_duplicates().to_dict('records')
g:\Meu Drive\offtrade\exportacao_meta.py:53: UserWarning: DataFrame columns are not unique, some columns will be omitted.
  prods = grp[grp['DTULTCOMP'] == dt][['FANTASIA', 'DESCRICAO']].drop_duplicates().to_dict('records')
g:\Meu Drive\offtrade\exportacao_meta.py:53: UserWarning: DataFrame columns are not unique, some columns will be omitted.
  prods = grp[grp['DTULTCOMP'] == dt][['FANTASIA', 'DESCRICAO']].drop_duplicates().to_dict('records')
g:\Meu Drive\offtrade\exportacao_meta.py:53: UserWarning: DataFrame columns are not unique, some columns will be omitted.
  prods = grp[grp['DTULTCOMP'] == dt][['FANTASIA', 'DESCRICAO']].drop_duplicates().to_dict('records')
g:\Meu Drive\offtrade\exportacao_meta.py:53: UserWarning: DataFrame columns are not unique, some columns will be omitted.
  prods = grp[grp['DTULTCOMP'] == dt][['FANTASIA', 'DESCRICAO']].drop_duplicates().to_dict('records')
g:\Meu Drive\offtrade\exportacao_meta.py:53: UserWarning: DataFrame columns are not unique, some columns will be omitted.
  prods = grp[grp['DTULTCOMP'] == dt][['FANTASIA', 'DESCRICAO']].drop_duplicates().to_dict('records')
g:\Meu Drive\offtrade\exportacao_meta.py:53: UserWarning: DataFrame columns are not unique, some columns will be omitted.
  prods = grp[grp['DTULTCOMP'] == dt][['FANTASIA', 'DESCRICAO']].drop_duplicates().to_dict('records')
g:\Meu Drive\offtrade\exportacao_meta.py:53: UserWarning: DataFrame columns are not unique, some columns will be omitted.
  prods = grp[grp['DTULTCOMP'] == dt][['FANTASIA', 'DESCRICAO']].drop_duplicates().to_dict('records')
g:\Meu Drive\offtrade\exportacao_meta.py:53: UserWarning: DataFrame columns are not unique, some columns will be omitted.
  prods = grp[grp['DTULTCOMP'] == dt][['FANTASIA', 'DESCRICAO']].drop_duplicates().to_dict('records')
g:\Meu Drive\offtrade\exportacao_meta.py:53: UserWarning: DataFrame columns are not unique, some columns will be omitted.
  prods = grp[grp['DTULTCOMP'] == dt][['FANTASIA', 'DESCRICAO']].drop_duplicates().to_dict('records')
g:\Meu Drive\offtrade\exportacao_meta.py:53: UserWarning: DataFrame columns are not unique, some columns will be omitted.
  prods = grp[grp['DTULTCOMP'] == dt][['FANTASIA', 'DESCRICAO']].drop_duplicates().to_dict('records')
g:\Meu Drive\offtrade\exportacao_meta.py:53: UserWarning: DataFrame columns are not unique, some columns will be omitted.
  prods = grp[grp['DTULTCOMP'] == dt][['FANTASIA', 'DESCRICAO']].drop_duplicates().to_dict('records')
g:\Meu Drive\offtrade\exportacao_meta.py:53: UserWarning: DataFrame columns are not unique, some columns will be omitted.
  prods = grp[grp['DTULTCOMP'] == dt][['FANTASIA', 'DESCRICAO']].drop_duplicates().to_dict('records')
g:\Meu Drive\offtrade\exportacao_meta.py:53: UserWarning: DataFrame columns are not unique, some columns will be omitted.
  prods = grp[grp['DTULTCOMP'] == dt][['FANTASIA', 'DESCRICAO']].drop_duplicates().to_dict('records')
g:\Meu Drive\offtrade\exportacao_meta.py:53: UserWarning: DataFrame columns are not unique, some columns will be omitted.
  prods = grp[grp['DTULTCOMP'] == dt][['FANTASIA', 'DESCRICAO']].drop_duplicates().to_dict('records')
g:\Meu Drive\offtrade\exportacao_meta.py:53: UserWarning: DataFrame columns are not unique, some columns will be omitted.
  prods = grp[grp['DTULTCOMP'] == dt][['FANTASIA', 'DESCRICAO']].drop_duplicates().to_dict('records')
g:\Meu Drive\offtrade\exportacao_meta.py:53: UserWarning: DataFrame columns are not unique, some columns will be omitted.
  prods = grp[grp['DTULTCOMP'] == dt][['FANTASIA', 'DESCRICAO']].drop_duplicates().to_dict('records')
g:\Meu Drive\offtrade\exportacao_meta.py:53: UserWarning: DataFrame columns are not unique, some columns will be omitted.
  prods = grp[grp['DTULTCOMP'] == dt][['FANTASIA', 'DESCRICAO']].drop_duplicates().to_dict('records')
g:\Meu Drive\offtrade\exportacao_meta.py:53: UserWarning: DataFrame columns are not unique, some columns will be omitted.
  prods = grp[grp['DTULTCOMP'] == dt][['FANTASIA', 'DESCRICAO']].drop_duplicates().to_dict('records')
g:\Meu Drive\offtrade\exportacao_meta.py:53: UserWarning: DataFrame columns are not unique, some columns will be omitted.
  prods = grp[grp['DTULTCOMP'] == dt][['FANTASIA', 'DESCRICAO']].drop_duplicates().to_dict('records')
g:\Meu Drive\offtrade\exportacao_meta.py:53: UserWarning: DataFrame columns are not unique, some columns will be omitted.
  prods = grp[grp['DTULTCOMP'] == dt][['FANTASIA', 'DESCRICAO']].drop_duplicates().to_dict('records')
g:\Meu Drive\offtrade\exportacao_meta.py:53: UserWarning: DataFrame columns are not unique, some columns will be omitted.
  prods = grp[grp['DTULTCOMP'] == dt][['FANTASIA', 'DESCRICAO']].drop_duplicates().to_dict('records')
g:\Meu Drive\offtrade\exportacao_meta.py:53: UserWarning: DataFrame columns are not unique, some columns will be omitted.
  prods = grp[grp['DTULTCOMP'] == dt][['FANTASIA', 'DESCRICAO']].drop_duplicates().to_dict('records')
g:\Meu Drive\offtrade\exportacao_meta.py:53: UserWarning: DataFrame columns are not unique, some columns will be omitted.
  prods = grp[grp['DTULTCOMP'] == dt][['FANTASIA', 'DESCRICAO']].drop_duplicates().to_dict('records')
g:\Meu Drive\offtrade\exportacao_meta.py:53: UserWarning: DataFrame columns are not unique, some columns will be omitted.
  prods = grp[grp['DTULTCOMP'] == dt][['FANTASIA', 'DESCRICAO']].drop_duplicates().to_dict('records')
g:\Meu Drive\offtrade\exportacao_meta.py:53: UserWarning: DataFrame columns are not unique, some columns will be omitted.
  prods = grp[grp['DTULTCOMP'] == dt][['FANTASIA', 'DESCRICAO']].drop_duplicates().to_dict('records')
g:\Meu Drive\offtrade\exportacao_meta.py:53: UserWarning: DataFrame columns are not unique, some columns will be omitted.
  prods = grp[grp['DTULTCOMP'] == dt][['FANTASIA', 'DESCRICAO']].drop_duplicates().to_dict('records')
g:\Meu Drive\offtrade\exportacao_meta.py:53: UserWarning: DataFrame columns are not unique, some columns will be omitted.
  prods = grp[grp['DTULTCOMP'] == dt][['FANTASIA', 'DESCRICAO']].drop_duplicates().to_dict('records')
g:\Meu Drive\offtrade\exportacao_meta.py:53: UserWarning: DataFrame columns are not unique, some columns will be omitted.
  prods = grp[grp['DTULTCOMP'] == dt][['FANTASIA', 'DESCRICAO']].drop_duplicates().to_dict('records')
g:\Meu Drive\offtrade\exportacao_meta.py:53: UserWarning: DataFrame columns are not unique, some columns will be omitted.
  prods = grp[grp['DTULTCOMP'] == dt][['FANTASIA', 'DESCRICAO']].drop_duplicates().to_dict('records')
g:\Meu Drive\offtrade\exportacao_meta.py:53: UserWarning: DataFrame columns are not unique, some columns will be omitted.
  prods = grp[grp['DTULTCOMP'] == dt][['FANTASIA', 'DESCRICAO']].drop_duplicates().to_dict('records')
g:\Meu Drive\offtrade\exportacao_meta.py:53: UserWarning: DataFrame columns are not unique, some columns will be omitted.
  prods = grp[grp['DTULTCOMP'] == dt][['FANTASIA', 'DESCRICAO']].drop_duplicates().to_dict('records')
g:\Meu Drive\offtrade\exportacao_meta.py:53: UserWarning: DataFrame columns are not unique, some columns will be omitted.
  prods = grp[grp['DTULTCOMP'] == dt][['FANTASIA', 'DESCRICAO']].drop_duplicates().to_dict('records')
g:\Meu Drive\offtrade\exportacao_meta.py:53: UserWarning: DataFrame columns are not unique, some columns will be omitted.
  prods = grp[grp['DTULTCOMP'] == dt][['FANTASIA', 'DESCRICAO']].drop_duplicates().to_dict('records')
g:\Meu Drive\offtrade\exportacao_meta.py:53: UserWarning: DataFrame columns are not unique, some columns will be omitted.
  prods = grp[grp['DTULTCOMP'] == dt][['FANTASIA', 'DESCRICAO']].drop_duplicates().to_dict('records')
g:\Meu Drive\offtrade\exportacao_meta.py:53: UserWarning: DataFrame columns are not unique, some columns will be omitted.
  prods = grp[grp['DTULTCOMP'] == dt][['FANTASIA', 'DESCRICAO']].drop_duplicates().to_dict('records')
g:\Meu Drive\offtrade\exportacao_meta.py:53: UserWarning: DataFrame columns are not unique, some columns will be omitted.
  prods = grp[grp['DTULTCOMP'] == dt][['FANTASIA', 'DESCRICAO']].drop_duplicates().to_dict('records')
g:\Meu Drive\offtrade\exportacao_meta.py:53: UserWarning: DataFrame columns are not unique, some columns will be omitted.
  prods = grp[grp['DTULTCOMP'] == dt][['FANTASIA', 'DESCRICAO']].drop_duplicates().to_dict('records')
g:\Meu Drive\offtrade\exportacao_meta.py:53: UserWarning: DataFrame columns are not unique, some columns will be omitted.
  prods = grp[grp['DTULTCOMP'] == dt][['FANTASIA', 'DESCRICAO']].drop_duplicates().to_dict('records')
g:\Meu Drive\offtrade\exportacao_meta.py:53: UserWarning: DataFrame columns are not unique, some columns will be omitted.
  prods = grp[grp['DTULTCOMP'] == dt][['FANTASIA', 'DESCRICAO']].drop_duplicates().to_dict('records')
g:\Meu Drive\offtrade\exportacao_meta.py:53: UserWarning: DataFrame columns are not unique, some columns will be omitted.
  prods = grp[grp['DTULTCOMP'] == dt][['FANTASIA', 'DESCRICAO']].drop_duplicates().to_dict('records')
g:\Meu Drive\offtrade\exportacao_meta.py:53: UserWarning: DataFrame columns are not unique, some columns will be omitted.
  prods = grp[grp['DTULTCOMP'] == dt][['FANTASIA', 'DESCRICAO']].drop_duplicates().to_dict('records')
g:\Meu Drive\offtrade\exportacao_meta.py:53: UserWarning: DataFrame columns are not unique, some columns will be omitted.
  prods = grp[grp['DTULTCOMP'] == dt][['FANTASIA', 'DESCRICAO']].drop_duplicates().to_dict('records')
g:\Meu Drive\offtrade\exportacao_meta.py:53: UserWarning: DataFrame columns are not unique, some columns will be omitted.
  prods = grp[grp['DTULTCOMP'] == dt][['FANTASIA', 'DESCRICAO']].drop_duplicates().to_dict('records')
g:\Meu Drive\offtrade\exportacao_meta.py:53: UserWarning: DataFrame columns are not unique, some columns will be omitted.
  prods = grp[grp['DTULTCOMP'] == dt][['FANTASIA', 'DESCRICAO']].drop_duplicates().to_dict('records')
g:\Meu Drive\offtrade\exportacao_meta.py:53: UserWarning: DataFrame columns are not unique, some columns will be omitted.
  prods = grp[grp['DTULTCOMP'] == dt][['FANTASIA', 'DESCRICAO']].drop_duplicates().to_dict('records')
g:\Meu Drive\offtrade\exportacao_meta.py:53: UserWarning: DataFrame columns are not unique, some columns will be omitted.
  prods = grp[grp['DTULTCOMP'] == dt][['FANTASIA', 'DESCRICAO']].drop_duplicates().to_dict('records')
g:\Meu Drive\offtrade\exportacao_meta.py:53: UserWarning: DataFrame columns are not unique, some columns will be omitted.
  prods = grp[grp['DTULTCOMP'] == dt][['FANTASIA', 'DESCRICAO']].drop_duplicates().to_dict('records')
g:\Meu Drive\offtrade\exportacao_meta.py:53: UserWarning: DataFrame columns are not unique, some columns will be omitted.
  prods = grp[grp['DTULTCOMP'] == dt][['FANTASIA', 'DESCRICAO']].drop_duplicates().to_dict('records')
g:\Meu Drive\offtrade\exportacao_meta.py:53: UserWarning: DataFrame columns are not unique, some columns will be omitted.
  prods = grp[grp['DTULTCOMP'] == dt][['FANTASIA', 'DESCRICAO']].drop_duplicates().to_dict('records')
g:\Meu Drive\offtrade\exportacao_meta.py:53: UserWarning: DataFrame columns are not unique, some columns will be omitted.
  prods = grp[grp['DTULTCOMP'] == dt][['FANTASIA', 'DESCRICAO']].drop_duplicates().to_dict('records')
g:\Meu Drive\offtrade\exportacao_meta.py:53: UserWarning: DataFrame columns are not unique, some columns will be omitted.
  prods = grp[grp['DTULTCOMP'] == dt][['FANTASIA', 'DESCRICAO']].drop_duplicates().to_dict('records')
g:\Meu Drive\offtrade\exportacao_meta.py:53: UserWarning: DataFrame columns are not unique, some columns will be omitted.
  prods = grp[grp['DTULTCOMP'] == dt][['FANTASIA', 'DESCRICAO']].drop_duplicates().to_dict('records')
g:\Meu Drive\offtrade\exportacao_meta.py:53: UserWarning: DataFrame columns are not unique, some columns will be omitted.
  prods = grp[grp['DTULTCOMP'] == dt][['FANTASIA', 'DESCRICAO']].drop_duplicates().to_dict('records')
g:\Meu Drive\offtrade\exportacao_meta.py:53: UserWarning: DataFrame columns are not unique, some columns will be omitted.
  prods = grp[grp['DTULTCOMP'] == dt][['FANTASIA', 'DESCRICAO']].drop_duplicates().to_dict('records')
g:\Meu Drive\offtrade\exportacao_meta.py:53: UserWarning: DataFrame columns are not unique, some columns will be omitted.
  prods = grp[grp['DTULTCOMP'] == dt][['FANTASIA', 'DESCRICAO']].drop_duplicates().to_dict('records')
g:\Meu Drive\offtrade\exportacao_meta.py:53: UserWarning: DataFrame columns are not unique, some columns will be omitted.
  prods = grp[grp['DTULTCOMP'] == dt][['FANTASIA', 'DESCRICAO']].drop_duplicates().to_dict('records')
g:\Meu Drive\offtrade\exportacao_meta.py:53: UserWarning: DataFrame columns are not unique, some columns will be omitted.
  prods = grp[grp['DTULTCOMP'] == dt][['FANTASIA', 'DESCRICAO']].drop_duplicates().to_dict('records')
g:\Meu Drive\offtrade\exportacao_meta.py:53: UserWarning: DataFrame columns are not unique, some columns will be omitted.
  prods = grp[grp['DTULTCOMP'] == dt][['FANTASIA', 'DESCRICAO']].drop_duplicates().to_dict('records')
g:\Meu Drive\offtrade\exportacao_meta.py:53: UserWarning: DataFrame columns are not unique, some columns will be omitted.
  prods = grp[grp['DTULTCOMP'] == dt][['FANTASIA', 'DESCRICAO']].drop_duplicates().to_dict('records')
g:\Meu Drive\offtrade\exportacao_meta.py:53: UserWarning: DataFrame columns are not unique, some columns will be omitted.
  prods = grp[grp['DTULTCOMP'] == dt][['FANTASIA', 'DESCRICAO']].drop_duplicates().to_dict('records')
g:\Meu Drive\offtrade\exportacao_meta.py:53: UserWarning: DataFrame columns are not unique, some columns will be omitted.
  prods = grp[grp['DTULTCOMP'] == dt][['FANTASIA', 'DESCRICAO']].drop_duplicates().to_dict('records')
g:\Meu Drive\offtrade\exportacao_meta.py:53: UserWarning: DataFrame columns are not unique, some columns will be omitted.
  prods = grp[grp['DTULTCOMP'] == dt][['FANTASIA', 'DESCRICAO']].drop_duplicates().to_dict('records')
g:\Meu Drive\offtrade\exportacao_meta.py:53: UserWarning: DataFrame columns are not unique, some columns will be omitted.
  prods = grp[grp['DTULTCOMP'] == dt][['FANTASIA', 'DESCRICAO']].drop_duplicates().to_dict('records')
g:\Meu Drive\offtrade\exportacao_meta.py:53: UserWarning: DataFrame columns are not unique, some columns will be omitted.
  prods = grp[grp['DTULTCOMP'] == dt][['FANTASIA', 'DESCRICAO']].drop_duplicates().to_dict('records')
g:\Meu Drive\offtrade\exportacao_meta.py:53: UserWarning: DataFrame columns are not unique, some columns will be omitted.
  prods = grp[grp['DTULTCOMP'] == dt][['FANTASIA', 'DESCRICAO']].drop_duplicates().to_dict('records')
g:\Meu Drive\offtrade\exportacao_meta.py:53: UserWarning: DataFrame columns are not unique, some columns will be omitted.
  prods = grp[grp['DTULTCOMP'] == dt][['FANTASIA', 'DESCRICAO']].drop_duplicates().to_dict('records')
g:\Meu Drive\offtrade\exportacao_meta.py:53: UserWarning: DataFrame columns are not unique, some columns will be omitted.
  prods = grp[grp['DTULTCOMP'] == dt][['FANTASIA', 'DESCRICAO']].drop_duplicates().to_dict('records')
g:\Meu Drive\offtrade\exportacao_meta.py:53: UserWarning: DataFrame columns are not unique, some columns will be omitted.
  prods = grp[grp['DTULTCOMP'] == dt][['FANTASIA', 'DESCRICAO']].drop_duplicates().to_dict('records')
g:\Meu Drive\offtrade\exportacao_meta.py:53: UserWarning: DataFrame columns are not unique, some columns will be omitted.
  prods = grp[grp['DTULTCOMP'] == dt][['FANTASIA', 'DESCRICAO']].drop_duplicates().to_dict('records')
g:\Meu Drive\offtrade\exportacao_meta.py:53: UserWarning: DataFrame columns are not unique, some columns will be omitted.
  prods = grp[grp['DTULTCOMP'] == dt][['FANTASIA', 'DESCRICAO']].drop_duplicates().to_dict('records')
g:\Meu Drive\offtrade\exportacao_meta.py:53: UserWarning: DataFrame columns are not unique, some columns will be omitted.
  prods = grp[grp['DTULTCOMP'] == dt][['FANTASIA', 'DESCRICAO']].drop_duplicates().to_dict('records')
g:\Meu Drive\offtrade\exportacao_meta.py:53: UserWarning: DataFrame columns are not unique, some columns will be omitted.
  prods = grp[grp['DTULTCOMP'] == dt][['FANTASIA', 'DESCRICAO']].drop_duplicates().to_dict('records')
g:\Meu Drive\offtrade\exportacao_meta.py:53: UserWarning: DataFrame columns are not unique, some columns will be omitted.
  prods = grp[grp['DTULTCOMP'] == dt][['FANTASIA', 'DESCRICAO']].drop_duplicates().to_dict('records')
g:\Meu Drive\offtrade\exportacao_meta.py:53: UserWarning: DataFrame columns are not unique, some columns will be omitted.
  prods = grp[grp['DTULTCOMP'] == dt][['FANTASIA', 'DESCRICAO']].drop_duplicates().to_dict('records')
g:\Meu Drive\offtrade\exportacao_meta.py:53: UserWarning: DataFrame columns are not unique, some columns will be omitted.
  prods = grp[grp['DTULTCOMP'] == dt][['FANTASIA', 'DESCRICAO']].drop_duplicates().to_dict('records')
g:\Meu Drive\offtrade\exportacao_meta.py:53: UserWarning: DataFrame columns are not unique, some columns will be omitted.
  prods = grp[grp['DTULTCOMP'] == dt][['FANTASIA', 'DESCRICAO']].drop_duplicates().to_dict('records')
g:\Meu Drive\offtrade\exportacao_meta.py:53: UserWarning: DataFrame columns are not unique, some columns will be omitted.
  prods = grp[grp['DTULTCOMP'] == dt][['FANTASIA', 'DESCRICAO']].drop_duplicates().to_dict('records')
g:\Meu Drive\offtrade\exportacao_meta.py:53: UserWarning: DataFrame columns are not unique, some columns will be omitted.
  prods = grp[grp['DTULTCOMP'] == dt][['FANTASIA', 'DESCRICAO']].drop_duplicates().to_dict('records')
g:\Meu Drive\offtrade\exportacao_meta.py:53: UserWarning: DataFrame columns are not unique, some columns will be omitted.
  prods = grp[grp['DTULTCOMP'] == dt][['FANTASIA', 'DESCRICAO']].drop_duplicates().to_dict('records')
g:\Meu Drive\offtrade\exportacao_meta.py:53: UserWarning: DataFrame columns are not unique, some columns will be omitted.
  prods = grp[grp['DTULTCOMP'] == dt][['FANTASIA', 'DESCRICAO']].drop_duplicates().to_dict('records')
g:\Meu Drive\offtrade\exportacao_meta.py:53: UserWarning: DataFrame columns are not unique, some columns will be omitted.
  prods = grp[grp['DTULTCOMP'] == dt][['FANTASIA', 'DESCRICAO']].drop_duplicates().to_dict('records')
g:\Meu Drive\offtrade\exportacao_meta.py:53: UserWarning: DataFrame columns are not unique, some columns will be omitted.
  prods = grp[grp['DTULTCOMP'] == dt][['FANTASIA', 'DESCRICAO']].drop_duplicates().to_dict('records')
g:\Meu Drive\offtrade\exportacao_meta.py:53: UserWarning: DataFrame columns are not unique, some columns will be omitted.
  prods = grp[grp['DTULTCOMP'] == dt][['FANTASIA', 'DESCRICAO']].drop_duplicates().to_dict('records')
g:\Meu Drive\offtrade\exportacao_meta.py:53: UserWarning: DataFrame columns are not unique, some columns will be omitted.
  prods = grp[grp['DTULTCOMP'] == dt][['FANTASIA', 'DESCRICAO']].drop_duplicates().to_dict('records')
g:\Meu Drive\offtrade\exportacao_meta.py:53: UserWarning: DataFrame columns are not unique, some columns will be omitted.
  prods = grp[grp['DTULTCOMP'] == dt][['FANTASIA', 'DESCRICAO']].drop_duplicates().to_dict('records')
g:\Meu Drive\offtrade\exportacao_meta.py:53: UserWarning: DataFrame columns are not unique, some columns will be omitted.
  prods = grp[grp['DTULTCOMP'] == dt][['FANTASIA', 'DESCRICAO']].drop_duplicates().to_dict('records')
g:\Meu Drive\offtrade\exportacao_meta.py:53: UserWarning: DataFrame columns are not unique, some columns will be omitted.
  prods = grp[grp['DTULTCOMP'] == dt][['FANTASIA', 'DESCRICAO']].drop_duplicates().to_dict('records')
g:\Meu Drive\offtrade\exportacao_meta.py:53: UserWarning: DataFrame columns are not unique, some columns will be omitted.
  prods = grp[grp['DTULTCOMP'] == dt][['FANTASIA', 'DESCRICAO']].drop_duplicates().to_dict('records')
g:\Meu Drive\offtrade\exportacao_meta.py:53: UserWarning: DataFrame columns are not unique, some columns will be omitted.
  prods = grp[grp['DTULTCOMP'] == dt][['FANTASIA', 'DESCRICAO']].drop_duplicates().to_dict('records')
g:\Meu Drive\offtrade\exportacao_meta.py:53: UserWarning: DataFrame columns are not unique, some columns will be omitted.
  prods = grp[grp['DTULTCOMP'] == dt][['FANTASIA', 'DESCRICAO']].drop_duplicates().to_dict('records')
g:\Meu Drive\offtrade\exportacao_meta.py:53: UserWarning: DataFrame columns are not unique, some columns will be omitted.
  prods = grp[grp['DTULTCOMP'] == dt][['FANTASIA', 'DESCRICAO']].drop_duplicates().to_dict('records')
g:\Meu Drive\offtrade\exportacao_meta.py:53: UserWarning: DataFrame columns are not unique, some columns will be omitted.
  prods = grp[grp['DTULTCOMP'] == dt][['FANTASIA', 'DESCRICAO']].drop_duplicates().to_dict('records')
g:\Meu Drive\offtrade\exportacao_meta.py:53: UserWarning: DataFrame columns are not unique, some columns will be omitted.
  prods = grp[grp['DTULTCOMP'] == dt][['FANTASIA', 'DESCRICAO']].drop_duplicates().to_dict('records')
g:\Meu Drive\offtrade\exportacao_meta.py:53: UserWarning: DataFrame columns are not unique, some columns will be omitted.
  prods = grp[grp['DTULTCOMP'] == dt][['FANTASIA', 'DESCRICAO']].drop_duplicates().to_dict('records')
g:\Meu Drive\offtrade\exportacao_meta.py:53: UserWarning: DataFrame columns are not unique, some columns will be omitted.
  prods = grp[grp['DTULTCOMP'] == dt][['FANTASIA', 'DESCRICAO']].drop_duplicates().to_dict('records')
g:\Meu Drive\offtrade\exportacao_meta.py:53: UserWarning: DataFrame columns are not unique, some columns will be omitted.
  prods = grp[grp['DTULTCOMP'] == dt][['FANTASIA', 'DESCRICAO']].drop_duplicates().to_dict('records')
g:\Meu Drive\offtrade\exportacao_meta.py:53: UserWarning: DataFrame columns are not unique, some columns will be omitted.
  prods = grp[grp['DTULTCOMP'] == dt][['FANTASIA', 'DESCRICAO']].drop_duplicates().to_dict('records')
g:\Meu Drive\offtrade\exportacao_meta.py:53: UserWarning: DataFrame columns are not unique, some columns will be omitted.
  prods = grp[grp['DTULTCOMP'] == dt][['FANTASIA', 'DESCRICAO']].drop_duplicates().to_dict('records')
g:\Meu Drive\offtrade\exportacao_meta.py:53: UserWarning: DataFrame columns are not unique, some columns will be omitted.
  prods = grp[grp['DTULTCOMP'] == dt][['FANTASIA', 'DESCRICAO']].drop_duplicates().to_dict('records')
g:\Meu Drive\offtrade\exportacao_meta.py:53: UserWarning: DataFrame columns are not unique, some columns will be omitted.
  prods = grp[grp['DTULTCOMP'] == dt][['FANTASIA', 'DESCRICAO']].drop_duplicates().to_dict('records')
g:\Meu Drive\offtrade\exportacao_meta.py:53: UserWarning: DataFrame columns are not unique, some columns will be omitted.
  prods = grp[grp['DTULTCOMP'] == dt][['FANTASIA', 'DESCRICAO']].drop_duplicates().to_dict('records')
g:\Meu Drive\offtrade\exportacao_meta.py:53: UserWarning: DataFrame columns are not unique, some columns will be omitted.
  prods = grp[grp['DTULTCOMP'] == dt][['FANTASIA', 'DESCRICAO']].drop_duplicates().to_dict('records')
g:\Meu Drive\offtrade\exportacao_meta.py:53: UserWarning: DataFrame columns are not unique, some columns will be omitted.
  prods = grp[grp['DTULTCOMP'] == dt][['FANTASIA', 'DESCRICAO']].drop_duplicates().to_dict('records')
g:\Meu Drive\offtrade\exportacao_meta.py:53: UserWarning: DataFrame columns are not unique, some columns will be omitted.
  prods = grp[grp['DTULTCOMP'] == dt][['FANTASIA', 'DESCRICAO']].drop_duplicates().to_dict('records')
g:\Meu Drive\offtrade\exportacao_meta.py:53: UserWarning: DataFrame columns are not unique, some columns will be omitted.
  prods = grp[grp['DTULTCOMP'] == dt][['FANTASIA', 'DESCRICAO']].drop_duplicates().to_dict('records')
g:\Meu Drive\offtrade\exportacao_meta.py:53: UserWarning: DataFrame columns are not unique, some columns will be omitted.
  prods = grp[grp['DTULTCOMP'] == dt][['FANTASIA', 'DESCRICAO']].drop_duplicates().to_dict('records')
g:\Meu Drive\offtrade\exportacao_meta.py:53: UserWarning: DataFrame columns are not unique, some columns will be omitted.
  prods = grp[grp['DTULTCOMP'] == dt][['FANTASIA', 'DESCRICAO']].drop_duplicates().to_dict('records')
g:\Meu Drive\offtrade\exportacao_meta.py:53: UserWarning: DataFrame columns are not unique, some columns will be omitted.
  prods = grp[grp['DTULTCOMP'] == dt][['FANTASIA', 'DESCRICAO']].drop_duplicates().to_dict('records')
g:\Meu Drive\offtrade\exportacao_meta.py:53: UserWarning: DataFrame columns are not unique, some columns will be omitted.
  prods = grp[grp['DTULTCOMP'] == dt][['FANTASIA', 'DESCRICAO']].drop_duplicates().to_dict('records')
g:\Meu Drive\offtrade\exportacao_meta.py:53: UserWarning: DataFrame columns are not unique, some columns will be omitted.
  prods = grp[grp['DTULTCOMP'] == dt][['FANTASIA', 'DESCRICAO']].drop_duplicates().to_dict('records')
g:\Meu Drive\offtrade\exportacao_meta.py:53: UserWarning: DataFrame columns are not unique, some columns will be omitted.
  prods = grp[grp['DTULTCOMP'] == dt][['FANTASIA', 'DESCRICAO']].drop_duplicates().to_dict('records')
g:\Meu Drive\offtrade\exportacao_meta.py:53: UserWarning: DataFrame columns are not unique, some columns will be omitted.
  prods = grp[grp['DTULTCOMP'] == dt][['FANTASIA', 'DESCRICAO']].drop_duplicates().to_dict('records')
g:\Meu Drive\offtrade\exportacao_meta.py:53: UserWarning: DataFrame columns are not unique, some columns will be omitted.
  prods = grp[grp['DTULTCOMP'] == dt][['FANTASIA', 'DESCRICAO']].drop_duplicates().to_dict('records')
g:\Meu Drive\offtrade\exportacao_meta.py:53: UserWarning: DataFrame columns are not unique, some columns will be omitted.
  prods = grp[grp['DTULTCOMP'] == dt][['FANTASIA', 'DESCRICAO']].drop_duplicates().to_dict('records')
g:\Meu Drive\offtrade\exportacao_meta.py:53: UserWarning: DataFrame columns are not unique, some columns will be omitted.
  prods = grp[grp['DTULTCOMP'] == dt][['FANTASIA', 'DESCRICAO']].drop_duplicates().to_dict('records')
g:\Meu Drive\offtrade\exportacao_meta.py:53: UserWarning: DataFrame columns are not unique, some columns will be omitted.
  prods = grp[grp['DTULTCOMP'] == dt][['FANTASIA', 'DESCRICAO']].drop_duplicates().to_dict('records')
g:\Meu Drive\offtrade\exportacao_meta.py:53: UserWarning: DataFrame columns are not unique, some columns will be omitted.
  prods = grp[grp['DTULTCOMP'] == dt][['FANTASIA', 'DESCRICAO']].drop_duplicates().to_dict('records')
g:\Meu Drive\offtrade\exportacao_meta.py:53: UserWarning: DataFrame columns are not unique, some columns will be omitted.
  prods = grp[grp['DTULTCOMP'] == dt][['FANTASIA', 'DESCRICAO']].drop_duplicates().to_dict('records')
g:\Meu Drive\offtrade\exportacao_meta.py:53: UserWarning: DataFrame columns are not unique, some columns will be omitted.
  prods = grp[grp['DTULTCOMP'] == dt][['FANTASIA', 'DESCRICAO']].drop_duplicates().to_dict('records')
g:\Meu Drive\offtrade\exportacao_meta.py:53: UserWarning: DataFrame columns are not unique, some columns will be omitted.
  prods = grp[grp['DTULTCOMP'] == dt][['FANTASIA', 'DESCRICAO']].drop_duplicates().to_dict('records')
g:\Meu Drive\offtrade\exportacao_meta.py:53: UserWarning: DataFrame columns are not unique, some columns will be omitted.
  prods = grp[grp['DTULTCOMP'] == dt][['FANTASIA', 'DESCRICAO']].drop_duplicates().to_dict('records')
g:\Meu Drive\offtrade\exportacao_meta.py:53: UserWarning: DataFrame columns are not unique, some columns will be omitted.
  prods = grp[grp['DTULTCOMP'] == dt][['FANTASIA', 'DESCRICAO']].drop_duplicates().to_dict('records')
g:\Meu Drive\offtrade\exportacao_meta.py:53: UserWarning: DataFrame columns are not unique, some columns will be omitted.
  prods = grp[grp['DTULTCOMP'] == dt][['FANTASIA', 'DESCRICAO']].drop_duplicates().to_dict('records')
g:\Meu Drive\offtrade\exportacao_meta.py:53: UserWarning: DataFrame columns are not unique, some columns will be omitted.
  prods = grp[grp['DTULTCOMP'] == dt][['FANTASIA', 'DESCRICAO']].drop_duplicates().to_dict('records')
g:\Meu Drive\offtrade\exportacao_meta.py:53: UserWarning: DataFrame columns are not unique, some columns will be omitted.
  prods = grp[grp['DTULTCOMP'] == dt][['FANTASIA', 'DESCRICAO']].drop_duplicates().to_dict('records')
g:\Meu Drive\offtrade\exportacao_meta.py:53: UserWarning: DataFrame columns are not unique, some columns will be omitted.
  prods = grp[grp['DTULTCOMP'] == dt][['FANTASIA', 'DESCRICAO']].drop_duplicates().to_dict('records')
g:\Meu Drive\offtrade\exportacao_meta.py:53: UserWarning: DataFrame columns are not unique, some columns will be omitted.
  prods = grp[grp['DTULTCOMP'] == dt][['FANTASIA', 'DESCRICAO']].drop_duplicates().to_dict('records')
g:\Meu Drive\offtrade\exportacao_meta.py:53: UserWarning: DataFrame columns are not unique, some columns will be omitted.
  prods = grp[grp['DTULTCOMP'] == dt][['FANTASIA', 'DESCRICAO']].drop_duplicates().to_dict('records')
g:\Meu Drive\offtrade\exportacao_meta.py:53: UserWarning: DataFrame columns are not unique, some columns will be omitted.
  prods = grp[grp['DTULTCOMP'] == dt][['FANTASIA', 'DESCRICAO']].drop_duplicates().to_dict('records')
g:\Meu Drive\offtrade\exportacao_meta.py:53: UserWarning: DataFrame columns are not unique, some columns will be omitted.
  prods = grp[grp['DTULTCOMP'] == dt][['FANTASIA', 'DESCRICAO']].drop_duplicates().to_dict('records')
g:\Meu Drive\offtrade\exportacao_meta.py:53: UserWarning: DataFrame columns are not unique, some columns will be omitted.
  prods = grp[grp['DTULTCOMP'] == dt][['FANTASIA', 'DESCRICAO']].drop_duplicates().to_dict('records')
g:\Meu Drive\offtrade\exportacao_meta.py:53: UserWarning: DataFrame columns are not unique, some columns will be omitted.
  prods = grp[grp['DTULTCOMP'] == dt][['FANTASIA', 'DESCRICAO']].drop_duplicates().to_dict('records')
g:\Meu Drive\offtrade\exportacao_meta.py:53: UserWarning: DataFrame columns are not unique, some columns will be omitted.
  prods = grp[grp['DTULTCOMP'] == dt][['FANTASIA', 'DESCRICAO']].drop_duplicates().to_dict('records')
g:\Meu Drive\offtrade\exportacao_meta.py:53: UserWarning: DataFrame columns are not unique, some columns will be omitted.
  prods = grp[grp['DTULTCOMP'] == dt][['FANTASIA', 'DESCRICAO']].drop_duplicates().to_dict('records')
g:\Meu Drive\offtrade\exportacao_meta.py:53: UserWarning: DataFrame columns are not unique, some columns will be omitted.
  prods = grp[grp['DTULTCOMP'] == dt][['FANTASIA', 'DESCRICAO']].drop_duplicates().to_dict('records')
g:\Meu Drive\offtrade\exportacao_meta.py:53: UserWarning: DataFrame columns are not unique, some columns will be omitted.
  prods = grp[grp['DTULTCOMP'] == dt][['FANTASIA', 'DESCRICAO']].drop_duplicates().to_dict('records')
g:\Meu Drive\offtrade\exportacao_meta.py:53: UserWarning: DataFrame columns are not unique, some columns will be omitted.
  prods = grp[grp['DTULTCOMP'] == dt][['FANTASIA', 'DESCRICAO']].drop_duplicates().to_dict('records')
g:\Meu Drive\offtrade\exportacao_meta.py:53: UserWarning: DataFrame columns are not unique, some columns will be omitted.
  prods = grp[grp['DTULTCOMP'] == dt][['FANTASIA', 'DESCRICAO']].drop_duplicates().to_dict('records')
g:\Meu Drive\offtrade\exportacao_meta.py:53: UserWarning: DataFrame columns are not unique, some columns will be omitted.
  prods = grp[grp['DTULTCOMP'] == dt][['FANTASIA', 'DESCRICAO']].drop_duplicates().to_dict('records')
g:\Meu Drive\offtrade\exportacao_meta.py:53: UserWarning: DataFrame columns are not unique, some columns will be omitted.
  prods = grp[grp['DTULTCOMP'] == dt][['FANTASIA', 'DESCRICAO']].drop_duplicates().to_dict('records')
g:\Meu Drive\offtrade\exportacao_meta.py:53: UserWarning: DataFrame columns are not unique, some columns will be omitted.
  prods = grp[grp['DTULTCOMP'] == dt][['FANTASIA', 'DESCRICAO']].drop_duplicates().to_dict('records')
g:\Meu Drive\offtrade\exportacao_meta.py:53: UserWarning: DataFrame columns are not unique, some columns will be omitted.
  prods = grp[grp['DTULTCOMP'] == dt][['FANTASIA', 'DESCRICAO']].drop_duplicates().to_dict('records')
g:\Meu Drive\offtrade\exportacao_meta.py:53: UserWarning: DataFrame columns are not unique, some columns will be omitted.
  prods = grp[grp['DTULTCOMP'] == dt][['FANTASIA', 'DESCRICAO']].drop_duplicates().to_dict('records')
g:\Meu Drive\offtrade\exportacao_meta.py:53: UserWarning: DataFrame columns are not unique, some columns will be omitted.
  prods = grp[grp['DTULTCOMP'] == dt][['FANTASIA', 'DESCRICAO']].drop_duplicates().to_dict('records')
g:\Meu Drive\offtrade\exportacao_meta.py:53: UserWarning: DataFrame columns are not unique, some columns will be omitted.
  prods = grp[grp['DTULTCOMP'] == dt][['FANTASIA', 'DESCRICAO']].drop_duplicates().to_dict('records')
g:\Meu Drive\offtrade\exportacao_meta.py:53: UserWarning: DataFrame columns are not unique, some columns will be omitted.
  prods = grp[grp['DTULTCOMP'] == dt][['FANTASIA', 'DESCRICAO']].drop_duplicates().to_dict('records')
g:\Meu Drive\offtrade\exportacao_meta.py:53: UserWarning: DataFrame columns are not unique, some columns will be omitted.
  prods = grp[grp['DTULTCOMP'] == dt][['FANTASIA', 'DESCRICAO']].drop_duplicates().to_dict('records')
g:\Meu Drive\offtrade\exportacao_meta.py:53: UserWarning: DataFrame columns are not unique, some columns will be omitted.
  prods = grp[grp['DTULTCOMP'] == dt][['FANTASIA', 'DESCRICAO']].drop_duplicates().to_dict('records')
g:\Meu Drive\offtrade\exportacao_meta.py:53: UserWarning: DataFrame columns are not unique, some columns will be omitted.
  prods = grp[grp['DTULTCOMP'] == dt][['FANTASIA', 'DESCRICAO']].drop_duplicates().to_dict('records')
g:\Meu Drive\offtrade\exportacao_meta.py:53: UserWarning: DataFrame columns are not unique, some columns will be omitted.
  prods = grp[grp['DTULTCOMP'] == dt][['FANTASIA', 'DESCRICAO']].drop_duplicates().to_dict('records')
g:\Meu Drive\offtrade\exportacao_meta.py:53: UserWarning: DataFrame columns are not unique, some columns will be omitted.
  prods = grp[grp['DTULTCOMP'] == dt][['FANTASIA', 'DESCRICAO']].drop_duplicates().to_dict('records')
g:\Meu Drive\offtrade\exportacao_meta.py:53: UserWarning: DataFrame columns are not unique, some columns will be omitted.
  prods = grp[grp['DTULTCOMP'] == dt][['FANTASIA', 'DESCRICAO']].drop_duplicates().to_dict('records')
g:\Meu Drive\offtrade\exportacao_meta.py:53: UserWarning: DataFrame columns are not unique, some columns will be omitted.
  prods = grp[grp['DTULTCOMP'] == dt][['FANTASIA', 'DESCRICAO']].drop_duplicates().to_dict('records')
g:\Meu Drive\offtrade\exportacao_meta.py:53: UserWarning: DataFrame columns are not unique, some columns will be omitted.
  prods = grp[grp['DTULTCOMP'] == dt][['FANTASIA', 'DESCRICAO']].drop_duplicates().to_dict('records')
g:\Meu Drive\offtrade\exportacao_meta.py:53: UserWarning: DataFrame columns are not unique, some columns will be omitted.
  prods = grp[grp['DTULTCOMP'] == dt][['FANTASIA', 'DESCRICAO']].drop_duplicates().to_dict('records')
g:\Meu Drive\offtrade\exportacao_meta.py:53: UserWarning: DataFrame columns are not unique, some columns will be omitted.
  prods = grp[grp['DTULTCOMP'] == dt][['FANTASIA', 'DESCRICAO']].drop_duplicates().to_dict('records')
g:\Meu Drive\offtrade\exportacao_meta.py:53: UserWarning: DataFrame columns are not unique, some columns will be omitted.
  prods = grp[grp['DTULTCOMP'] == dt][['FANTASIA', 'DESCRICAO']].drop_duplicates().to_dict('records')
g:\Meu Drive\offtrade\exportacao_meta.py:53: UserWarning: DataFrame columns are not unique, some columns will be omitted.
  prods = grp[grp['DTULTCOMP'] == dt][['FANTASIA', 'DESCRICAO']].drop_duplicates().to_dict('records')
g:\Meu Drive\offtrade\exportacao_meta.py:53: UserWarning: DataFrame columns are not unique, some columns will be omitted.
  prods = grp[grp['DTULTCOMP'] == dt][['FANTASIA', 'DESCRICAO']].drop_duplicates().to_dict('records')
g:\Meu Drive\offtrade\exportacao_meta.py:53: UserWarning: DataFrame columns are not unique, some columns will be omitted.
  prods = grp[grp['DTULTCOMP'] == dt][['FANTASIA', 'DESCRICAO']].drop_duplicates().to_dict('records')
g:\Meu Drive\offtrade\exportacao_meta.py:53: UserWarning: DataFrame columns are not unique, some columns will be omitted.
  prods = grp[grp['DTULTCOMP'] == dt][['FANTASIA', 'DESCRICAO']].drop_duplicates().to_dict('records')
g:\Meu Drive\offtrade\exportacao_meta.py:53: UserWarning: DataFrame columns are not unique, some columns will be omitted.
  prods = grp[grp['DTULTCOMP'] == dt][['FANTASIA', 'DESCRICAO']].drop_duplicates().to_dict('records')
g:\Meu Drive\offtrade\exportacao_meta.py:53: UserWarning: DataFrame columns are not unique, some columns will be omitted.
  prods = grp[grp['DTULTCOMP'] == dt][['FANTASIA', 'DESCRICAO']].drop_duplicates().to_dict('records')
g:\Meu Drive\offtrade\exportacao_meta.py:53: UserWarning: DataFrame columns are not unique, some columns will be omitted.
  prods = grp[grp['DTULTCOMP'] == dt][['FANTASIA', 'DESCRICAO']].drop_duplicates().to_dict('records')
g:\Meu Drive\offtrade\exportacao_meta.py:53: UserWarning: DataFrame columns are not unique, some columns will be omitted.
  prods = grp[grp['DTULTCOMP'] == dt][['FANTASIA', 'DESCRICAO']].drop_duplicates().to_dict('records')
g:\Meu Drive\offtrade\exportacao_meta.py:53: UserWarning: DataFrame columns are not unique, some columns will be omitted.
  prods = grp[grp['DTULTCOMP'] == dt][['FANTASIA', 'DESCRICAO']].drop_duplicates().to_dict('records')
g:\Meu Drive\offtrade\exportacao_meta.py:53: UserWarning: DataFrame columns are not unique, some columns will be omitted.
  prods = grp[grp['DTULTCOMP'] == dt][['FANTASIA', 'DESCRICAO']].drop_duplicates().to_dict('records')
g:\Meu Drive\offtrade\exportacao_meta.py:53: UserWarning: DataFrame columns are not unique, some columns will be omitted.
  prods = grp[grp['DTULTCOMP'] == dt][['FANTASIA', 'DESCRICAO']].drop_duplicates().to_dict('records')
g:\Meu Drive\offtrade\exportacao_meta.py:53: UserWarning: DataFrame columns are not unique, some columns will be omitted.
  prods = grp[grp['DTULTCOMP'] == dt][['FANTASIA', 'DESCRICAO']].drop_duplicates().to_dict('records')
g:\Meu Drive\offtrade\exportacao_meta.py:53: UserWarning: DataFrame columns are not unique, some columns will be omitted.
  prods = grp[grp['DTULTCOMP'] == dt][['FANTASIA', 'DESCRICAO']].drop_duplicates().to_dict('records')
g:\Meu Drive\offtrade\exportacao_meta.py:53: UserWarning: DataFrame columns are not unique, some columns will be omitted.
  prods = grp[grp['DTULTCOMP'] == dt][['FANTASIA', 'DESCRICAO']].drop_duplicates().to_dict('records')
g:\Meu Drive\offtrade\exportacao_meta.py:53: UserWarning: DataFrame columns are not unique, some columns will be omitted.
  prods = grp[grp['DTULTCOMP'] == dt][['FANTASIA', 'DESCRICAO']].drop_duplicates().to_dict('records')
g:\Meu Drive\offtrade\exportacao_meta.py:53: UserWarning: DataFrame columns are not unique, some columns will be omitted.
  prods = grp[grp['DTULTCOMP'] == dt][['FANTASIA', 'DESCRICAO']].drop_duplicates().to_dict('records')
g:\Meu Drive\offtrade\exportacao_meta.py:53: UserWarning: DataFrame columns are not unique, some columns will be omitted.
  prods = grp[grp['DTULTCOMP'] == dt][['FANTASIA', 'DESCRICAO']].drop_duplicates().to_dict('records')
g:\Meu Drive\offtrade\exportacao_meta.py:53: UserWarning: DataFrame columns are not unique, some columns will be omitted.
  prods = grp[grp['DTULTCOMP'] == dt][['FANTASIA', 'DESCRICAO']].drop_duplicates().to_dict('records')
g:\Meu Drive\offtrade\exportacao_meta.py:53: UserWarning: DataFrame columns are not unique, some columns will be omitted.
  prods = grp[grp['DTULTCOMP'] == dt][['FANTASIA', 'DESCRICAO']].drop_duplicates().to_dict('records')
g:\Meu Drive\offtrade\exportacao_meta.py:53: UserWarning: DataFrame columns are not unique, some columns will be omitted.
  prods = grp[grp['DTULTCOMP'] == dt][['FANTASIA', 'DESCRICAO']].drop_duplicates().to_dict('records')
g:\Meu Drive\offtrade\exportacao_meta.py:53: UserWarning: DataFrame columns are not unique, some columns will be omitted.
  prods = grp[grp['DTULTCOMP'] == dt][['FANTASIA', 'DESCRICAO']].drop_duplicates().to_dict('records')
g:\Meu Drive\offtrade\exportacao_meta.py:53: UserWarning: DataFrame columns are not unique, some columns will be omitted.
  prods = grp[grp['DTULTCOMP'] == dt][['FANTASIA', 'DESCRICAO']].drop_duplicates().to_dict('records')
g:\Meu Drive\offtrade\exportacao_meta.py:53: UserWarning: DataFrame columns are not unique, some columns will be omitted.
  prods = grp[grp['DTULTCOMP'] == dt][['FANTASIA', 'DESCRICAO']].drop_duplicates().to_dict('records')
g:\Meu Drive\offtrade\exportacao_meta.py:53: UserWarning: DataFrame columns are not unique, some columns will be omitted.
  prods = grp[grp['DTULTCOMP'] == dt][['FANTASIA', 'DESCRICAO']].drop_duplicates().to_dict('records')
g:\Meu Drive\offtrade\exportacao_meta.py:53: UserWarning: DataFrame columns are not unique, some columns will be omitted.
  prods = grp[grp['DTULTCOMP'] == dt][['FANTASIA', 'DESCRICAO']].drop_duplicates().to_dict('records')
g:\Meu Drive\offtrade\exportacao_meta.py:53: UserWarning: DataFrame columns are not unique, some columns will be omitted.
  prods = grp[grp['DTULTCOMP'] == dt][['FANTASIA', 'DESCRICAO']].drop_duplicates().to_dict('records')
g:\Meu Drive\offtrade\exportacao_meta.py:53: UserWarning: DataFrame columns are not unique, some columns will be omitted.
  prods = grp[grp['DTULTCOMP'] == dt][['FANTASIA', 'DESCRICAO']].drop_duplicates().to_dict('records')
g:\Meu Drive\offtrade\exportacao_meta.py:53: UserWarning: DataFrame columns are not unique, some columns will be omitted.
  prods = grp[grp['DTULTCOMP'] == dt][['FANTASIA', 'DESCRICAO']].drop_duplicates().to_dict('records')
g:\Meu Drive\offtrade\exportacao_meta.py:53: UserWarning: DataFrame columns are not unique, some columns will be omitted.
  prods = grp[grp['DTULTCOMP'] == dt][['FANTASIA', 'DESCRICAO']].drop_duplicates().to_dict('records')
g:\Meu Drive\offtrade\exportacao_meta.py:53: UserWarning: DataFrame columns are not unique, some columns will be omitted.
  prods = grp[grp['DTULTCOMP'] == dt][['FANTASIA', 'DESCRICAO']].drop_duplicates().to_dict('records')
g:\Meu Drive\offtrade\exportacao_meta.py:53: UserWarning: DataFrame columns are not unique, some columns will be omitted.
  prods = grp[grp['DTULTCOMP'] == dt][['FANTASIA', 'DESCRICAO']].drop_duplicates().to_dict('records')
g:\Meu Drive\offtrade\exportacao_meta.py:53: UserWarning: DataFrame columns are not unique, some columns will be omitted.
  prods = grp[grp['DTULTCOMP'] == dt][['FANTASIA', 'DESCRICAO']].drop_duplicates().to_dict('records')
g:\Meu Drive\offtrade\exportacao_meta.py:53: UserWarning: DataFrame columns are not unique, some columns will be omitted.
  prods = grp[grp['DTULTCOMP'] == dt][['FANTASIA', 'DESCRICAO']].drop_duplicates().to_dict('records')
On branch master
Your branch is up to date with 'origin/master'.

Changes not staged for commit:
  (use "git add <file>..." to update what will be committed)
  (use "git restore <file>..." to discard changes in working directory)
	modified:   nao_positivados_03-2026.xlsx
	modified:   offtrade.log

no changes added to commit (use "git add" and/or "git commit -a")
Everything up-to-date

==================================================
  OFFTRADE - 25/03/2026 08:59
==================================================

--------------------------------------------------
  1/4 - Carregando metas e vendas (Oracle + Excel)
--------------------------------------------------

--------------------------------------------------
  2/4 - Exportando dashboard HTML (metas_data.js)
--------------------------------------------------
Clientes nao positivados em 03/2026: 2830
Arquivo salvo em: g:\Meu Drive\offtrade\nao_positivados_03-2026.xlsx
OK metas_data.js gerado com 16 vendedores -> g:\Meu Drive\offtrade\metas_data.js
OK GitHub Pages atualizado.

--------------------------------------------------
  3/4 - Conferência de preços
--------------------------------------------------
         NUMPED  NUMNOTA  ... STATUS_CONFERENCIA PORCENTAGEM DIFERENÇA
2621  379000706      NaN  ...   ABAIXO DA TABELA                 9.10%
3951  379000706      NaN  ...   ABAIXO DA TABELA                 9.10%
5838  379000706      NaN  ...   ABAIXO DA TABELA                 9.10%
6161  379000706      NaN  ...   ABAIXO DA TABELA                 7.67%
6191  379000706      NaN  ...   ABAIXO DA TABELA                 7.67%
7206  379000706      NaN  ...   ABAIXO DA TABELA                 7.24%
7429  379000706      NaN  ...   ABAIXO DA TABELA                 7.24%
7430  379000707      NaN  ...   ABAIXO DA TABELA                16.07%
7438  379000707      NaN  ...   ABAIXO DA TABELA                19.40%
7451  379000706      NaN  ...   ABAIXO DA TABELA                 0.14%
7454  379000706      NaN  ...   ABAIXO DA TABELA                 0.14%

[11 rows x 17 columns]

--------------------------------------------------
  4/4 - Enviando alerta WhatsApp
--------------------------------------------------
Mensagem enviada para 120363420862939914 com 11 pedido(s) abaixo da tabela.

==================================================
  Concluído em 34s
==================================================

[25/03/2026  8:59:40,29] OK 
---------------------------------------- 
